tag,legacy_categories,legacy_releases
!_(3802549513),artist,2025
!yzbuv!l,artist,2025
'free'_(arknights),character,2025
+70491014+,artist,2025
....?,general,2025
._(user_kefv7372),artist,2025
._yao_yizhi_fa_._hao_ma,artist,2026|2026_06
.naidame,artist,2025
0.000000001_percent_derenai_shiroi_neko,copyright,2025
0001shironu,artist,2025
0099102419,artist,2025|2026|2026_06
00:07am,artist,2025|2026|2026_06
00o-o,artist,2025|2026|2026_06
00riko,artist,2025
00s1g00,artist,2025|2026|2026_06
00wldn00,artist,2025|2026
00yu,artist,2025
0105,artist,2025|2026|2026_06
0120_lot,artist,2025|2026|2026_06
01koooiocha17,artist,2026|2026_06
02_kaeru,artist,2025|2026|2026_06
02bear20,artist,2025|2026|2026_06
030miu,artist,2025
033,artist,2025
03600991,artist,2025|2026|2026_06
0404m,artist,2025
04063,artist,2025
045coconutsugar,artist,2025
0527_ice,artist,2025|2026|2026_06
0529lt,artist,2026|2026_06
05deruta,artist,2025
07112022,artist,2026
0728_necota,artist,2025
07fera,artist,2025
0806ako,artist,2025|2026|2026_06
0819piyomaru,artist,2025
0927mnmn,artist,2025
097_rin,artist,2025|2026|2026_06
0:00,artist,2025|2026|2026_06
0_(prsk_ak1),artist,2025
0_0c0ff,artist,2025
0_o_s_k,artist,2025|2026|2026_06
0a_studio,artist,2025|2026|2026_06
0chromat,artist,2025
0kaliz,artist,2025
0megasunburst,artist,2025
0o0onnk,artist,2025|2026|2026_06
0okatsurao0,artist,2025
0regano,artist,2025|2026|2026_06
0ryomamikado0,artist,2025|2026
0v0,artist,2025
0v0xxx,artist,2025
1001_nights_(ensemble_stars!),general,2025
100513myul,artist,2026|2026_06
100_(artist),artist,2025|2026|2026_06
100_percent_(vocaloid),copyright,2025
100_percent_orange_juice,copyright,2025
100mimi,artist,2025|2026
100nal1noken,artist,2025|2026|2026_06
101re,artist,2025
10207,artist,2025
1023ywys1110,artist,2025|2026|2026_06
1032mkd,artist,2025
10456to,artist,2025|2026|2026_06
1048334293,artist,2025|2026|2026_06
107569oekaki,artist,2025
108shizuku,artist,2025|2026|2026_06
1091081634,artist,2025|2026|2026_06
10_nan_31,artist,2025
10_nosukeuma,artist,2026|2026_06
10rankai,artist,2025
10shage,artist,2025|2026|2026_06
1101_nimox,artist,2025|2026|2026_06
1109285578,artist,2025
110tkmr,artist,2025
1131852442,artist,2025|2026|2026_06
1136277196,artist,2025|2026|2026_06
113lixiali95,artist,2025|2026|2026_06
11618081,artist,2025
119badgateway,artist,2025
11mtri,artist,2025|2026|2026_06
12.7cm_twin_high-angle_gun_mount,character,2025
1201629,artist,2025|2026
121natto,artist,2025
12211113,artist,2025|2026|2026_06
1227846210,artist,2025
123456789qaqaqa,artist,2025|2026|2026_06
12424_24,artist,2025
124802546,artist,2025
1248165736,artist,2025
12eeeeco,artist,2025
12mry,artist,2026|2026_06
1311422471,artist,2025
1345853,artist,2026|2026_06
1360965220,artist,2025|2026|2026_06
1361836613,artist,2025
138,artist,2025
139,artist,2025
13jl,artist,2025
13knight,artist,2025|2026|2026_06
13th_clown,artist,2025
13yuefenle,artist,2025
1408_(film),copyright,2025
1437823832,artist,2025
1557263260,artist,2025
15662430640,artist,2025
1569847238,artist,2025
156m,artist,2025
15953210290,artist,2025
15berry_fran,artist,2025
15mochi,artist,2025
15pahe,artist,2026|2026_06
1635919987,artist,2025|2026|2026_06
16nfeiyu,artist,2025
170217435,artist,2025|2026|2026_06
17118931187,artist,2025|2026|2026_06
171400,artist,2025
172634mai,artist,2025
1755328969,artist,2025
1758342863,artist,2025
1797928123,artist,2025|2026|2026_06
17_tmsk,artist,2025
181395e,artist,2026
18301639225,artist,2025
185348642,artist,2025
18_monkeys,artist,2025
18gtm,artist,2025|2026|2026_06
1917_(film),copyright,2025
1984_(artist),artist,2025
19_(kaitou19),artist,2025
19cro,artist,2025|2026|2026_06
1_dun_8_zhi_mao,artist,2025
1_kohaii,artist,2025|2026|2026_06
1_ssmk,artist,2025
1k24x4zvlcl,artist,2025
1male,general,2025
1mop1cs,artist,2025|2026|2026_06
1nwe9,artist,2025
1o231224,artist,2025|2026|2026_06
1prettyperidot,artist,2025
1woman,general,2025
2-bit,general,2025|2026|2026_06
2-gou_(watawata246),artist,2025
2000807,artist,2025
2002-222,artist,2025|2026|2026_06
200_ballons_(jojo),character,2026
200_percent_mixed_juice!,copyright,2025
200x_zoom,artist,2025
2010s_(style),general,2025
2023_7_13,artist,2025
2046547893,artist,2025
2145609137hzui,artist,2026|2026_06
217sian,artist,2025
21_jump_street_(film),copyright,2025
2284780287,artist,2025
2292923560,artist,2025
22_(291085645),artist,2025|2026|2026_06
22_(wawara22),artist,2026|2026_06
230_(taipei_city_government),character,2025|2026|2026_06
2406219391,artist,2025
2412743167,artist,2025
24x24,artist,2025|2026|2026_06
2540022058,artist,2025|2026|2026_06
25d03427899,artist,2025
266notre,artist,2025
2671311821,artist,2025
26_(tsuro),artist,2025
26_tgw,artist,2025
271,artist,2025
272727272727272727,artist,2025
277xxx,artist,2025
27asrn,artist,2026|2026_06
28,artist,2025|2026|2026_06
2833osi,artist,2025|2026|2026_06
2909831711,artist,2025
2929gigamax,artist,2025|2026|2026_06
293mof,artist,2025
2974358920,artist,2025
2_0,artist,2025|2026|2026_06
2_0_9,artist,2025
2_eanesi,artist,2025
2arlcevpxn83807,artist,2025
2booo,artist,2025
2channel_(/livejupiter/),copyright,2025|2026|2026_06
2cm_flakvierling_38,character,2025|2026|2026_06
2dforever,artist,2025
2fw16,artist,2025|2026|2026_06
2gbmmi,artist,2025|2026|2026_06
2gokghr,artist,2025|2026|2026_06
2na3ke,artist,2025|2026|2026_06
2nd_armored_divsion,general,2025|2026|2026_06
2nd_popularity_poll_(boku_no_hero_academia),general,2025|2026|2026_06
2ngaw,artist,2025
2nya_pic,artist,2025
2sirokma0930,artist,2025|2026|2026_06
2week2weak,artist,2025|2026|2026_06
2wink_(ensemble_stars!),general,2025|2026|2026_06
2yhgu4,artist,2025|2026|2026_06
30041993,artist,2025
310_(satopoppo),artist,2025|2026|2026_06
311_airy,artist,2025
315_gaji,artist,2025
319(gonggng1),artist,2025|2026
32981512,artist,2025
3310,artist,2025
333_(dqqqdle),artist,2025|2026|2026_06
335291,artist,2025|2026|2026_06
343_(sashimi),artist,2025
343_sashimi,artist,2025
343_sashimiiiii,artist,2025
343rone,artist,2025|2026|2026_06
345491r-ll,artist,2025|2026|2026_06
34am,artist,2025
35,artist,2025
35.6cm_twin_gun_mount,character,2025
361pkmn,artist,2025
364ing01,artist,2025
3678177,artist,2025
3705318,artist,2025|2026|2026_06
385az,artist,2025
392_cha,artist,2025
3_(qqo0g),artist,2025|2026|2026_06
3_4_700,artist,2025
3_tg_a,artist,2026|2026_06
3ksubak,artist,2025
3m,character,2025|2026|2026_06
3mptydays,artist,2025
3mrys,artist,2025|2026|2026_06
3ping_lovers!_ippu_nisai_no_sekai_e_youkoso,copyright,2025|2026|2026_06
3q58,artist,2025
3tnmy2,artist,2025
3tokitamago,artist,2025|2026|2026_06
3yuki,artist,2025
4-finger_heart_hands,general,2025
4-star_ladybug,character,2025
403,general,2025|2026|2026_06
4030322167,artist,2026|2026_06
404,general,2025|2026|2026_06
404_error,artist,2025|2026|2026_06
404error,artist,2025
4109shizukup,artist,2025
417_(i7-4i),artist,2025
418tiger,artist,2025|2026|2026_06
421ooouy,artist,2025|2026|2026_06
4388m,artist,2025
43_pic,artist,2025
44444444446666666,artist,2025
45_(yon_go),artist,2025
46587699512,artist,2025|2026|2026_06
467adv,artist,2025
46ki75,artist,2025
46olo,artist,2025
47_hard,artist,2025
490210n,artist,2025
4_9rt,artist,2025
4_virgin,artist,2025|2026|2026_06
4_yvj,artist,2025|2026|2026_06
4awaseyo,artist,2025
4chan_(/jp/),general,2025|2026|2026_06
4ckerly,artist,2026|2026_06
4dmei,artist,2025
4kki_key,artist,2025
4m4t0_0321,artist,2026|2026_06
4ma4ma2ma,artist,2025|2026|2026_06
4ndksk,artist,2026|2026_06
4ofo1nf43kuvxkl,artist,2025
4prilfoo,artist,2026|2026_06
4th_chaos_emerald,artist,2025|2026|2026_06
4thy,artist,2025
4zj5dskv8tyjdji,artist,2025
5-502,artist,2025
5.0.5,character,2025|2026|2026_06
5.45x39mm,general,2025
503759336,artist,2025
503_art,artist,2025
51,artist,2025
510,artist,2025
51325,artist,2026
52210mi9469,artist,2025
52601i,artist,2025|2026|2026_06
526844562879,artist,2025
52hzwhzw,artist,2025|2026|2026_06
535zip,artist,2025
53cm_hull-mount_(oxygen)_torpedoes,character,2025
53cm_submarine_bow_torpedo_mount,character,2025
54,artist,2025
545112,artist,2025
5480700937,artist,2025|2026|2026_06
5533,artist,2025|2026|2026_06
55779913,artist,2025|2026|2026_06
55tohya,artist,2025
56gomugm,artist,2025
58,artist,2025|2026|2026_06
58141408,artist,2025
5_enki,artist,2025
5_nenme_no_houkago,copyright,2025|2026|2026_06
5a7ak,artist,2025|2026|2026_06
5domenosyoziki,artist,2025|2026|2026_06
5fhlqdpjm567575,artist,2025
5lira,artist,2025|2026|2026_06
5owifrdqzmnnzcj,artist,2026
5rjgl0hk3535597,artist,2025|2026|2026_06
5ugar,artist,2025
610_lc,artist,2025
6139,artist,2025|2026|2026_06
6209398459,artist,2025|2026|2026_06
62135409_(artist),artist,2025|2026|2026_06
62s_f,artist,2026|2026_06
631,artist,2025
65907_30_4,artist,2026
664_(kage_no_jitsuryokusha_ni_naritakute!),character,2025|2026|2026_06
665_(kage_no_jitsuryokusha_ni_naritakute!),character,2025|2026|2026_06
67,general,2025
6724_only,artist,2025
6f6d6f7269,artist,2025|2026|2026_06
6mon,artist,2025
6o_(pixiv_56516134),artist,2025|2026|2026_06
6osquet,artist,2025|2026|2026_06
6th_popularity_poll_(boku_no_hero_academia),general,2025|2026|2026_06
6tsu_ko,artist,2025
70281510,artist,2025
702_96,artist,2025
709770,artist,2025
71vj1_(zkaw5728),artist,2025
720yen,artist,2025|2026|2026_06
7272usa,artist,2025
736843267,artist,2025|2026|2026_06
737_kin,artist,2025|2026|2026_06
7386591186,artist,2025
73ro,artist,2025|2026|2026_06
75ynp6icjxnlkmi,artist,2025
762807438,artist,2025|2026|2026_06
773_haco,artist,2025
777._(pixiv),artist,2025|2026|2026_06
777_746,artist,2025|2026|2026_06
777hashi,artist,2025|2026|2026_06
77_(hijiri),character,2025
7_(pixiv32205006),artist,2025
7_passes,artist,2025
7aknya,artist,2025|2026|2026_06
7bpictures,artist,2025|2026|2026_06
7fukuinu,artist,2025
7hako,artist,2025
7m,artist,2025|2026|2026_06
7n39ap,artist,2026
7om_x2,artist,2025
7qovop,artist,2025
7s-river,artist,2025
7sino,artist,2025|2026|2026_06
7th_popularity_poll_(boku_no_hero_academia),general,2025|2026|2026_06
810,artist,2025
823/natalia,artist,2025|2026|2026_06
82hi_na42,artist,2026|2026_06
83683722,artist,2025
846aji,artist,2025|2026|2026_06
846kazuya,artist,2025|2026|2026_06
8595959595,artist,2025
85b0927,artist,2025|2026|2026_06
863255464,artist,2025|2026|2026_06
87,artist,2025
876756272,artist,2025
87854424,artist,2025|2026
87kanon,artist,2025|2026|2026_06
87maru_96kichi,artist,2025|2026|2026_06
87yanagi,artist,2025|2026|2026_06
8840_510,artist,2025
8851_(user_kpkf3322),artist,2025
88_flak,general,2025|2026|2026_06
88s_pilgrimage,artist,2025
893772423,artist,2025|2026|2026_06
89ru0,artist,2025|2026|2026_06
8_mile_(film),copyright,2025
8koenji,artist,2025
8mtmo,artist,2025|2026|2026_06
8th_popularity_poll_(boku_no_hero_academia),general,2026|2026_06
90sub,artist,2025
910_(kujyoo910),artist,2025
921148730,artist,2025
92abe1,artist,2025
9302w_(user_wjpg8475),artist,2025|2026|2026_06
93575,artist,2025|2026|2026_06
940986133,artist,2025|2026|2026_06
9472,artist,2025|2026|2026_06
9696k,artist,2025|2026|2026_06
98yume,artist,2025
99999nc,artist,2026|2026_06
9999_(whrhdndb4),artist,2025
999_ducati,artist,2025|2026|2026_06
99no_rikyuu,artist,2026|2026_06
9_1_ggg,artist,2025|2026|2026_06
9am9i,artist,2025
9gamerkgk,artist,2025
9mo2339,artist,2025|2026|2026_06
9th_popularity_poll_(boku_no_hero_academia),general,2026|2026_06
9u90ng,artist,2025
9wkmortravcefec,artist,2025
:x,general,2025
;_;,general,2025|2026|2026_06
;b,general,2025|2026|2026_06
<maxiuchiha22>,artist,2025
=_hair_ornament,general,2025
=m=_(0x0_8x8),artist,2025|2026|2026_06
>o<,general,2025
>p<,general,2026|2026_06
???_(herensuge)_(assault_lily),character,2025
@itokzdwi,artist,2025
@o_ro_ro_n24,artist,2025|2026|2026_06
^,general,2025|2026|2026_06
^o^,general,2025
a'k,artist,2025
a-4q_skyhawk,general,2025
a-545,general,2025|2026|2026_06
a-bao_a_qu_the_lightless_shadow,character,2025
a-o-i,artist,2025
a-office,artist,2025
a04chr,artist,2025|2026|2026_06
a0lp,artist,2025
a10gadget,artist,2025
a123078412254,artist,2025|2026|2026_06
a1285166690,artist,2026
a142178169,artist,2025
a197nri79he10ls,artist,2025
a1ri,artist,2025
a2_(agenta2),artist,2025|2026|2026_06
a33k33a36ne,artist,2025|2026|2026_06
a479098236,artist,2025|2026|2026_06
a4s1k4,artist,2025
a6m2_zero,general,2025
a6m5_zero,general,2025
a76gma,artist,2025
a7700816,artist,2025|2026
a_aries06,artist,2025|2026|2026_06
a_court_of_thorns_and_roses,copyright,2025
a_droplet_of_a_flower_(ensemble_stars!),general,2025|2026|2026_06
a_hiru_duck,artist,2025|2026|2026_06
a_letter_from_your_biggest_fan_(synthesizer_v),copyright,2025|2026|2026_06
a_lone_prayer,artist,2025
a_maple,artist,2026|2026_06
a_matsumoto,artist,2025
a_midsummer_night's_dream_(ensemble_stars!),general,2025
a_nn_no,artist,2025
a_reclining_venus_with_a_satyr,copyright,2025
a_si_dai_lun_biaoshi_bu_zantong,artist,2026|2026_06
a_uyuki73900,artist,2025|2026|2026_06
a_weird_latina,artist,2025|2026|2026_06
a_yue_huaite,artist,2025
a_zaka,artist,2025|2026|2026_06
aa9_(jaue7242),artist,2025|2026|2026_06
aa_(aa0450851959752),artist,2025
aa_(ehhm3474),artist,2025
aa_huaju_pifa_ma_zong,artist,2025|2026|2026_06
aaa_fulixiaobangbu,artist,2025
aaaaa,artist,2025
aaaaaaaaaa_(amtd8885),artist,2025
aaadennnt,artist,2025|2026|2026_06
aaagreenbeanwholesale,artist,2026|2026_06
aaarkgkaaa,artist,2025|2026|2026_06
aaatiwatemengdepingguopifawenge,artist,2025|2026|2026_06
aabus,artist,2025|2026|2026_06
aak_(ambience_synesthesia)_(arknights),character,2025|2026|2026_06
aantapl0izzv1rh,artist,2025|2026|2026_06
aardwolf_print,general,2025
aaron_l._tucker,artist,2025
aaron_ward_(destroyer),general,2025
aarondiamandis,artist,2025
aarongodgers298,artist,2025
aas_(aasjpvm),artist,2025
aas_(pixiv_3382255),artist,2025|2026|2026_06
aatrox,character,2025|2026|2026_06
aaua,artist,2025
ab_i_ba,artist,2025
abaddon_(benghuai_xueyuan),character,2025|2026|2026_06
abajur-art,artist,2025
abataa,artist,2025|2026|2026_06
abby_(mii),character,2025|2026|2026_06
abby_(wii_sports),character,2025|2026
abcqoq2,artist,2025
abdomen_swell,general,2025|2026|2026_06
abe3_etc,artist,2025
abe_no_seimei_(ghoul_school),character,2025
abe_no_seimei_(kuon_no_kizuna),character,2025
abe_yonhyaku,artist,2025
abe_yuriko,artist,2025
abear-here,artist,2025|2026|2026_06
abehamuhamu3260,artist,2025|2026|2026_06
aberdeen_(city),general,2025
aberukain,artist,2025
abiator,artist,2025
abig33,artist,2025
abigail_(frigga),character,2025
abigail_(prison_guard)_(black_survival),character,2026|2026_06
abigail_anderson,character,2025|2026
abigail_warwick,artist,2025|2026|2026_06
abigail_williams_(emerald_float)_(fate)_(cosplay),general,2025
abigail_williams_(festival_outfit)_(fate)_(cosplay),general,2025|2026|2026_06
abigail_williams_(santa)_(fate)_(cosplay),general,2025
abigail_williams_(second_ascension)_(fate)_(cosplay),general,2025|2026|2026_06
abigail_williams_(swimsuit_foreigner)_(fate),character,2025
abigail_williams_(swimsuit_foreigner)_(fate)_(cosplay),general,2025
abigail_williams_(swimsuit_foreigner)_(first_ascension)_(fate)_(cosplay),general,2025
abigail_williams_(swimsuit_foreigner)_(third_ascension)_(fate)_(cosplay),general,2025
abigail_williams_(third_ascension)_(fate)_(cosplay),general,2025|2026|2026_06
abigail_williams_(traveling_outfit)_(fate)_(cosplay),general,2025|2026|2026_06
abigail_williams_(welcome_to_the_travelling_circus!)_(fate),character,2025
abitama,artist,2025
aborigine_(module),general,2025
above_cleavage_cutout,general,2025
abraham_lincoln,character,2025|2026|2026_06
abry_take,artist,2025
abu_dabhi_(sentai_red_ga_isekai_de_boukensha_ni_naru),character,2025|2026|2026_06
abuji,artist,2025|2026|2026_06
abukuma_(christmas_mode)_(kancolle),character,2025
abukuma_(halloween_mode)_(kancolle),character,2025
abukuma_(jmsdf),general,2025|2026|2026_06
abukuma_(round_one)_(kancolle),character,2025|2026|2026_06
abukumacl,artist,2025
aburigirafa,artist,2025
abutobozado,artist,2025|2026|2026_06
abysmalzero,artist,2025
abyss_dolly_(benghuai_xueyuan),character,2025|2026|2026_06
abyssal_moonlight_(idolmaster),general,2025|2026|2026_06
acaallodola,artist,2025|2026|2026_06
acacia,artist,2025|2026|2026_06
academic_dishonesty,general,2025
acca_howler,character,2025|2026|2026_06
acca_mha15,artist,2025|2026|2026_06
accel_(power_stone),character,2025
accel_driver,general,2025|2026|2026_06
accel_trial,character,2025
acceptabledumb1,artist,2025
acchyuu,artist,2025
accode_talker_@ignister,character,2025|2026|2026_06
ace_(powerpuff_girls),character,2025|2026|2026_06
ace_(shadowverse),character,2025
ace_combat_4,copyright,2025
ace_of_diamond,copyright,2025|2026|2026_06
ace_of_spades_tattoo,general,2025|2026|2026_06
ace_virtual_singer,copyright,2026|2026_06
aceficeart,artist,2025
acetylene-lamp,artist,2025
achat_8,artist,2025
acheri,character,2025|2026|2026_06
achilles_(grand_journey)_(fate),character,2026
achilles_(my_student_council)_(fate),character,2025
achroia_(golliasphier),artist,2025
acid114514,artist,2025|2026|2026_06
acid_head,artist,2025|2026|2026_06
aco_horn,artist,2025
acrylic_stand,general,2025
act_(xadachit),artist,2025|2026|2026_06
actiasz,artist,2025
action4472,artist,2026|2026_06
action_gamer_level_1,general,2025|2026|2026_06
action_gamer_level_2,character,2025|2026|2026_06
action_gamer_level_3,general,2025
activity_ant_(gomulgong),character,2025|2026|2026_06
acu_(camo),general,2025|2026|2026_06
acxion-vellouria,artist,2026|2026_06
acyamo,artist,2025
ad,general,2025|2026|2026_06
adam_(ensemble_stars!),general,2025|2026|2026_06
adam_tazi,artist,2025
adami_adashino,character,2025
adamusuki_(user_aahn7557),artist,2025
adashino_onihsada,artist,2025|2026|2026_06
addams_family,copyright,2025|2026|2026_06
adele,character,2025
adelimanjoo,artist,2025
adelina_(kuzukago),character,2025|2026|2026_06
adian_no_tabi,copyright,2025
adios,artist,2025|2026|2026_06
adiris,character,2025|2026|2026_06
adler_(akatsuki_blitzkampf),character,2025
administrative_official_(blue_archive),character,2025
admiral_kuznetsov,general,2025
admiral_kuznetsov_class_aircraft_carrier,general,2025
admiral_perry,character,2025|2026|2026_06
admire_vega_(auspicious_star_in_the_sky_at_daybreak)_(umamusume),character,2025|2026|2026_06
adolescent_knight_(module),general,2025
adolescent_princess_(module),general,2025
adonihs,artist,2025
adramelekh_(kyou),character,2025|2026|2026_06
adri's_boyfriend_(homunculus100),character,2025
adrian_smith_(artist),artist,2025
adrian_villeqas,artist,2025
adriana_imai,character,2025|2026|2026_06
adu_(adu_64),artist,2025
aduanduanduanduanduanduanduanduan,artist,2026|2026_06
adult_marina_(shining_nikki),general,2025
adusa,artist,2025
advance_wars_2,copyright,2025
adventzx1,artist,2025
adxrnofficial,artist,2026|2026_06
aegis_(persona),character,2025
aegis_(persona)_(cosplay),general,2025
aegis_(toaster)_(persona),character,2025|2026|2026_06
aek-999,general,2025|2026|2026_06
aen_elle,character,2025
aer007580,artist,2025|2026|2026_06
aerawen-vanhouten,artist,2025
aerith_gainsborough_(shinra_infantry),character,2025|2026|2026_06
aesc_(9th_anniversary)_(fate),character,2025
aesc_(exhibition_attire)_(fate)_(cosplay),general,2025|2026|2026_06
aesc_(rain_witch)_(fate)_(cosplay),general,2025|2026|2026_06
aesop's_fables,copyright,2025
"aesop_carl_(""blindspot"")",character,2026|2026_06
"aesop_carl_(""gatto"")",character,2025|2026|2026_06
"aesop_carl_(""greenhouse"")",character,2026|2026_06
aetas_memoria,artist,2025|2026|2026_06
af2345,artist,2025|2026|2026_06
affect3d,general,2025|2026|2026_06
afiladovno,artist,2025|2026|2026_06
afloat_leaves,general,2025|2026|2026_06
african_gold_(racehorse),character,2025
african_wild_dog_print,general,2025
afrobluescombo,artist,2025
afrodog,copyright,2025|2026
afspecterjs,artist,2025
aftamc,artist,2025
after_burner_(video_game),copyright,2025|2026|2026_06
afterall2525,artist,2025|2026|2026_06
afterclass_vn,copyright,2025|2026|2026_06
aftergardens,artist,2025
afternoir,artist,2025|2026|2026_06
afternooners,artist,2025
ag_ss41,artist,2025
agagaga,artist,2025
agarath_picero,character,2025
agaribito_snail,artist,2025
agata,character,2025|2026|2026_06
agata_oniku,artist,2025|2026|2026_06
agatha_chris_q_outfit_(touhou),general,2025|2026|2026_06
agawa_sensei_(strikeout_pitch),character,2025|2026|2026_06
age_of_discoveries,general,2025|2026|2026_06
age_of_empires,copyright,2025
age_play,general,2026|2026_06
ageage_again_(module),general,2025
ageha_(kysizzle),character,2025|2026|2026_06
agentmidnight_(artist),artist,2025
aggie.io_(medium),meta,2025|2026|2026_06
agito_(ground_form),character,2025
agito_(storm_form),character,2025
agito_(sword_form),character,2025
agito_(trinity_form),character,2025
agito_rider_watch,general,2025
agnes_(benghuai_xueyuan),character,2025|2026|2026_06
agnes_digital_(super_express!_full_color_special)_(umamusume),character,2026|2026_06
agott_(tongari_boushi_no_atelier),character,2025|2026|2026_06
agria_(tales)_(waitress),character,2026|2026_06
agudo_(wangzhe_rongyao),character,2025|2026|2026_06
agulo,artist,2025
aguri_(aguri0406-aoi),artist,2025
aguruma_p,artist,2026|2026_06
agwing86,artist,2025
ah-1e_ecas,general,2025
ah-1g_hueycobra,general,2025
ah-bao,artist,2025|2026
ah-chan,artist,2025|2026|2026_06
ahato_(user_rtrp2447),artist,2025
ahe_ll99,artist,2025|2026|2026_06
ahegaokin,general,2025|2026|2026_06
ahemaru,general,2026
ahgaudjwtl0nogt,artist,2025
ahi_ahmdyn,artist,2025|2026
ahirudakku,artist,2025
ahmad_fuad_ahiari,artist,2025
ahri_(league_of_legends),character,2025|2026|2026_06
ahri_(league_of_legends)_(cosplay),general,2025|2026|2026_06
ahrrr,artist,2025
ahto_721,artist,2025
ai-chan_(dokidoki!_precure),character,2025|2026|2026_06
ai-chan_(dokidoki!_precure)_(cosplay),general,2025|2026
ai.yasu,artist,2025|2026|2026_06
aiai4187mukadetoto,artist,2025
aiba_uiha_(4th_costume),character,2025|2026|2026_06
aibo_(robot),character,2025
aidan_core,artist,2025|2026|2026_06
aihara_motoko,character,2025|2026|2026_06
aihara_yuuki_(go!_princess_precure),character,2025|2026|2026_06
aiharu_02,artist,2026|2026_06
aijou_karen,character,2025|2026|2026_06
aijou_karen_(cosplay),general,2025|2026|2026_06
aikatoanon,artist,2025
aiko_(phantom_ix_row),character,2025|2026|2026_06
ailailala,artist,2025|2026|2026_06
ailiaote4034,artist,2026|2026_06
aim-174,general,2025|2026|2026_06
aimai_sheena,artist,2025|2026|2026_06
aimermermer,artist,2025|2026|2026_06
aimi_(iroiro3785),artist,2025
aimi_(sky-freedom),character,2025|2026|2026_06
aimoyudesch,artist,2025
aina_(cache_cache),artist,2025|2026|2026_06
ainshert,artist,2025
aio_(aki56),artist,2025
air_glen,artist,2025
air_rocket,artist,2025|2026|2026_06
air_temple_(avatar),general,2025
air_vent,general,2025
air_writing,general,2025
airan_alp,artist,2025
airani_iofifteen_(7th_costume),character,2025
airborne,general,2025
airbus_a350xwb,artist,2025|2026|2026_06
airen_(isekai_chouji_sensou),character,2025
airi_(robotics;notes),character,2025
airi_jinguji,character,2025
airiillus_(rypj8525),artist,2025
airily_steps,artist,2026
airloopy,artist,2025
airuko,artist,2025
airuko_(justduet),artist,2025|2026|2026_06
aisai_x_koukan_ninkatsu_swapping_haramigoro_no_tsuma-tachi_wa_kodane_o_motome_nikuyoku_no_hana_o_sakaseru,copyright,2025
aishen_qiaokeli_jinxingshi,copyright,2025
aishujiang,artist,2025
aistotlesfw,artist,2025
aisuruhoshi,artist,2025
aitsyuhkti2,artist,2025|2026|2026_06
aiu_.,artist,2025|2026|2026_06
aixixixixi,artist,2025|2026|2026_06
aixyu,artist,2025
aiyingyingyingying,artist,2025|2026|2026_06
aizawa_mira,artist,2025
aizawahiroshi,artist,2025|2026|2026_06
aizhimi,artist,2025|2026|2026_06
aja,artist,2025
ajamariesart,artist,2025
ajawa,general,2026|2026_06
ajft52o4jw30403,artist,2025|2026|2026_06
aji_(aziazi),artist,2025
aji_1332,artist,2025
aji_chika,artist,2025
ajino_g10a,artist,2025
ajisaien3260,artist,2025
ajroanoke,artist,2025
ajw0823,artist,2025
ak1002s,artist,2025
ak4ired,artist,2025
ak4menosub,artist,2025|2026|2026_06
aka01,artist,2025
aka_hassy,artist,2025
aka_no_sekai_(video_game),copyright,2025|2026|2026_06
aka_syouga,artist,2025|2026|2026_06
akaban1116,artist,2025
akaboshipkmn,artist,2025
akadoujin,artist,2025
akagami70,artist,2025
akagi_(user_khgu7328),artist,2025
akagi_aya,character,2025|2026|2026_06
akagi_daimyoujin,artist,2025
akahi242,artist,2025
akahoc,artist,2025
akai_3_1415926,artist,2025
akai_acuo,artist,2025
akai_haato_(7th_costume),character,2025
akai_haato_(9th_costume),character,2025|2026|2026_06
akai_haato_(casual),character,2025
akaihosy,artist,2025|2026|2026_06
akaioringo2023,artist,2025
akak7th,artist,2025
akalee,artist,2025|2026|2026_06
akali,character,2025|2026|2026_06
akali_(cosplay),general,2025|2026|2026_06
akamomosiro,artist,2025
akamu1119,artist,2025|2026|2026_06
akan_obi,artist,2025
akanbe_(smile_precure!),character,2025|2026|2026_06
akane_(@true_both),artist,2025
akane_(akaneoekaki0928),artist,2025
akane_(sky-freedom),character,2025|2026|2026_06
akanegakubo_ryoutarou,character,2026|2026_06
akaneko445,artist,2025
akanemachiyama,artist,2025
akaneoekaki,artist,2025
akano_poketoon,artist,2025|2026|2026_06
akano_ruyu,artist,2025
akari_(strictlyskeb),character,2025
akashi_(alter)_(live_a_hero),character,2025|2026|2026_06
akashi_(christmas_mode)_(kancolle),character,2025
akashi_(haregi_mode)_(kancolle),character,2025
akashi_(swimsuit_mode)_(kancolle),character,2025
akashi_(yukata_mode)_(kancolle),character,2025
akat47u,character,2025|2026|2026_06
akatsuki_(akatsuki_blitzkampf),character,2025
akatsuki_(akatsuki_blitzkampf)_(cosplay),general,2025
akatsuki_(christmas_mode)_(kancolle),character,2025
akaza_(piapro),artist,2025
akd,artist,2025
akebono_(10th_anniversary/lawson)_(kancolle),character,2025
akebono_(autumn_mode)_(kancolle),character,2025
akebono_(christmas_mode)_(kancolle),character,2025
akebono_(ijn_destroyer),general,2025|2026|2026_06
akebono_(jmsdf),general,2025|2026
akebono_(kure)_(kancolle),character,2026|2026_06
akebono_(new_year_mode)_(kancolle),character,2025
akebono_(race_queen_mode)_(kancolle),character,2025
akebono_(round_one)_(kancolle),character,2025|2026|2026_06
akebono_(swimsuit_mode)_(kancolle),character,2025
akebono_kai_(christmas_mode)_(kancolle),character,2025
akebono_kai_ni_(christmas_mode)_(kancolle),character,2025
akebono_kai_ni_(new_year_mode)_(kancolle),character,2025
akebono_kai_ni_(swimsuit_mode)_(kancolle),character,2025
akechi_gorou,character,2025|2026|2026_06
akechi_gorou_(cosplay),general,2025|2026|2026_06
akechi_mitsuhide,character,2025|2026|2026_06
aki-san_(akihiro),artist,2025
aki_(381026),artist,2025|2026|2026_06
aki_(_me_tto),artist,2025|2026|2026_06
aki_(a2006p1074),artist,2025
aki_(double_melon),artist,2025
aki_(pixiv_87336387),artist,2025
aki_(vtuber),character,2025
aki_1x0,artist,2025|2026|2026_06
aki_hitsuji,artist,2025
aki_lewdss,artist,2025
aki_ng,artist,2025
aki_uchiyama,artist,2025
aki_xdd,artist,2025|2026|2026_06
akiba_touru,artist,2025
akibe_(ghoul_school),character,2025
akifumi_onigiri,artist,2025
akifumi_orizawa,artist,2025
akigumo_(comiket_mode)_(kancolle),character,2025
akigumo_(new_year_mode)_(kancolle),character,2025
akigumo_kai_ni_(comiket_mode)_(kancolle),character,2025
akigumo_kai_ni_(new_year_mode)_(kancolle),character,2025
akigumo_kai_ni_(race_queen_mode)_(kancolle),character,2025
akiha_rumiho_(chat_noir),character,2026|2026_06
akihide_muraki,artist,2025
akihito9696,artist,2025
akikan_sabago,artist,2025
akimine_kamijyo,artist,2025
akimoto39,artist,2026|2026_06
akimoto_(user_hrmf3848),artist,2025
akimoto_akio,artist,2025|2026|2026_06
akina_(cspsmac31126),artist,2025|2026|2026_06
akinatsu,artist,2025
akio_(artist),artist,2025
akio_(mememe),artist,2025
akio_(miyoushe_263049954),artist,2025
akio_1963,artist,2025
akio_takami,artist,2025
akioppo,artist,2025
akira_(damedame_ol),artist,2025
akira_(eienmokushiroku),artist,2025
akira_(mii),character,2025|2026|2026_06
akira_(mr_akira),artist,2025
akira_(sayo_dayoo),artist,2025|2026|2026_06
akira_(youkai_kurabu),character,2026
akira_oda,character,2025|2026|2026_06
akira_toya,character,2025|2026|2026_06
akira_yuki,character,2025|2026|2026_06
akirahong_1130,artist,2025|2026|2026_06
akiru_(hokuouhuuhu),artist,2025
akiseiyokito_214,artist,2025|2026|2026_06
akishimo_(haregi_mode)_(kancolle),character,2025
akishio_(jmsdf),general,2025|2026|2026_06
akisora_teno,character,2025
akitsuki_sho,character,2025
akitsuki_tsukasa,artist,2025
akitsushima_(haregi_mode)_(kancolle),character,2025
akitsushima_(swimsuit_mode)_(kancolle),character,2025
akiya_ls,artist,2025|2026
akizawa_tenma,artist,2025|2026|2026_06
akizuki_(17769498),artist,2025
akizuki_(jmsdf),general,2025|2026|2026_06
akizuki_(swimsuit_mode)_(kancolle),character,2025
akizuki_(yukata_mode)_(kancolle),character,2025
akkoia,artist,2025
akmizuk,artist,2025|2026|2026_06
ako_(jube),artist,2025|2026|2026_06
akshan_(league_of_legends),character,2025|2026|2026_06
akt,artist,2025|2026|2026_06
aku-yome,character,2025
aku_(nicoseiga_493005),artist,2025|2026|2026_06
akua,artist,2025|2026|2026_06
akuarima,artist,2025
akubi-chan,character,2025
akubi_(akubi1993),artist,2025
akubimtcat,artist,2025
akuma_nihmune_(2nd_costume),character,2025
akuma_nihmune_(3rd_costume),character,2025
akuma_no_medama,character,2025|2026|2026_06
akuma_shinkan,character,2025
akushii_(shinrabanshou),character,2025|2026|2026_06
akuta_hinako_(grail_league),character,2025
akutamaru_(fzef3837),artist,2026|2026_06
al.p,artist,2025
al13,artist,2025|2026|2026_06
ala1588,artist,2025
aladdin_(character),character,2025
aladdin_(character)_(cosplay),general,2025
aladdin_(disney)_(theatre),copyright,2025
alalen_nelala,artist,2026|2026_06
alarm_clock_king,character,2025
alarming-pause9894,artist,2026|2026_06
alarune_(megami_tensei),character,2025|2026
alaya0130,artist,2025|2026|2026_06
alaya_(benghuai_xueyuan),character,2025|2026|2026_06
alayna_lemmer,artist,2025
albacore_(airplane),general,2025
alber_kkk,artist,2025
albert_(lupin_iii),character,2025|2026|2026_06
albert_company,artist,2025
albina,character,2025|2026|2026_06
albinoalli,artist,2025|2026|2026_06
albis_(tensei_shitara_slime_datta_ken),character,2025
alcali,artist,2025
alces_alchemy_atelier,general,2025
alchegill_(kouyoku_senki_exs-tia),character,2025
alchemist_academy_uniform,general,2025
alcot,artist,2025
aldea_(zero-sum),character,2025|2026|2026_06
aldekun,artist,2025
aldimaulana661,artist,2025
ale,artist,2025
alear_(awoken_divinity)_(fire_emblem),character,2025
alear_(engaging_fire)_(fire_emblem),character,2025
alear_(fell_dragon)_(fire_emblem),character,2025
alear_(female)_(divine_attire)_(fire_emblem),character,2025
alear_(female)_(fire_emblem),character,2025
alear_(female)_(fire_emblem)_(cosplay),general,2025
alear_(female)_(gifted_dragons)_(fire_emblem),character,2025
alear_(female)_(seaside_dragon)_(fire_emblem),character,2025
alear_(fire_emblem),character,2025|2026|2026_06
alear_(male)_(fire_emblem),character,2025
alear_(male)_(fire_emblem)_(cosplay),general,2025
alear_(male)_(gifted_dragons)_(fire_emblem),character,2025
alecto,character,2025
alekirser,character,2026|2026_06
aleksandra_jedrasik,artist,2025
aleksi_briklot,artist,2025
alencia_jonah_elborg,character,2025
alenda,artist,2025
alenka,artist,2025
alentian,artist,2025|2026|2026_06
alex_(inquisitormaster),character,2025
alex_(koshika_rina),character,2025|2026|2026_06
alex_(street_fighter),character,2025|2026|2026_06
alex_(street_fighter)_(cosplay),general,2025|2026|2026_06
alex_(totally_spies),character,2025|2026|2026_06
alex_(totally_spies)_(cosplay),general,2025|2026|2026_06
alex_mendez,artist,2025
alexa_(barbie),character,2025
alexa_lindh,artist,2025
alexa_pasztor,artist,2025
alexander_(chaldea_beach_volleyball)_(fate)_(cosplay),general,2025
alexander_(fgo_x_takarazuka_kinen)_(fate),character,2026|2026_06
alexander_(welcome_diner)_(fate)_(cosplay),general,2025
alexandra_(wolfiisaur),artist,2025
alexandra_cvetkova,artist,2025
alexandraflordicharlotte,artist,2025
alexandre_bewcock,character,2025
alexielart,artist,2025
alexis_(andava),character,2025|2026|2026_06
alexis_roth,character,2025|2026|2026_06
alexkota1115,artist,2025
alfa_taurai_at01,general,2025
alfondra1830794228,artist,2025|2026|2026_06
algerian_(font),general,2025
algozhell,artist,2025|2026
alibaba_(da_li_si_rizhi),character,2025|2026|2026_06
alibaba_(shinsei)_(grimms_notes),character,2025
alibina_(marfusha),character,2025
alice(makai_gacha),character,2025
alice11145032,artist,2025
alice_(akashic_chronicle),character,2025|2026|2026_06
alice_(guyj2272),artist,2025|2026|2026_06
alice_de_ste_croix,artist,2025
alice_in_wonderland,copyright,2025
alice_in_wonderland_(2010_film),copyright,2025
alice_meichi_li,artist,2025
alicedollvt,character,2026|2026_06
alicia_(clair_obscur:_expedition_33),character,2026|2026_06
alicia_(goetia_shock),character,2025
alicia_(villgust),character,2025|2026|2026_06
alicia_toredosu,character,2025|2026
alicks_(pixiv_19241330),artist,2025|2026|2026_06
aliet,character,2025
alikred,character,2025
alililili538,artist,2025|2026|2026_06
alina_gray_(hospitalized_costume),character,2025
alinaartorius,artist,2025
aline_(clair_obscur:_expedition_33),character,2026|2026_06
alinna_yun,artist,2025
alioth,character,2025
alisa:_echo_(swimsuit)_(pgr),character,2026|2026_06
alison_(alisonsun01),artist,2025
alistar_(league_of_legends),character,2025|2026|2026_06
aliverura,artist,2025
alka,artist,2025
all_along_the_watchtower_(stand),character,2025|2026|2026_06
all_hail_megatron,copyright,2025|2026|2026_06
all_i_got_was_this_lousy_shirt_(meme),general,2025
all_might's_mother,character,2025|2026|2026_06
all_that_jazz_(film),copyright,2025
allan_poe,character,2025
alleycat_zzz,artist,2025|2026|2026_06
allieali,artist,2025|2026|2026_06
allis-well,artist,2025|2026|2026_06
allison0084,artist,2025|2026|2026_06
allison_&_lillia,copyright,2025
allo_selene_(idolmaster),general,2025|2026|2026_06
allssi_study,artist,2026|2026_06
allureping,character,2025|2026|2026_06
allways_kyomu,artist,2025|2026|2026_06
ally_(artist),artist,2025
ally_(kinomoto_sakura)_(puyopuyo),character,2025|2026|2026_06
alma01,artist,2025|2026|2026_06
alma_(alma-chan),character,2025
alma_(ponymoe),character,2025
almahaken,artist,2025
almightynabeshin,artist,2025
almond_eyes,general,2025
almostdeadbydawn,artist,2025
almusshh,artist,2025
alnico_ism,artist,2025
alocer_schneider,character,2025
alohapz,artist,2025|2026|2026_06
alolan_ninetales_(holiday),character,2025
alone_(user_pafj5434),artist,2025
alopias,artist,2025|2026|2026_06
alostcable,artist,2025
alp_sketch,artist,2025
alpa,artist,2025
alpaca_no_otouto,artist,2025|2026|2026_06
alpha_(alpha1918),character,2025
alpha_(kage_no_jitsuryokusha_ni_naritakute!),character,2025|2026|2026_06
alpha_(kage_no_jitsuryokusha_ni_naritakute!)_(cosplay),general,2025|2026|2026_06
alpha_1918,copyright,2025
alpha_poke,artist,2025|2026|2026_06
alphaart,artist,2025|2026|2026_06
alphaiswaifu,artist,2025|2026|2026_06
alphapossum,artist,2025|2026|2026_06
alps_(alps_to_kiken_na_mori),character,2025|2026|2026_06
alps_(crosscore),character,2025|2026|2026_06
alpsgirl,artist,2025
altera_(lostroom_outfit)_(fate)_(cosplay),general,2025
alternate_ass_size,general,2025|2026|2026_06
alternate_bangs,general,2025
alternate_class,general,2025|2026|2026_06
alternate_color_hat,general,2025|2026|2026_06
alternate_ear_size,general,2025|2026|2026_06
alternate_flag_color,general,2025
alternate_hat_color,general,2025|2026|2026_06
alternate_headwear_color,general,2025|2026|2026_06
alternate_muscle_size,general,2025|2026|2026_06
alternate_penis_size,general,2025|2026|2026_06
alternate_tail_size,general,2025|2026|2026_06
alternate_version_available,meta,2026
alternate_water_color,general,2025
alternative_comics,artist,2025
altmmmmmmm,artist,2025|2026|2026_06
alto_(ezstrongs),artist,2025|2026|2026_06
alto_(osahune411),artist,2025|2026|2026_06
altoh,artist,2025
alu_illust,artist,2025
alune_(league_of_legends),character,2025|2026|2026_06
alurisnow,artist,2025|2026|2026_06
alva_(dark_souls),character,2025
alvein23_(artist),artist,2025|2026|2026_06
alvinella,character,2025
am_dr,artist,2025
amado_(naruto),character,2025|2026|2026_06
amaga_sakuramaru,artist,2025|2026|2026_06
amagase_muyu_(2nd_costume),character,2025|2026|2026_06
amagi_(cv)_(azur_lane)_(cosplay),general,2025
amagi_(haregi_mode)_(kancolle),character,2025
amagi_(volfuji),artist,2025|2026|2026_06
amagi_hiiro_(colorful_fairytail),character,2025|2026|2026_06
amagiri_(tsuyu_mode)_(kancolle),character,2025
amai_hiyo_(sister),character,2025
amaiamai_sc,artist,2025
amaka,artist,2025
amakage_yuuri,character,2025
amakoushiranui,artist,2025
amalia_(claralaine),character,2025
amamin,artist,2025|2026|2026_06
amamiya_(abaros),artist,2025|2026|2026_06
amamiya_aoi,character,2025|2026|2026_06
amamiya_aoi_(strawberry),character,2025|2026|2026_06
amamiya_art,artist,2025|2026|2026_06
amamiya_haruka_(suisei_tenshi_primaveil_zwei),character,2025|2026|2026_06
amamiya_kotone_(brave_beats),general,2025
amamiya_satsuki,character,2025|2026|2026_06
amamoyou53,artist,2025
amanattou_shigure,artist,2025|2026|2026_06
amanda_duarte,artist,2025
amane_(rakugakiou),artist,2025|2026|2026_06
amane_(sunsirou),character,2025|2026|2026_06
amane_624517,artist,2025|2026|2026_06
amane_kanata_(punk_rock),character,2025
amane_momo,artist,2025
amane_sou,artist,2025
amane_suzuha_(chat_noir),character,2026|2026_06
amane_tou_(gil_(gil_261)),character,2025
amang_ameng,artist,2025|2026|2026_06
amano_nene_(vtuber)_(1st_costume),character,2025|2026|2026_06
amano_nene_(vtuber)_(casual),character,2025|2026|2026_06
amano_nene_(vtuber)_(goddess),character,2025|2026|2026_06
amano_nene_(vtuber)_(heavenly_escape),character,2025|2026|2026_06
amano_nene_(vtuber)_(idol),character,2025|2026|2026_06
amano_nene_(vtuber)_(jirai_kei),character,2025|2026|2026_06
amano_nene_(vtuber)_(nun),character,2025|2026|2026_06
amano_nene_(vtuber)_(pajama),character,2025|2026|2026_06
amano_nene_(vtuber)_(shrine_maiden),character,2025|2026|2026_06
amano_nene_(vtuber)_(tenshi),character,2026|2026_06
amanogawa_ena,character,2025|2026|2026_06
amanogawa_shiina_(2nd_costume),character,2025|2026|2026_06
amanohana,artist,2025
amanoja_9,artist,2025
amanojaku_(youkai),general,2025|2026|2026_06
amaragasaurus,general,2025
amaranth_(pokemon),character,2025
amarinihuku,artist,2025
amaru_minotake,artist,2025
amatari_sukuzakki,artist,2025
amaterasu_(artist),artist,2025|2026|2026_06
amaterasumikami,artist,2025
amatlas,artist,2025
amatou_atelier,artist,2025
amatsu_rai,artist,2025|2026|2026_06
amatsukaze_(jmsdf),general,2025|2026
amatsukaze_(swimsuit_mode)_(kancolle),character,2025
amatume111,artist,2025
amaurymangaka,artist,2025|2026
amawo_miyuki,artist,2025
amazake0106k,artist,2025|2026|2026_06
amazake_horida,artist,2025|2026
amazing-cookie,artist,2025
amazing_red_warrior,character,2025
amazingeurus,artist,2025|2026|2026_06
amber_(area52d),character,2025|2026
ambessa_(league_of_legends),character,2026|2026_06
ambessa_medarda,character,2025
ambiguous_blue_liquid,general,2025|2026|2026_06
ambiguous_green_liquid,general,2025|2026|2026_06
ambiguous_pink_liquid,general,2025|2026|2026_06
ambiguous_yellow_liquid,general,2025|2026|2026_06
amck-ism,artist,2026|2026_06
ame-on,artist,2025
ame_(module),general,2025
ameagari,artist,2025
ameamefurefuref,artist,2026|2026_06
ameashi_nikki,artist,2025
ameda_manbo,artist,2025|2026|2026_06
amedama_mizuki,artist,2025
amego,artist,2025|2026|2026_06
amehatohonya,artist,2025
amekko,artist,2026|2026_06
amekojam,artist,2025
amelia_(font),general,2025
amemiya_nazuna_(2nd_costume),character,2025
amemokuri,artist,2025
amen_(sentai_red_ga_isekai_de_boukensha_ni_naru),character,2026|2026_06
amenboaoina,artist,2025|2026|2026_06
amenonoco,artist,2025|2026|2026_06
american_flag_panties,general,2025|2026|2026_06
american_football,general,2025|2026|2026_06
americana_(module),general,2025
amerika_juu_pan,artist,2025|2026|2026_06
ames_(font),general,2025
amethio's_mother_(pokemon),character,2025|2026|2026_06
ami_kiriwo,character,2025
amiba,character,2025|2026|2026_06
amico33011,artist,2025|2026|2026_06
amikaasan,artist,2025
amin_(hdwe2747),artist,2025
aminetko,artist,2025
aming_(sfjt2235),artist,2025|2026|2026_06
amino_hpa,artist,2025
amir_(enkidu),character,2025
amitie_(kinomoto_sakura)_(puyopuyo),character,2025|2026|2026_06
amiya_(act_2)_(arknights),character,2025
amiya_(ambience_synesthesia_2024)_(arknights),character,2025
amiya_(planter)_(arknights),character,2025
amiya_(swimsuit)_(arknights),character,2025
amizawa_mayu,character,2025
amn_rn,artist,2025
amo_(gachiakuta),character,2025
amoironron,artist,2025
amondo,artist,2025
amori_altfic,artist,2025
amorous416,artist,2026|2026_06
amou_0220,artist,2025
amour_(module),general,2025
amoya,artist,2025
amulai,artist,2025|2026|2026_06
amumu,character,2025|2026|2026_06
amun_(sentai_red_ga_isekai_de_boukensha_ni_naru),character,2025
amura_(alv4febrian),character,2026|2026_06
amurokku_utsubo,artist,2025|2026|2026_06
amuy,artist,2025
amuzaki_romu,artist,2025|2026|2026_06
amx-30,general,2025
amy_(berl_to_okashi_no_ie),character,2025
amy_rose_(kimono),character,2025|2026|2026_06
amyoy,artist,2025
an1ftt,artist,2025|2026|2026_06
an_(user_kchz4854),artist,2025|2026|2026_06
an_angel's_message,copyright,2025
an_gaman32,artist,2025
anaaki_ruu,artist,2025
anacondy_(yes!_precure_5),character,2025|2026|2026_06
anal_secretion,general,2025
anamelekh_(kyou),character,2025|2026|2026_06
anamnesisarts,artist,2025
anankos,character,2025|2026|2026_06
anastasia_(swimsuit_archer)_(fate),character,2025
anastasia_(swimsuit_archer)_(fate)_(cosplay),general,2025
anauchihad,artist,2025
anaxa's_sister_(honkai:_star_rail),character,2026|2026_06
anaxagoras,character,2025|2026|2026_06
ancient_(developer),general,2025
ancient_indian_clothes,general,2025|2026|2026_06
ancpaghetti_130,artist,2025
and_narcolepsy,artist,2025
anda_(pennyroyal_tea),artist,2025|2026|2026_06
andceteras,artist,2026|2026_06
andersen,character,2025
andes_(crosscore),character,2026|2026_06
andon_(lighting),general,2025
andorey_(fire_emblem),character,2025|2026|2026_06
andoryu,artist,2025|2026|2026_06
andoryuanzuru,artist,2025
andou_inari_official,copyright,2025
andou_ringo_(cure_white),character,2025|2026|2026_06
andou_ringo_(kinamoto_sakura),character,2025
andou_ringo_(kinomoto_sakura),character,2026|2026_06
andou_satoshi,artist,2025
andou_tazusa,character,2025
andou_tazusa_(cosplay),general,2025
andre_bayas,artist,2025
andre_zlotareed_(arknights),character,2025|2026|2026_06
andrea_(soul_hackers_2),character,2025
andrea_botiller,artist,2025
andreas_rize,character,2025
andrew_(brown_dust_2),character,2025|2026|2026_06
android_girl_#2_(itou),character,2025
android_girl_(itou),character,2025
andros_(power_rangers),character,2025
andrslmu,artist,2026|2026_06
andydraws,artist,2025
andyparkart,artist,2025
aneimo_neo_+_second_sister,copyright,2025|2026|2026_06
anemoneko8,artist,2025
anett_(honey_trap_share_house),character,2025
anette,character,2025|2026|2026_06
ang55523671,artist,2025|2026|2026_06
ange_katrina_(2nd_costume),character,2025|2026|2026_06
ange_katrina_(3rd_costume),character,2025|2026|2026_06
ange_katrina_(4th_costume),character,2025|2026|2026_06
ange_katrina_(5th_costume),character,2025|2026|2026_06
ange_katrina_(6th_costume),character,2025|2026|2026_06
ange_katrina_(7th_costume),character,2025|2026|2026_06
angeechan,artist,2025
angel's_clover,artist,2025|2026|2026_06
angel's_trumpet,general,2025|2026|2026_06
angel_(mf),character,2025
angel_(module),general,2025|2026|2026_06
angel_1776,artist,2025|2026
angel_moonlight's_art,artist,2025
angel_stadium_of_anaheim,general,2025|2026|2026_06
angela_(doodlepoodle),character,2026|2026_06
angela_(megami_paradise),character,2025|2026|2026_06
angelc8x,artist,2025|2026|2026_06
angelica_(kuzukago),character,2025|2026|2026_06
angelina_(ambience_synesthesia)_(arknights),character,2025
angelina_(endfield)_(arknights),character,2025
angeline,character,2025|2026|2026_06
angeslam,artist,2025
angewomon_x,character,2025|2026|2026_06
anghorkheng,artist,2025
angkooart,artist,2025|2026|2026_06
anglobunglo69,artist,2025
angolmois,character,2025
angora,artist,2025
angrboda,character,2025
angry_fufu,character,2026|2026_06
angshung,artist,2025
angular_nun_(diva),character,2025
angvall,character,2025
anhara,artist,2025
anhel_(log_dog),character,2025|2026|2026_06
anianianimamama,artist,2025|2026|2026_06
anidler91,artist,2025|2026|2026_06
anies_kouhai,artist,2025|2026|2026_06
anifei,artist,2025
aniki-chan,character,2025|2026|2026_06
animal_balloon,general,2025|2026|2026_06
animal_ear_innertube,general,2026|2026_06
animal_ears_helmet,general,2025|2026|2026_06
animal_house,general,2025
animal_pose,general,2025
animal_with_heterochromia,general,2025
animal_with_human_head,general,2025
animaliz,general,2026|2026_06
anime_ace_(font),general,2025
anime_news_nina,copyright,2025|2026
animeandcartoonfan,artist,2025
anipoke_pr,artist,2025
anira_(benghuai_xueyuan),character,2025|2026|2026_06
anistarrae,artist,2025
anita,artist,2025|2026
anita_(marfusha),character,2025
anivia,character,2025|2026|2026_06
anivia_(cosplay),general,2025|2026|2026_06
anjinanhut,artist,2025
ankl,general,2025|2026|2026_06
ankle_feathers,general,2025|2026|2026_06
ankle_rope,general,2025|2026|2026_06
anko_(anko1014),artist,2025
anko_studios,artist,2025
ankoankoazuki,artist,2025|2026|2026_06
anky_illus,artist,2025|2026
ann_the_sheep,character,2025
anna-sensei,character,2025
anna_(persephone),character,2025
anna_(uchi_no_hime-sama_ga_ichiban_kawaii),character,2025
anna_dole,character,2025
anna_hutchings,artist,2025
anna_hylitte,character,2025
anna_rampelt,artist,2025
annatar,character,2025
anne_bonny_(swimsuit_archer)_(fate),character,2025
annerose_(okiraku_reijowa_konyaku_haki_ni_hokosuemo),character,2025
annette_fantine_dominic_(winter)_(cosplay),general,2025
annette_renard,character,2025|2026|2026_06
annie_(batman),character,2025|2026|2026_06
annie_(league_of_legends),character,2025|2026|2026_06
annie_(league_of_legends)_(cosplay),general,2026|2026_06
annika_(ponymoe),character,2025
anniversary_connection,general,2025
annon35711324,artist,2025
annon_(nicoseiga24854531),artist,2025
anode_electronica_(module),general,2025
anokazue,artist,2025
anononii,artist,2025
anonymous_trainer_(6543_plz),character,2025
anorak_(rpo),character,2025
anorson,artist,2025|2026|2026_06
anosumi_(ggpg),artist,2025
anre_(anrepoi),artist,2025
anrietta_(benghuai_xueyuan),character,2025|2026|2026_06
ansanajae,artist,2025
ansauce,artist,2025
ansel_(anaid),character,2025|2026
ansenro,artist,2025|2026|2026_06
answer_(reverserblue),character,2025|2026|2026_06
antatika,artist,2025|2026|2026_06
antchan,general,2025
anthea_meow,artist,2025
anthem_(crosscore),character,2026|2026_06
anthnee,artist,2025|2026|2026_06
anthonio_amaury_(amaury2502),artist,2025|2026
anthule_eris_(shadowverse),character,2025
anti-aqua,character,2025|2026|2026_06
anti-torpedo_bulge_(kancolle),character,2025
antibiotic_gel,general,2025
antisquare,artist,2025|2026|2026_06
antlers_through_headwear,general,2025
antlers_through_hood,general,2025|2026|2026_06
antonio_salieri_(fgo_fes._2022),character,2025
antonio_salieri_(fgo_x_lawson_2018)_(fate),character,2026|2026_06
antonio_salieri_(first_ascension)_(fate)_(cosplay),general,2025|2026|2026_06
antonio_salieri_(second_ascension)_(fate)_(cosplay),general,2025|2026|2026_06
antorakuto_(pixiv_1630484),artist,2025|2026|2026_06
antsat0,artist,2025
antwrestler,general,2025|2026|2026_06
anu_(gomulgong),character,2026|2026_06
anubis_(crosscore),character,2026|2026_06
anulioa,artist,2025|2026|2026_06
anx87400528,artist,2025
anxhd123,artist,2025|2026|2026_06
anya_melfissa_(casual),character,2025
anyaaa66,artist,2026|2026_06
anyaq,artist,2025|2026|2026_06
anyo_lite,artist,2026|2026_06
anythingbecomemoe,artist,2025|2026
ao_(rkdy_yd),artist,2025|2026|2026_06
ao_digidiva359,artist,2026|2026_06
aoao1116,artist,2025
aocom,artist,2025
aofusama,artist,2025
aohane_cha,artist,2025
aohr/atk,artist,2025
aoi(littlemisstina),character,2025|2026|2026_06
aoi-r,artist,2025|2026|2026_06
aoi2,artist,2025
aoi_hazuki_(onna_tomodachi),character,2025
aoi_horus_no_mitomi,copyright,2026
aoi_kaguragi,character,2025
aoi_koume,artist,2025
aoi_moe,artist,2025
aoi_sakaduki,artist,2025|2026|2026_06
aoi_souji,artist,2025
aoi_suzune,artist,2025
aoi_uraba,character,2025
aoiharuna1109,artist,2025
aoimori_railway,character,2025|2026
aoioekaki02,artist,2026|2026_06
aoiro_050,artist,2025
aoisabu,artist,2025
aoitenziku,artist,2025|2026|2026_06
aoitsuki_satsuki,artist,2025
aoizuri,artist,2025|2026|2026_06
aoki_nanase,artist,2025
aokimaho,artist,2025
aoko_72,artist,2025|2026|2026_06
aokurage,artist,2025
aomi_kanon,character,2025
aomi_maika,character,2025
aomi_rizu,character,2025
aomiya_mizuno,character,2025|2026|2026_06
aonagi_nobu,artist,2025
aoneko515,artist,2025|2026|2026_06
aoni_koke,artist,2025|2026|2026_06
aono_rokugou,artist,2025
aor1_(camo),general,2025|2026|2026_06
aor2_(camo),general,2025|2026|2026_06
aoraki_(racehorse),character,2025
aoshima_takashi,artist,2025
aosiro_n,artist,2025
aosk26,artist,2025
aosuki88,artist,2025
aotuki_takao,artist,2025
aoyuki_(gacha_level._9999),character,2025|2026
aozora_sora,artist,2025
apas8384,artist,2025
apertio,artist,2025|2026|2026_06
aphelia_(mtg),character,2025
aphelios,character,2025|2026|2026_06
aphrodite_(suite_precure),character,2025|2026|2026_06
aphrodite_(suite_precure)_(cosplay),general,2025|2026|2026_06
aphrodite_areia_hoplite_(ironlily),character,2025|2026|2026_06
apiamu421,artist,2025|2026|2026_06
apicium,artist,2025
apito_(tensei_shitara_slime_datta_ken),character,2025
apiz_141,artist,2025|2026|2026_06
apoi,artist,2025
apollo_(crave_saga),character,2026|2026_06
aponia_(butterfly_dreams)_(honkai_impact),character,2025
aponia_(honkai_impact),character,2025
aponia_(honkai_impact)_(cosplay),general,2025
aponia_(mesmerizing_blue)_(honkai_impact),character,2025
apostle,artist,2025
appareskebow,general,2025|2026|2026_06
apple_(appleuniversing),artist,2025
apple_flower,general,2025
apple_of_eden,general,2025|2026|2026_06
apple_safari,character,2025
applying_another's_lipstick,general,2025
applying_blush,general,2025|2026|2026_06
applying_makeup_on_another,general,2025
apricot3525,artist,2026|2026_06
apricot_flower,general,2025
apricot_the_lich_(2nd_costume),character,2025|2026|2026_06
april4luck,artist,2025
aprilaadaa,artist,2025
aprilioandrew,artist,2025
aps_bilu,artist,2026
aqua_areolae,general,2025|2026
aqua_bikesuit,general,2025
aqua_blindfold,general,2025
aqua_brooch,general,2025
aqua_clouds,general,2025|2026|2026_06
aqua_curtains,general,2025
aqua_eyebrows,general,2025
aqua_footwear,general,2025
aqua_gemstone,general,2025|2026|2026_06
aqua_goggles,general,2025
aqua_headphones,general,2025
aqua_headwear,general,2025
aqua_inc.,artist,2025
aqua_innertube,general,2025|2026|2026_06
aqua_petticoat,general,2025
aqua_sleeve_cuffs,general,2025|2026|2026_06
aqua_straps,general,2025|2026|2026_06
aqua_stripes,general,2025
aqua_suspenders,general,2025|2026|2026_06
aqua_zircon,artist,2025
aquakana_love,artist,2026|2026_06
aquamarinesss,artist,2025
aquapazza:_aquaplus_dream_match,copyright,2025|2026|2026_06
aquasteed_marinforest,character,2026|2026_06
aquawater,artist,2025
aquazircon,artist,2025
aquila(lyra_stella)_(character),character,2025
aquilamxk,artist,2025|2026|2026_06
aquinas_xi,artist,2025
aquo_(hisoka50),artist,2025
ar-4_vestal,general,2025
ara1e,artist,2025
arabian_(module),general,2025
arachne_(princess_connect!),character,2025
arachnea_(yes!_precure_5),character,2025|2026|2026_06
aragaki_kazunari,artist,2025
aragami_oga_(6th_costume),character,2025
aragon-11,artist,2025
araiguma_(onegai_my_melody),character,2025|2026|2026_06
araki_nonoka_(karaage_bou),character,2025
aramaki_(ryokugyu),character,2025
arami-taito,artist,2025
arano0910,artist,2025
arara_(mascot),character,2025|2026|2026_06
araragi's_mother,character,2025|2026|2026_06
arare_(artist),artist,2025|2026|2026_06
arare_(christmas_mode)_(kancolle),character,2025
ararecoa,artist,2025
arashi_(yukata_mode)_(kancolle),character,2025
arashio_(haregi_mode)_(kancolle),character,2025
arasi141,artist,2025
arata_(tensou_sentai_goseiger),character,2025
aratama_(toji_no_miko),character,2025|2026|2026_06
araw_(ju3),artist,2025
arca.live_91058595,artist,2025
arcadiamkii,artist,2025
arcana_(benghuai_xueyuan),character,2025|2026|2026_06
arcane_heimerdinger,character,2025
arcane_orianna,character,2025
arcane_viktor,character,2025
arcard9_9,artist,2025
arceus0hikari,artist,2025
arch_mouth,character,2025|2026|2026_06
archangel_(pixiv15022007),artist,2025
archangel_metatron,character,2025|2026|2026_06
archangel_remiel,character,2025|2026|2026_06
archangel_sariel,character,2025|2026|2026_06
archangel_zelel,character,2025|2026|2026_06
archer_(aoe2),character,2025
archer_(cool_and_wild)_(fate)_(cosplay),general,2025|2026|2026_06
archer_(deec1220),artist,2025
archer_(summer_casual)_(fate)_(cosplay),general,2025|2026|2026_06
archer_(winter_caravan_online_2021)_(fate)_(cosplay),general,2025
archery_range,general,2025
archetype_saber,character,2025
archie,copyright,2025
archie_comics,copyright,2025
archive5_61,artist,2025
archive_86,artist,2025
archived_file,meta,2025|2026
archvile_(doom),character,2025
arclight_(endfield),character,2025|2026|2026_06
arct007,artist,2025
arctic,artist,2025
arctic_troll,artist,2025
arcuina,artist,2025
arcwalde_(artist),artist,2025|2026|2026_06
arcyriea,artist,2025
ardnades,artist,2025|2026|2026_06
ardos,character,2025
aremoyou,artist,2025|2026|2026_06
ares_(benghuai_xueyuan),character,2025|2026|2026_06
ares_(crosscore),character,2026|2026_06
ares_(megami_tensei),character,2025|2026|2026_06
arescr,artist,2025|2026|2026_06
arezai,artist,2025
argentinian_miku_(cosplay),general,2025|2026|2026_06
argos_adra_the_laurels,character,2025
argos_capane_the_flying_swallow,character,2025
argos_eteo_the_dragon_slayer,character,2025
argos_tydel_the_purple_lightning,character,2025
argusrho_01,artist,2025|2026|2026_06
argyle,general,2025|2026|2026_06
argyle_cutout,general,2025
argyle_legwear,general,2025
ari1020,artist,2025
ari_naka_(aoi_hada_no_ten'in_to_shiwasena_tomodachi),character,2025|2026|2026_06
aria0717,artist,2025
aria_(shingeki_no_bahamut),character,2025
ariadne_(megami_tensei),character,2025
arial_(font),general,2025
arialyxiah,character,2025
arianne_the_labrynth_servant,character,2025|2026|2026_06
arianne_the_labrynth_servant_(cosplay),general,2025|2026|2026_06
ariaridoradora,artist,2025|2026|2026_06
aricsart,artist,2025
aridfleck_(camo),general,2025|2026|2026_06
ariel_guadalupe,artist,2025
arielle_nadel,artist,2025
arigane_kou,artist,2025
arigasyuga,artist,2025
ariji,artist,2025|2026|2026_06
arikui,artist,2025
arima_(anaid),character,2025|2026
arima_meiling,character,2025
arima_shiori,character,2025
arima_shitisuke,artist,2025
arimazin1,artist,2025
arimoonnyawa2,artist,2025
arimura_chika,character,2025|2026|2026_06
arin,character,2025
arin_(cosplay),general,2025
arin_(iris_mysteria!),character,2025
arincal_(ofsb),artist,2025
arioch_(haniwa_(leaf_garden)),character,2025
arionart,artist,2025
ariral_(voices_of_the_void),character,2025
arirewdinn,artist,2026|2026_06
ariria_(nanayuri),artist,2025
ariru_(ariru_1212),artist,2025
aris,artist,2025
aris_(mecha_suit)_(blue_archive),character,2025|2026|2026_06
arisa_(milky_tossy),artist,2025
arisu,artist,2025
arisu_liddellvt,artist,2025
arisugawa_chisato,artist,2025
arisugawakura,artist,2025
arisuke_gnsn,artist,2025|2026|2026_06
arius_student_(blue_archive),character,2025|2026|2026_06
arjun_(ms_pigtails),character,2025|2026|2026_06
arjuna_(formal_dress)_(fate)_(cosplay),general,2025
arjuna_(second_ascension)_fate,character,2026|2026_06
ark_(jyutei_senki),character,2025
ark_0115,artist,2025
ark_evil02,artist,2025|2026|2026_06
ark_royal_(round_one)_(kancolle),character,2025|2026|2026_06
arkhan.dvan,artist,2025
arkos_(centuria),character,2026|2026_06
arkucoffee,artist,2025
arle_nadja_(winter_break)_(puyopuyo),character,2025
arlecchumi,artist,2025
arm_(artist),artist,2025
arm_around_back,general,2025|2026|2026_06
arm_around_leg,general,2025|2026|2026_06
arm_around_waist,general,2025|2026|2026_06
arm_behind_another's_back,general,2025|2026|2026_06
arm_between_legs,general,2025|2026|2026_06
arm_grab,general,2025
arm_over_head,general,2025|2026|2026_06
arm_patch,general,2025|2026|2026_06
armageddon,general,2025
armed_dragon,character,2025
armed_hibiki,character,2025
armian428,artist,2025
armian6w6,artist,2025
armiyana_(artist),artist,2025
armorbis,character,2025|2026
armored_high_heels,general,2025
armrest,general,2025|2026|2026_06
arms_around_back,general,2025|2026|2026_06
arms_around_waist,general,2025|2026|2026_06
arms_tied_above_head,general,2026|2026_06
armsomeone,artist,2025
army_men,copyright,2025|2026|2026_06
aroma_(go!_princess_precure),character,2025|2026|2026_06
aroma_(go!_princess_precure)_(human),character,2025|2026|2026_06
aron_(kid_icarus),character,2025
aroused_face,general,2025
arpeggio_(crosscore),character,2026|2026_06
arrestor_hook,general,2025
arrow_imp,character,2025
ars_nova,artist,2025
art_bymanus,artist,2025
art_ice,artist,2026
art_ilik,artist,2025
art_kanya,artist,2025
art_of_pop,copyright,2025
art_xiangliu,artist,2025
artb3rry,artist,2025
arteche,artist,2025
artemis_(benghuai_xueyuan),character,2025|2026|2026_06
artemisia_(megami_tensei),character,2025
artemisia_(megami_tensei)_(cosplay),general,2025
artemisia_bell_ashcroft_(cr-unit),character,2026|2026_06
arthur_(mystery_skulls),character,2025
arthur_pendragon_(romano-british),character,2025
arthur_pendragon_(white_rose)_(fate)_(cosplay),general,2025|2026|2026_06
articguana,character,2025|2026|2026_06
artificial_ass,general,2025|2026|2026_06
artificial_intelligence,general,2025|2026|2026_06
artificial_tentacles,general,2025|2026|2026_06
artificial_vagina,general,2025|2026|2026_06
artificial_vagina_with_body,general,2025|2026|2026_06
artify,artist,2026|2026_06
artina,artist,2025
artis_nsfw,artist,2025|2026
artist_clockman,artist,2026
artist_initials,general,2025
artist_name_(shoving),artist,2025
artist_pls_draw_twiyor_like_this_(meme),general,2026|2026_06
artist_squared,artist,2025
artistia_the_hedgehog,character,2025|2026|2026_06
artlordm,artist,2025
artmagia_finemelt,character,2025
artmagia_graphlare,character,2025
artmagia_litera,character,2025
artnase,artist,2025
artnoush,artist,2025|2026|2026_06
artnovic,artist,2025
artofkace,artist,2025
artoria_caster_(fgo_x_lawson_2023)_(fate),character,2026|2026_06
artoria_caster_(second_ascension)_(fate)_(cosplay),general,2025
artoria_caster_(swimsuit_berserker)_(fate),character,2025
artoria_caster_(swimsuit_berserker)_(fate)_(cosplay),general,2025
artoria_caster_(swimsuit_berserker)_(second_ascension)_(fate)_(cosplay),general,2025|2026|2026_06
artoria_caster_(swimsuit_berserker)_(third_ascension)_(fate)_(cosplay),general,2025
artoria_pendragon_(alter_swimsuit_rider)_(fate),character,2025
artoria_pendragon_(alter_swimsuit_rider)_(fate)_(cosplay),general,2025
artoria_pendragon_(alter_swimsuit_rider)_(first_ascension)_(fate),character,2025
artoria_pendragon_(alter_swimsuit_rider)_(second_ascension)_(fate),character,2025
artoria_pendragon_(alter_swimsuit_rider)_(third_ascension)_(fate),character,2025
artoria_pendragon_(lancer)_(dream_portrait)_(fate),character,2025
artoria_pendragon_(lancer)_(formal_dress)_(fate)_(cosplay),general,2025
artoria_pendragon_(lancer)_(tour_outfit)_(fate),character,2025
artoria_pendragon_(lancer_alter)_(ox-demon_king)_(fate),character,2025
artoria_pendragon_(lancer_alter)_(royal_icing)_(fate),character,2025
artoria_pendragon_(lancer_alter)_(royal_icing)_(fate)_(cosplay),general,2025
artoria_pendragon_(swimsuit_archer)_(fate),character,2025|2026|2026_06
artoria_pendragon_(swimsuit_archer)_(fate)_(cosplay),general,2025|2026|2026_06
artoria_pendragon_(swimsuit_archer)_(first_ascension)_(fate),character,2025|2026|2026_06
artoria_pendragon_(swimsuit_archer)_(second_ascension)_(fate),character,2025|2026|2026_06
artoria_pendragon_(swimsuit_archer)_(third_ascension)_(fate),character,2025|2026|2026_06
artoria_pendragon_(swimsuit_ruler)_(first_ascension)_(fate)_(cosplay),general,2025
artoria_pendragon_alter_(swimsuit_rider)_(fate),character,2025
artoria_pendragon_alter_(swimsuit_rider)_(fate)_(cosplay),general,2025
artoria_pendragon_alter_(swimsuit_rider)_(first_ascension)_(fate),character,2025
artoria_pendragon_alter_(swimsuit_rider)_(second_ascension)_(fate),character,2025
artoria_pendragon_alter_(swimsuit_rider)_(third_ascension)_(fate),character,2025
artqueues,artist,2025
artrica,artist,2025
arts_shirt,general,2025|2026|2026_06
artsyrobo,artist,2025|2026|2026_06
artur_(fire_emblem)_(silver_saint),character,2025
aruaruhizen117,artist,2026|2026_06
arubon,artist,2025
aruha_hrnkz,artist,2025
aruhi_(pyxk7325),artist,2025|2026|2026_06
arumakan317,artist,2025|2026|2026_06
arumao,artist,2025
aruminsuko,artist,2025|2026|2026_06
arurandeisu_(2nd_costume),character,2025
aruruw_to_asobo!!,copyright,2025|2026|2026_06
arutoman,artist,2025
aryllins,artist,2025
as4gi,artist,2025
as_(asasas0),artist,2025
as_(pixiv_110484060),artist,2025
asa0508,artist,2025|2026|2026_06
asa1014,artist,2025|2026|2026_06
asa_shinde_aru_ore_no_sutetasu_ga_yuusha_yori_mo_akiraka_ni_tsuyoi_nodaga,copyright,2025|2026|2026_06
asa_tsuki_aori,artist,2025
asaba_harumasa_bangboo,character,2025
asafimu,artist,2025
asagaki_toogo,character,2025
asagao_konjakutei,character,2025
asagao_wa_ai_o_shiranai.,copyright,2025
asagi,character,2025|2026|2026_06
asagiri_(pixiv_#10372),artist,2025
asagumo_(christmas_mode)_(kancolle),character,2025
asahi_(christmas_mode)_(kancolle),character,2025
asahi_(poiuy11t),artist,2025|2026|2026_06
asahi_(shin_megami_tensei_iv_final),character,2025
asahi_lina,character,2025|2026|2026_06
asahi_takebe,character,2025|2026
asahi_yanagi,artist,2025|2026|2026_06
asahija,character,2025
asahina_akane,character,2025
asahina_akane_(2nd_costume)_(nijisanji),character,2025|2026|2026_06
asahina_akane_(3rd_costume)_(nijisanji),character,2025|2026|2026_06
asaka_rui,character,2025
asaka_rui_(vtuber),character,2025
asakawa-san_(8107ka),artist,2025
asaki_amber,character,2025
asako_(hikaru_ga_shinda_natsu),character,2025
asako_(pixiv_5702576),artist,2025|2026|2026_06
asako_tono,character,2025
asakou_(n_morninglight),artist,2025
asakura_karen,character,2025|2026|2026_06
asakura_kenichi,character,2025
asakura_misakichi,artist,2025
asakura_ryou,character,2025
asakura_ryouko,character,2025
asakura_ryouko_(cosplay),general,2025
asakura_shin,character,2026|2026_06
asakura_youichi,character,2025
asame2,artist,2025
asame21,artist,2025|2026|2026_06
asami_(asamikaisuri),character,2025|2026|2026_06
asanegi_(asane_gi),artist,2025|2026|2026_06
asashimo_(festival_mode)_(kancolle),character,2025
asashimo_kai_ni_(yukata_mode)_(kancolle),character,2025
asashio_(halloween_mode)_(kancolle),character,2025
asclepius_(9th_anniversary)_(fate),character,2025
asechiruk,artist,2025|2026|2026_06
aselia_(ayakashi_rumble!),character,2025
asenath_(nefertem),character,2025
asepnuruddin9,artist,2025|2026
aserora,artist,2025
asg-project,artist,2025
asgarion,artist,2025
asgx_7135,artist,2026|2026_06
ash-12,general,2025|2026|2026_06
ash1ra94o0,artist,2025|2026|2026_06
ash_(phantasy_star_online),character,2025|2026|2026_06
ashe_(league_of_legends),character,2025|2026|2026_06
ashe_(league_of_legends)_(cosplay),general,2025|2026|2026_06
ashi_shi_nsfw,artist,2025
ashiatomonchich,artist,2025|2026|2026_06
ashida_yuuri_(aikatsu!),character,2025
ashihara_(tw),artist,2025
ashiong,artist,2025|2026|2026_06
ashioto,artist,2025
ashisaki_(ashiski),artist,2025
ashiya_douman_(chinese_ver._9th_anniversary)_(fate),character,2026|2026_06
ashiya_douman_(fgo_x_kyoto_rikyuen)_(fate),character,2025|2026|2026_06
ashiya_douman_(ghoul_school),character,2025
ashley_alvastie,character,2025
ashuiashui119,artist,2025
ashura_(samurai_spirits),character,2025
asian_sheepshead_wrasse,general,2025
asmarine,artist,2025|2026|2026_06
asmireid,artist,2026|2026_06
asmodeus_(benghuai_xueyuan),character,2025|2026|2026_06
asociacion_de_futbol_argentina,copyright,2025|2026|2026_06
asouhyn,artist,2025|2026|2026_06
asphodelus_8,artist,2025
ass_(zhengzhen),artist,2025
ass_cleavage,general,2025
ass_from_side,general,2025|2026|2026_06
ass_grab,general,2025
assault_wolf,general,2025
assin,artist,2025
assistant_(mechanical_buddy_universe),character,2025|2026|2026_06
asskoh,artist,2025|2026
ast18m,artist,2025|2026
astaroth_(uchi_no_hime-sama),character,2025
astel_leda_(2nd_costume),character,2025
asteriodtri,artist,2025|2026|2026_06
asterios,character,2025
asterix_(character),character,2025
asteroid_belt,general,2026|2026_06
astersabu,artist,2026|2026_06
astolfo_(fate/extella_link_x_treevillage)_(fate),character,2026|2026_06
astolfo_(femboy_idol)_(fate),character,2025|2026|2026_06
astolfo_(fgo_fes._2019)_(fate)_(cosplay),general,2025|2026|2026_06
astolfo_(third_ascension)_(fate),character,2026|2026_06
astolfo_(type-moon_racing)_(fate)_(cosplay),general,2025|2026|2026_06
aston_martin_amr_22,general,2025
aston_martin_amr_23,general,2025
astral_promax,artist,2025
astray_(module),general,2025
astrid_(spindle_(aidenr0)),character,2025
astro_duchess,character,2026
astronomical_symbol,general,2025|2026|2026_06
astrosan,artist,2025
asufi_al_andromeda,character,2025|2026|2026_06
asuka4407,artist,2025
asuka_120_percent,copyright,2025
asuka_domon,character,2025
asukey,artist,2025
asumaru_(58284258),artist,2025
asuna_(user_agnu3725),artist,2026|2026_06
asunekun,artist,2025|2026|2026_06
asuno,artist,2025
asur,general,2025
asutega,artist,2025
asutorii,artist,2025|2026|2026_06
asymmetrical_bikesuit,general,2025
asymmetrical_hairband,general,2026|2026_06
asymmetrical_nipples,general,2025
asymmetry_(module),general,2025|2026|2026_06
ata_oekaki,artist,2025|2026|2026_06
ata_swanport,character,2025|2026|2026_06
ataboh,artist,2025|2026|2026_06
atama_no_warui_hito,general,2025
atan,artist,2025
atanarix,artist,2025
atasticforreal,general,2026|2026_06
atchuu,artist,2025
atelier_z_(guitar),general,2025
ateliercienne,artist,2025
atella,artist,2025|2026|2026_06
ater9,artist,2025|2026|2026_06
athel_(monster_musume_td),character,2025|2026|2026_06
athena_(benghuai_xueyuan),character,2025|2026|2026_06
athena_(megami_tensei),character,2025
atheris_(artist),artist,2025
ati_ra_kotira,artist,2026
atikiotaku,artist,2025|2026|2026_06
atk,artist,2025|2026|2026_06
atlanta_(christmas_mode)_(kancolle),character,2025
atlanta_(cruiser),general,2025
atlanta_(swimsuit_mode)_(kancolle),character,2025
atlas_(book),general,2025|2026|2026_06
atlas_academy_school_uniform,general,2025
atmos,character,2025
atoli,character,2025|2026|2026_06
atomicfishbowl,artist,2025
atomwaffen,general,2026
aton_(user_kufr5245),artist,2025
atori_(marimashita!_iruma-kun),character,2025
atori_(torime000),artist,2025
atragon,copyright,2025|2026|2026_06
atre,character,2025
atreus,character,2025|2026|2026_06
atreus_(cosplay),general,2025|2026|2026_06
atrium_(artist),artist,2025
atrociraptor,general,2025
atrox-forensis,artist,2025
atssol_(band),general,2025
atsu_kake,artist,2025|2026|2026_06
atsuatsu_muchimuchi,artist,2025
atsumi_chiyoko,character,2025|2026|2026_06
atsumi_tsukaki,character,2025
atsumu_ra,artist,2025
atsushi_(y!gallery),artist,2025
atsushi_kisarazu,character,2025
atsushi_sendo,character,2025
attack_(artist),artist,2025
attack_attack_(band),general,2026|2026_06
attakaikazeart,artist,2025
attention_please,general,2025
atum_1028,artist,2025|2026|2026_06
au,artist,2025
au_pied,artist,2025
augustine_sycamore,character,2025
augustine_sycamore_(cosplay),general,2025
augustine_sycamore_(holiday_2023),character,2025
aulauly7,artist,2025
aunitere,artist,2025|2026|2026_06
aur_hkgn,artist,2025
aura_(glow),general,2025
aura_sphere,general,2025|2026|2026_06
aurathyzora,artist,2025
aurea_juniper,character,2025
aurea_juniper_(cosplay),general,2025
aurelia_(momo_kayo),character,2025
aurelion_sol_(league_of_legends),character,2025|2026|2026_06
aureola_(arknights),character,2026|2026_06
aurico_(power_rangers),character,2025
auriol_(font),general,2025
aurora_(benghuai_xueyuan),character,2025|2026|2026_06
aurora_(crosscore),character,2026|2026_06
aurora_(kage_no_jitsuryokusha_ni_naritakute!),character,2025|2026|2026_06
aurora_(league_of_legends),character,2025|2026|2026_06
aurora_(league_of_legends)_(cosplay),general,2025|2026|2026_06
aurora_(love_curse),character,2026|2026_06
aurora_(senukin),character,2025
aurora_bird_(artist),artist,2025
auroraarchangel,artist,2025
auroradiation,artist,2025|2026|2026_06
auruo_bossard,character,2025|2026|2026_06
ausna870113,artist,2025|2026|2026_06
auteru,character,2025|2026|2026_06
auto_tentacle_sex,general,2025|2026|2026_06
automata02,artist,2025
avant-garde_(module),general,2025
avant_garde_(blue_archive)_(cosplay),general,2025
avarita,character,2025|2026|2026_06
avatar:_the_last_airbender_(live_action),copyright,2025|2026|2026_06
avatar_(2009_film),copyright,2025
ave_eee,artist,2025|2026|2026_06
avocado_maguro,artist,2025
avrcsl2,artist,2025|2026|2026_06
avro_lancaster_mk.i_(ashen_arms),character,2025
avtovaz,general,2025
aw_(artist),artist,2025|2026|2026_06
aw_shit_nigga_(meme),general,2025|2026
awa303,artist,2025
awa_(tamacolle),character,2025
awai,artist,2025
awai880,artist,2025
awakened_shez_(female),character,2025
awakened_shez_(male),character,2025
awakumo,artist,2025
awashima,character,2025
awayuki7777,artist,2025
awb97,artist,2025
awildxxxappeared,artist,2026|2026_06
awkn,artist,2025
awkward_smile,general,2026|2026_06
awm,general,2025
awono_nanaumi,artist,2025|2026|2026_06
awoodden53794,artist,2025|2026|2026_06
aww_(pixiv4034890),artist,2025|2026|2026_06
awwwthescrimblo,artist,2025|2026
ax18170710,artist,2025|2026|2026_06
axasempai,artist,2025|2026|2026_06
axel_jovanni,artist,2025
axezonart,artist,2025
axia_krone_(3rd_costume),character,2025|2026|2026_06
axiacid,artist,2025|2026|2026_06
axian_(dangshi626),artist,2025
axis_na8,artist,2025
axoo,artist,2025
axsd8,artist,2025|2026|2026_06
axy_cang,artist,2025
aya-0w0,artist,2025
aya_(majutsu_tantei_tokisaki_kurumi_no_jikenbo),character,2026|2026_06
aya_gozen_(sengoku_musou),character,2025|2026|2026_06
aya_ishigami,character,2025|2026
ayaka's_father_(fate/prototype),character,2025
ayaka_(artist),artist,2025
ayaka_(escalation_heroine),character,2025
ayaka_(maso-luv),character,2025
ayaka_(user_vumz4832),artist,2025
ayako_(ketsuki_moon),artist,2025|2026|2026_06
ayameiro_16,artist,2025
ayamix0418,artist,2025|2026|2026_06
ayanami_(yukata_mode)_(kancolle),character,2025
ayanami_rei_(peaceful_vacation)_(nikke),character,2025|2026|2026_06
ayanami_rei_(tentative_name),character,2025|2026|2026_06
ayanari,artist,2025
ayane-san,character,2025|2026|2026_06
ayanemio2717,artist,2025|2026|2026_06
ayanepuna,artist,2025
ayaneruwu,artist,2025
ayanokouji_mirei,character,2025|2026|2026_06
ayasaki_(module),general,2025
ayasato_ringo,character,2025
ayasato_yua_(jae-kun),character,2025|2026|2026_06
ayase_(user_ytjw3843),artist,2025|2026|2026_06
ayase_ito,character,2025
ayase_mayoi_(cherished_cutie),character,2025|2026|2026_06
ayase_mayoi_(dead_end_land),character,2025|2026|2026_06
ayase_mayoi_(eerie_dusk),character,2025|2026|2026_06
ayase_mayoi_(la_mort),general,2025
ayase_mayoi_(shadow_strike),general,2025
ayasemn,artist,2025
ayaya,artist,2025
ayazumi_tachibana,artist,2025
aylaah,character,2025
aymur_(crosscore),character,2026|2026_06
aynahnomoose,artist,2025
ayo_rimaisu,artist,2025
ayoaniefuna,artist,2025
ayoungart,artist,2025|2026|2026_06
ayshius,artist,2025
ayu_(food),general,2025|2026|2026_06
ayumi,artist,2025|2026|2026_06
ayumi-chan_laboratory,copyright,2025|2026|2026_06
ayumu_niikura,character,2025|2026|2026_06
ayunda_risu_(3rd_costume),character,2025
ayunda_risu_(7th_costume),character,2025
ayustat042320,artist,2025
ayuuniiart,artist,2025
az84997592,artist,2025|2026|2026_06
az_mary,artist,2025
az_toride,artist,2025
azaella_(gomulgong),character,2026|2026_06
azalea(fi_zz_ill),character,2026|2026_06
azalea_(mario),character,2025|2026|2026_06
azami_(kagurabachi),character,2025
azami_yuki,character,2025|2026|2026_06
azamina_elzette_of_the_white_forest,character,2025
azamiyuko,artist,2025
azarashi_ball,artist,2025|2026|2026_06
azarin_(kouyoku_senki_exs-tia),character,2025
azathoth_(benghuai_xueyuan),character,2025|2026|2026_06
azato_jk_(yugaa),character,2025|2026|2026_06
azemiti_tooru,character,2025|2026|2026_06
azer,character,2025
azir,character,2025|2026|2026_06
azisugito,artist,2025
azita_(agita_daz),artist,2025
azki_(departure)_(hololive),character,2026|2026_06
azm,artist,2025|2026|2026_06
azmogu451,artist,2026
azotho,artist,2025
azrael_(escalation_heroine),character,2025
azshara,character,2025|2026|2026_06
azt_(pixiv_102001529),artist,2025|2026|2026_06
azta_(benghuai_xueyuan),character,2025|2026|2026_06
aztec_adventure,copyright,2025|2026|2026_06
aztec_sun_stone,general,2025
azu401,artist,2025
azul_ashengrotto_(birthday_boy),character,2025
azul_ashengrotto_(birthday_jacket),character,2025
azuma_(seihantai_na_kimi_to_boku),character,2025|2026|2026_06
azuma_shino_(seihatanai_na_kimi_to_boku),character,2026|2026_06
azuma_udo,artist,2025
azumano_takasi,artist,2025
azumasa,artist,2025
azuna,artist,2025
azura_(lady_of_ballads)_(fire_emblem),character,2025|2026|2026_06
azure_boundary_(idolmaster),general,2025|2026|2026_06
azurmet,artist,2025
azusa1212,artist,2025
azusa_(iimonmitaro),artist,2025
azusa_anzu,artist,2025
azusa_aoi_koke,artist,2025|2026|2026_06
azusa_official,copyright,2025
azusayumi,artist,2025
b-fighter_ageha,character,2025|2026|2026_06
b-fighter_tentou,character,2025|2026|2026_06
b.sa_(bbbs),artist,2025
b1_yukikaze,artist,2025|2026|2026_06
b455,general,2025|2026|2026_06
b520196,artist,2025
b6i2o3,artist,2025
b_n_30,artist,2025|2026|2026_06
ba_shiba_ye_(n/a),artist,2025|2026|2026_06
baal_zebul,character,2025
babies_kick_pregnant_women_all_the_time_(meme),general,2025|2026|2026_06
babu-1013,artist,2025|2026|2026_06
baby_(dragon_ball)_(cosplay),general,2026|2026_06
baby_doll_(batman),character,2025|2026|2026_06
baby_penguin,general,2025
babyfacegenocider_(artist),artist,2025
bacbac-miki,artist,2025
bacbac_l,artist,2025
bachou,character,2025
bachou_mouki,character,2025|2026|2026_06
bachumaro,artist,2025
back_turned,general,2025
backward_facing_horns,general,2025
bacon_male_(roblox),character,2026
bacon_williams(user_hfxm5787),artist,2025
bacteriophage,artist,2025|2026
bad_boy_(module),general,2025
bad_girl,character,2025
bad_girl_(cosplay),general,2025
bad_kim,artist,2025|2026|2026_06
bad_piggies,character,2025|2026|2026_06
bad_taste_(film),copyright,2025
baddie,character,2025|2026
badlands_(crosscore),character,2026|2026_06
badly_drawn_jjba_comics,artist,2025
badwhitney,artist,2025
baehee5502,artist,2026|2026_06
baek_chun_(return_of_the_mount_hua_sect),character,2025
baek_yong,character,2026|2026_06
baekrip,general,2026|2026_06
bafangyu,artist,2025
bafuko_seiso_(artist),artist,2025|2026|2026_06
bag-yunli_(kmhnomsai),artist,2025
bag_(chrko_bag),artist,2025
baggy_socks,general,2025
bagpipe_(ambience_synesthesia)_(arknights),character,2026|2026_06
bagpipe_ambience_synesthesia_(arknights),character,2025
bagya,artist,2025|2026|2026_06
bai-lm,artist,2025
bai_jinjin,character,2025|2026|2026_06
bai_qi-qsr,artist,2025|2026|2026_06
bai_qiangwei,artist,2025|2026|2026_06
baibaige1108,artist,2025|2026|2026_06
baicha735,artist,2025|2026|2026_06
baichi_(ph4yvfsqyynkhnv),artist,2025|2026|2026_06
baichuan_qingyuan,artist,2025
baichuum,artist,2025
baiduan736,artist,2025
baiguio_(zhu_xian),character,2025
bail,artist,2025
bailb10,artist,2025|2026|2026_06
baili_xuance_(wangzhe_rongyao),character,2025|2026|2026_06
bailingjiang,artist,2025|2026|2026_06
baitong9194,artist,2025
baizuo529,artist,2025
baka_(bakayaro111555),artist,2025
bakara_(zattayo2222),artist,2025
bakaranger,general,2025|2026|2026_06
bakarayuu,artist,2025
bakedtateos,artist,2025|2026|2026_06
bakeneko,general,2025|2026|2026_06
baklaher,artist,2025|2026|2026_06
baku_(artist),artist,2025
baku_(onegai_my_melody),character,2025|2026|2026_06
baku_(pixiv),character,2025|2026|2026_06
bakuane,copyright,2025
bakudan_iwa,character,2025
bakusou_bike_level_0,general,2025
bakusou_bike_level_2,general,2025
balam_shichirou,character,2025
balan,character,2025|2026|2026_06
balancing_on_bicycle,general,2025|2026|2026_06
balancing_on_leg,general,2025|2026|2026_06
balancing_on_lips,general,2025|2026|2026_06
balancing_on_penis,general,2025|2026|2026_06
bald_girl,general,2025
bald_spot,general,2025
baldr_(norse_mythology),character,2025
balenciaga_(brand),general,2025|2026|2026_06
ball_earrings,general,2025
ball_gown,general,2025|2026|2026_06
ball_splitter,general,2025|2026|2026_06
ballad_of_graceful_clouds_(miracle_nikki),character,2026
ballerina_(film),copyright,2025
ballonlea_city,general,2025
balloon_(font),general,2025
balloon_around_neck,general,2025|2026|2026_06
ballroom_gown,general,2025|2026|2026_06
balor_(benghuai_xueyuan),character,2025|2026|2026_06
balrith,artist,2025
balrog_(doukutsu_monogatari),character,2025
balrog_(doukutsu_monogatari)_(cosplay),general,2025
balrog_(lord_of_the_rings),character,2025
baltanv2,artist,2025
bamberly_(friday_night_funkin'),character,2025|2026
bambi_(deer),character,2025
bambi_(friday_night_funkin'),character,2025|2026
bamboo9545,artist,2025|2026|2026_06
bamboo_memory_(ambition_of_the_black_iron)_(umamusume),character,2026|2026_06
bamboo_memory_(deliver_this_feeling!)_(umamusume),character,2025|2026|2026_06
bamboommmm,artist,2025
ban_(inui_toko),character,2025
banamiluv,artist,2025|2026|2026_06
banana_arms,general,2025|2026|2026_06
banana_innertube,general,2025
banana_qote,artist,2025
banbannimi,artist,2026
bandaid_on_hair,general,2025|2026|2026_06
bane,character,2025|2026|2026_06
bane_(cosplay),general,2025|2026|2026_06
banfan_ji_(hairstyle),general,2025
bang_bang_shooting_level_1,general,2025|2026|2026_06
bang_bang_shooting_level_2,character,2025|2026|2026_06
bang_bang_simulations_level_50,general,2025|2026|2026_06
bang_dream!_mugendai_mewtype,copyright,2025|2026|2026_06
bangs_held_back,general,2026|2026_06
banhammer-tan,character,2025|2026|2026_06
bani,general,2026|2026_06
banjouji_nagare,character,2025
banluchujia_de_yi_zhi_sheng,artist,2025
banned_artist,artist,2025
banozinnyuna,artist,2025|2026|2026_06
banshee_sister_(mechanical_buddy_universe),character,2025
banzatou_(banzatou1),artist,2025
bao_(vtuber),character,2025|2026|2026_06
bao_(vtuber)_(1st_costume),character,2025|2026|2026_06
bao_(vtuber)_(2nd_costume),character,2025|2026|2026_06
bao_(vtuber)_(3rd_costume),character,2025|2026|2026_06
bao_(vtuber)_(5th_costume),character,2025|2026|2026_06
bao_(vtuber)_(6th_costume),character,2025|2026|2026_06
bao_hanae,artist,2025|2026
bao_rongxin,character,2025
bao_sanniang,character,2025|2026|2026_06
bao_sanniang_(cosplay),general,2025|2026|2026_06
baobhan_sith_(secret_closet)_(fate),character,2026|2026_06
baobhan_sith_(swimsuit_pretender)_(fate),character,2025
baobhan_sith_(swimsuit_pretender)_(fate)_(cosplay),general,2025
baozi,general,2025
bar-1,artist,2025
bar_graph,general,2025
baran,character,2025|2026|2026_06
barbie_(blitd),character,2025
barbie_a_fashion_fairytale,copyright,2025
barbie_fairytopia_(film_series),copyright,2025
barbie_life_in_the_dreamhouse,copyright,2025
barbie_mariposa_(film_series),copyright,2025
barbie_movies,copyright,2025
barbie_princess_charm_school,copyright,2025
barbie_spy_squad,copyright,2025
barbie_starlight_adventure,copyright,2025
barbie_the_princess_and_the_popstar,copyright,2025
barbie_thumbelina,copyright,2025
barbro_andrean_(overlord),character,2025|2026|2026_06
barcode_(blaccura),character,2025|2026|2026_06
bard_(league_of_legends),character,2025|2026|2026_06
bardoon,character,2025
barefoot_sandals,general,2026
barghest_(swimsuit_archer)_(fate),character,2025
barghest_(swimsuit_archer)_(fate)_(cosplay),general,2025
barian_emblem,general,2025
baritone_(suite_precure),character,2025|2026|2026_06
bariumsulfatebariumbariumsulfate,artist,2025
barlee,artist,2025|2026|2026_06
barleytea,artist,2025
barn_interior,general,2025
barnaby_brooks_sr,character,2025|2026|2026_06
barnstorming,general,2025
barobakuoikawa,artist,2025|2026|2026_06
barometz,character,2025|2026|2026_06
baron_(dappou_tamer_no_nariagari_boukentan),character,2025
baron_(pokemon),character,2025
baron_(suite_precure),character,2025|2026|2026_06
baron_nashor,character,2025|2026|2026_06
baroness_(pokemon),character,2025
barrel_mug,general,2025
bars,general,2025|2026|2026_06
baryon_mode,general,2025|2026|2026_06
barzam_custom,character,2025
basarumikosu,artist,2025
base,artist,2025
base64_commentary,meta,2025|2026|2026_06
base_desire,artist,2025
base_states,character,2025|2026|2026_06
baseball,general,2025|2026|2026_06
basement_dweller_(blue_archive),character,2025
basement_dweller_(blue_archive)_(cosplay),general,2025
basil_(mouse),character,2025
baskelovelive,artist,2025
bastille_(music),copyright,2025
bat-love,artist,2025
bat_girl_(gomulgong),character,2025|2026|2026_06
bat_invess,character,2025|2026
bat_wing_demon_(dark_souls),character,2026|2026_06
batai,character,2025
batanen_fujioka,general,2025
baten_(knights_college),character,2025|2026|2026_06
bathilde_(girls'_frontline_2),character,2025
bathing_in_waterfall,general,2025
batman/teenage_mutant_ninja_turtles,copyright,2025|2026
batman_and_robin,copyright,2025
batman_vs._teenage_mutant_ninja_turtles,copyright,2025|2026|2026_06
batrobin_k,artist,2025|2026|2026_06
batta_candroid,general,2025|2026|2026_06
batteramilk_18,artist,2025|2026|2026_06
battle_academy_garen,character,2025|2026|2026_06
battle_academy_wukong,character,2025|2026|2026_06
battle_armor,general,2026|2026_06
battle_chariot_star,general,2026|2026_06
battle_dress_uniform,general,2025
battle_outfit_cammy,character,2025|2026|2026_06
battle_royal_high_school,copyright,2025
battlefield:_hardline,copyright,2025
battlewagon,general,2025|2026|2026_06
bauks,character,2025
bayarou,artist,2025|2026|2026_06
bayushix,artist,2025|2026|2026_06
bazi_3560,artist,2026|2026_06
bb_(bb_rain),artist,2025
bb_(bb_shot!)_(fate)_(cosplay),general,2025|2026|2026_06
bb_(fate/extra)_(cosplay),general,2025|2026|2026_06
bb_(swimsuit_mooncancer)_(fate),character,2025
bb_(swimsuit_mooncancer)_(fate)_(cosplay),general,2025
bb_(swimsuit_mooncancer)_(first_ascension)_(fate)_(cosplay),general,2025
bb_(swimsuit_mooncancer)_(third_ascension)_(fate)_(cosplay),general,2025|2026|2026_06
bb_cosmo_(fate)_(cosplay),general,2025
bb_darkroast,artist,2026|2026_06
bb_panda_bb,artist,2025|2026|2026_06
bbaekx3,artist,2025|2026
bbb_(fabio8552),artist,2025
bbbanira090,artist,2025
bbtan96,artist,2025
bc,artist,2025
bcn57299,artist,2026
bd134,artist,2025
be4r_ttv,artist,2025|2026|2026_06
be9459,artist,2025|2026|2026_06
be_my_baby_(complex),general,2025|2026
beachwear,general,2025
beadofscarlet,artist,2025
bean_(bean0407_lls),artist,2025|2026|2026_06
beanfest_(twisted_wonderland),general,2025
bear_panties,general,2025|2026|2026_06
bear_uu3,artist,2025
bearcub1201,artist,2025|2026|2026_06
bearded_uncle,artist,2025
beast04176,artist,2025
beast_(date_a_live),character,2025
beast_of_billows,general,2025
beast_survival_(ensemble_stars!),general,2025|2026|2026_06
beast_warriors_gulkeeva,copyright,2025|2026|2026_06
beatmania,copyright,2025
beatmania_(series),copyright,2025
beatrix_(kage_no_jitsuryokusha_ni_naritakute!),character,2025|2026|2026_06
beatsheavens0735,artist,2025|2026|2026_06
beau_(luxurias),character,2026|2026_06
beauties_of_nature_(ensemble_stars!),general,2025
beautiful-shinigami,artist,2025
beauty0314,artist,2026|2026_06
beauty_and_the_beast,copyright,2025
beauty_pin,general,2025|2026|2026_06
bebluet,artist,2026|2026_06
bechoru,artist,2025
become_444,artist,2025
bedding,general,2025
bee_(artist),artist,2025|2026|2026_06
beear_(beebee),artist,2025|2026|2026_06
beeko,artist,2025
beeko_(komachi_panko),character,2025|2026|2026_06
beelstarmon_x,character,2025|2026|2026_06
beelzebumon_x,character,2025|2026|2026_06
beencap,artist,2025
beeshooter_(plants_vs_zombies),character,2025
beesuper,artist,2025
beet_(vegetable),general,2025|2026|2026_06
beethorn_(crosscore),character,2026|2026_06
beethoven_damashii,general,2025
before_crisis_final_fantasy_vii,copyright,2025|2026|2026_06
beghastart,artist,2025|2026|2026_06
beginners_sailing,general,2025|2026|2026_06
beholder,character,2025|2026|2026_06
beifong_baatar,character,2025
beifong_wei,character,2025
beifong_wu,character,2025
beige_background,general,2025
beige_jacket,general,2025
beige_sweater,general,2025
beilan_(epic_seven),character,2025
bel'veth,character,2025|2026|2026_06
bel_(dokidoki!_precure),character,2025|2026|2026_06
beldaruit,character,2025|2026|2026_06
beldr,character,2025
belikat,artist,2025
belius,general,2025
belka,character,2025
belka_(marfusha),character,2025
belka_(marfusha)_(cosplay),general,2025
bell_(akzkfhd45),artist,2025|2026|2026_06
bell_background,general,2025
bella_(gomulgong),character,2026|2026_06
bellamy,character,2025
belleberine,artist,2025
bellett,character,2025
belleza,character,2025
bellis_(pokemon),character,2025
bellita_(trickcal),character,2025|2026|2026_06
bellni123,artist,2025|2026|2026_06
bellringer_angel,character,2025
bellringer_angel_(cosplay),general,2025
bellwall_(logo),general,2025|2026|2026_06
beloved_pale,artist,2025
belt_around_waist,general,2025|2026|2026_06
belt_chain,general,2025
belted_shorts,general,2025|2026|2026_06
belted_skirt,general,2025|2026|2026_06
ben_10_(reboot),copyright,2025|2026|2026_06
ben_hao_yi_qi_yong_xin_tu_qing_yi_bu_web,artist,2025
ben_wa_balls,general,2025|2026|2026_06
benares,character,2025|2026|2026_06
bender_bending_rodriguez,character,2025|2026|2026_06
bending,general,2025|2026|2026_06
benelli_zzr1400,general,2025
bengbeng_000,artist,2025|2026|2026_06
benghuai_xueyuan,copyright,2025|2026|2026_06
beni_mirin,artist,2025
beniho,artist,2025
benikirin,artist,2025|2026|2026_06
beniko_(mamorukun_curse!),character,2026|2026_06
benimaru_(tensei_shitara_slime_datta_ken),character,2025
beniyomogi,artist,2025
benkei,character,2025|2026|2026_06
benkei_kuruma,character,2025
benkei_kuruma_(cosplay),general,2025
benny_(fallout_new_vegas),character,2025
bennypaan,artist,2025|2026
bennys,artist,2025
bent_knees,general,2025
bente-unerz36,artist,2025
benvicktor,character,2025
beowulf_(muscle_cavalier)_(fate)_(cosplay),general,2025
bepo,character,2025
bequiet,artist,2025
beret_cj,artist,2026|2026_06
beretsant,character,2025|2026|2026_06
beretta_(tensei_shitara_slime_datta_ken),character,2025
berl_(berl_to_okashi_no_ie),character,2025
berl_to_okashi_no_ie,copyright,2025
bernadetta_von_varley_(sheltered_loner),character,2025
bernd_workshop,character,2025|2026|2026_06
bernie_(phantasy_star_online),character,2025|2026|2026_06
berno_light_(umamusume),character,2025
berot4ksenku,artist,2025
berry-chan_(satou_(3366_s)),character,2025
berry_(vtuber),character,2025
berrychan00,artist,2025|2026|2026_06
berryeaterr,artist,2025
berryrazuberry,artist,2025
berserk_dragon_kaiser_wyvern_(sd_gundam),character,2025|2026|2026_06
berserkbrandee,artist,2025
berserker_(aoe2),character,2025
berserker_(benghuai_xueyuan),character,2025|2026|2026_06
berserker_(fate/samurai_remnant),character,2025
bertalh,artist,2025
berthold_(isekai_izayaka),character,2025
beruka_sub,artist,2025
beruu,artist,2025|2026|2026_06
berwick_saga,copyright,2025|2026|2026_06
beryl_gut_(grail_league),character,2025
beryllium_game,artist,2026|2026_06
besombestanguy,artist,2025
bespectacled_third_eye,general,2025|2026|2026_06
bespin,artist,2025|2026|2026_06
beta_(kage_no_jitsuryokusha_ni_naritakute!),character,2025|2026|2026_06
beta_(kage_no_jitsuryokusha_ni_naritakute!)_(cosplay),general,2025|2026|2026_06
betabeet,artist,2025|2026|2026_06
betabeet_(style),general,2026|2026_06
betabetamaru,artist,2025|2026|2026_06
betato,artist,2026|2026_06
beth_(princession_orchestra),character,2025
beth_(redustheriotact),character,2025
betrayal-and-wisdom,artist,2025
betsy_(summer_camp_island),character,2025|2026|2026_06
betty_&_ozzy_(norixio),character,2025|2026|2026_06
beuliseuka,artist,2025
bewitching_queen_morgan_(grimms_notes),character,2025|2026|2026_06
beyond_the_nobles_(idolmaster),general,2025|2026|2026_06
beyond_the_vibes_(idolmaster),general,2025|2026|2026_06
beyond_the_wishes_(idolmaster),general,2025|2026|2026_06
bgsdgfergf,artist,2025
bhaisa,character,2025|2026|2026_06
bhh4mnssbkm,artist,2026|2026_06
bhm,artist,2025|2026|2026_06
bhs-archetyperex,artist,2025|2026
bi_lan_hang_xian_yan_fa_zu,artist,2025
bi_lan_hang_xian_yan_fa_zu_(weibo_6124450240),artist,2026|2026_06
biabiabia8,artist,2025
bian_shi,character,2025
bianshi_(sangoku_musou),character,2026|2026_06
biatocha_030,artist,2025
bibcoon,character,2025|2026|2026_06
bibicoffe,artist,2025
bicorn,character,2025|2026|2026_06
bicycle639,artist,2025
bidarian,artist,2025
biditerian,artist,2025|2026|2026_06
bidiu_(the_legend_of_luoxiaohei),character,2025|2026|2026_06
biechi_huadheng,artist,2025|2026
biezhifeng,artist,2025
bifrons,character,2025
big-rig_mouth,character,2025|2026|2026_06
big_and_might_be_bad_wolf,character,2025
big_cat_shan,artist,2025|2026|2026_06
big_eared_miyabi_(meme),general,2025
big_eyes,general,2025
big_fire_dragon,artist,2025
big_nose,general,2025|2026|2026_06
big_sister,character,2025
big_sister_(cosplay),general,2025
bigdumsirk,artist,2025
bigfoot,general,2025|2026|2026_06
biggukonbu,artist,2025|2026|2026_06
bigppea,artist,2025
biisuupaa,artist,2025
bijouvirus,artist,2025|2026|2026_06
bike_rake_barricade,general,2025
biker_gamer_level_1,general,2025|2026|2026_06
biker_gamer_level_2,general,2025
bikini_girl_(gta_vi),character,2025|2026|2026_06
bikini_girl_(gta_vi)_(cosplay),general,2025|2026|2026_06
bikini_under_shorts,general,2025|2026|2026_06
bilibala23,artist,2025
bilibili_11696799,artist,2026|2026_06
bilibili_54407119,artist,2025
bilibili_88142758,artist,2025
bilibili_956501,artist,2026|2026_06
bilibiligoods,artist,2025
bilingual,general,2025
bill_overbeck,character,2025|2026|2026_06
billard_ball_rack,general,2026|2026_06
billi_(queen_complex),character,2025
billie_(deadlock),character,2026|2026_06
billy_and_miriam_locane,character,2025|2026|2026_06
billy_cranston,character,2025
billy_the_kid_damashii,general,2025
bimbettes,character,2025
binding,general,2025
binding_shield,general,2025|2026|2026_06
bine_kun,artist,2025|2026|2026_06
bingbing_(hrppbb),artist,2025|2026|2026_06
bingjinghushi014,artist,2025
bingqilintu,artist,2025
binner_(font),general,2025
binz,character,2025
bion_(marfusha),character,2025
bion_(marfusha)_(cosplay),general,2025
bipalmei,artist,2026|2026_06
birch_(pokemon),character,2025
birch_(pokemon)_(cosplay),general,2025
bird_of_paradise_(bird),general,2025|2026|2026_06
birdking,artist,2025
birdmen,copyright,2025
birds--daily,artist,2025|2026|2026_06
biscione_(fate)_(first_ascension)_(fate),character,2025
biscione_(fate)_(second_ascension)_(fate),character,2025
biscione_(fate)_(third_ascension)_(fate),character,2025
bishoujo_yuusha-tachi_o_shitagaete_teihen_goblin_kara_nariagare!,copyright,2025
bissha_(fjsf5787),artist,2025
bitc_36,artist,2025|2026|2026_06
bitcs36,artist,2025
bite_mark_on_pecs,general,2025
bite_mark_on_thighs,general,2025
bite_the_dust_pose_(jojo),general,2026|2026_06
biting_another's_head,general,2025|2026|2026_06
biting_another's_shoulder,general,2025
biting_arm,general,2025|2026|2026_06
biting_finger,general,2025|2026|2026_06
biting_shark,general,2025
biting_tongue,general,2025
bittc,artist,2025|2026
bitte_(food),general,2025|2026|2026_06
biwa_hayahide_(noel_rouge_carol)_(umamusume),character,2025|2026|2026_06
biwa_hayahide_(umamusume)_(holy_night),general,2025
biwahoushi,general,2025|2026|2026_06
bixie,general,2025|2026|2026_06
bizarro_(superman),character,2025|2026|2026_06
bizounette,artist,2025
bkb_(kunasd-bkb),artist,2026|2026_06
bkcnvkniwoz0f4d,artist,2025|2026|2026_06
bkhayatej,artist,2025
bkn_krn,artist,2025
bkzoza94vqpdesu,artist,2025
black7227,artist,2025
black_(blackfallsensei),artist,2025
black_(ravencrow_963),artist,2025
black_(type-moon),artist,2025
black_ark_ranger_(nikke),character,2025|2026|2026_06
black_bandaid,general,2025
black_bikesuit,general,2025
black_bikini_bottom,general,2025
black_birch,artist,2025
black_bison_ranger,character,2025
black_blindfold,general,2025
black_brooch,general,2025
black_clothes,general,2025|2026|2026_06
black_cloud,general,2025
black_clouds,general,2025|2026|2026_06
black_couch,general,2025|2026|2026_06
black_eagle,artist,2025
black_eyebrows,general,2025
black_fixer_(lobotomy_corporation),character,2025|2026|2026_06
black_footwear,general,2025
black_frills,general,2025
black_frog_ninjazord,character,2025
black_gemstone,general,2025|2026|2026_06
black_handwear,general,2025|2026|2026_06
black_head_scarf,general,2025
black_headgear,general,2025
black_headphones,general,2025
black_high_heels,general,2025
black_hole_ga_okashoutengai_(vocaloid),copyright,2025|2026|2026_06
black_innertube,general,2025|2026|2026_06
black_joa,artist,2025
black_knight_(granblue_fantasy),character,2025|2026|2026_06
black_knight_(granblue_fantasy)_(cosplay),general,2025|2026|2026_06
black_leather,general,2025
black_legion,general,2025|2026|2026_06
black_leglet,general,2025
black_legwear,general,2025
black_light,artist,2025|2026|2026_06
black_lily's_tale,copyright,2026|2026_06
black_lipstick_tube,general,2026|2026_06
black_maebari,general,2025
black_mask_(batman),character,2025|2026|2026_06
black_neckwear,general,2025
black_olive_vegetable,artist,2025
black_one-piece_(module),general,2025
black_panther_(film),copyright,2025
black_pasties,general,2025
black_petticoat,general,2025
black_pouch,general,2025
black_racing_suit,general,2025|2026|2026_06
black_ranger,character,2025
black_rose_(.hack//),character,2025|2026|2026_06
black_sea,general,2025|2026|2026_06
black_shadow,character,2025
black_shadow_(fate),character,2025
black_site,general,2025
black_sleeve_cuffs,general,2025|2026|2026_06
black_sports_panties,general,2026|2026_06
black_squiddle_dress,general,2025
black_star,character,2025|2026|2026_06
black_star_(cosplay),general,2025|2026|2026_06
black_star_(module),general,2025
black_stole,general,2025
black_stripes,general,2025
black_suspenders,general,2025|2026|2026_06
black_swan,copyright,2025
black_swan_(ln),copyright,2025
black_tinkerbell,general,2025
black_torch_(tsuyoshi_takaki),copyright,2025
black_van,general,2025
black_wetsuit,general,2025|2026|2026_06
black_widow_(film),copyright,2025
blackalpha,artist,2025|2026|2026_06
blackberrehart,artist,2025|2026|2026_06
blackboard_sign,general,2025|2026|2026_06
blackbull,general,2025|2026
blackdahlia,artist,2025
blackirish1988,artist,2025
blacklight,general,2025
blacklimes,artist,2025
blackoutballad,artist,2025
blackshadow_(f-zero),character,2025
blacky_ale,character,2025
blade_(nu_carnival)_(cosplay),general,2025|2026|2026_06
blade_of_ahn-nunurta,general,2025
blade_of_the_immortal,copyright,2025|2026|2026_06
blade_rider_watch,general,2025
blade_runner,copyright,2025
blade_shine,general,2025
blades_of_mercy,general,2025
blair_(barbie),character,2025
blair_(touya1),artist,2025
blanc_(whit_blanc),artist,2025
blanc_berry,artist,2025|2026|2026_06
blanca_(pokemon),character,2025
blanche_(tensei_shitara_slime_datta_ken),character,2025
blanket_w_(artist),artist,2025
blaze-baitong,artist,2025
blazeybea,artist,2026|2026_06
blazh_(artist),artist,2025
bleached_hair,general,2025|2026|2026_06
bleaksqueak,artist,2025
bleedingpervert,artist,2025|2026|2026_06
blen-bodega,artist,2025|2026
blie,general,2025
blimax_28k,artist,2025|2026|2026_06
blind_girl's_dog_(popopoka),character,2025
blind_girl's_father_(popopoka),character,2025
blind_girl's_mother_(popopoka),character,2025
blind_girl_(popopoka),character,2025
blind_girl_(popopoka)_(cosplay),general,2025
blinders,general,2025|2026|2026_06
blitzcrank,character,2025|2026|2026_06
blizzard_knuckle,general,2025|2026|2026_06
bllustration,artist,2025|2026|2026_06
blockhead_bh,artist,2025|2026|2026_06
blogger,copyright,2025|2026|2026_06
blogger_username,general,2025|2026|2026_06
blok2004,artist,2025|2026
blon,character,2025|2026|2026_06
blonde_eyebrows,general,2025
blonde_girl's_brother_(popopoka),character,2025
blonde_girl_(popopoka),character,2025
blood-soaked,general,2025|2026|2026_06
blood405405,artist,2025
blood_drawing,general,2026|2026_06
blood_moon_zyra_(league_of_legends),character,2025|2026|2026_06
blood_on_hands,general,2025|2026|2026_06
blood_path_(trpg),copyright,2025|2026|2026_06
blood_w,artist,2026|2026_06
bloodbeast,character,2025|2026|2026_06
bloodfillvoid,artist,2025
bloodfountain_background,general,2025
bloodhound,artist,2025
bloodrayne,character,2025|2026|2026_06
bloodrayne_(videogame),copyright,2025|2026|2026_06
bloodstained-sheira,artist,2025
bloody_(yes!_precure_5),character,2025|2026
bloody_scissors,general,2025|2026|2026_06
bloody_window,general,2025|2026|2026_06
bloodytongue666,artist,2025|2026|2026_06
bloom_lordmon,character,2025
bloom_lordmon_(cosplay),general,2025
bloom_up_(shining_nikki),character,2026|2026_06
bloomerang,character,2025
blooming_mask_(shining_nikki),character,2026|2026_06
bloomminority,artist,2025|2026|2026_06
bloon,character,2025
blossomlikereadbook,artist,2025
blover_(plants_vs_zombies),character,2025
blowing_smoke,general,2025|2026|2026_06
blu_berry,artist,2025|2026|2026_06
blu_c,artist,2025
blue-umbrella,artist,2025|2026|2026_06
blue_(google_doodle),character,2025
blue_(happinesscharge_precure!),character,2025|2026|2026_06
blue_areolae,general,2026
blue_bandaid,general,2025
blue_blindfold,general,2025
blue_book,general,2025
blue_brooch,general,2025
blue_card,general,2025|2026|2026_06
blue_cat_(bilibili_3714474),artist,2025
blue_clouds,general,2025|2026|2026_06
blue_couch,general,2025|2026|2026_06
blue_cross,general,2025|2026|2026_06
blue_crystal_(module),general,2025
blue_emmisary,character,2025
blue_footwear,general,2025
blue_frills,general,2025
blue_gemstone,general,2025|2026|2026_06
blue_gunvoy_(sd_gundam),character,2025|2026|2026_06
blue_handwear,general,2025|2026|2026_06
blue_headphones,general,2025
blue_innertube,general,2025|2026|2026_06
blue_knee_pads,general,2025
blue_knight_(granblue_fantasy),character,2025|2026|2026_06
blue_legwear,general,2025
blue_lipstick_tube,general,2025|2026|2026_06
blue_lock_uniform,general,2025
blue_mantle,general,2025|2026|2026_06
blue_moment,artist,2025
blue_monkey,character,2025
blue_moon_(artist),artist,2025|2026|2026_06
blue_moon_(module),general,2025
blue_mountain,character,2025
blue_neckwear,general,2025
blue_pasties,general,2025
blue_petticoat,general,2025
blue_playnet,artist,2025
blue_pom_poms,general,2025
blue_racing_suit,general,2026|2026_06
blue_ranger,character,2025
blue_room,artist,2025
blue_rose_(tabletop_rpg),copyright,2025|2026|2026_06
blue_sentinel,character,2025|2026|2026_06
blue_sky_(user_zgac4337),artist,2026|2026_06
blue_sleeve_cuffs,general,2025|2026|2026_06
blue_soul_(undertale),character,2026|2026_06
blue_sports_panties,general,2026|2026_06
blue_stole,general,2025
blue_stripes,general,2025
blue_suede_shoes,general,2025
blue_suspenders,general,2025|2026|2026_06
blue_swim_briefs,general,2026|2026_06
blue_symphony,general,2025
blue_track_jacket,general,2025
blue_undershirt,general,2025
blue_wetsuit,general,2025|2026|2026_06
blue_wind_ranger_(cosplay),general,2025
blueberry_muffin_(1980s),character,2025
blueberryjamcookies,artist,2025
bluebluemeth,artist,2025
bluecat,artist,2025
bluedino262566,artist,2026
blueee12,artist,2025
bluefeather86,artist,2025|2026
blueorbit_hzmk,artist,2025
bluephoenix,artist,2025
blues,character,2025|2026|2026_06
blues_drive_amelia_(vtuber)_am-bot,character,2025|2026|2026_06
bluishfeel,artist,2026|2026_06
blumper3,artist,2025|2026|2026_06
blur,general,2025
blurring_my_day,artist,2025
blurry_border,general,2025|2026|2026_06
blurrymoss,artist,2025
blush_(makeup),general,2025|2026|2026_06
blush_flash_(ensemble_stars!),general,2025|2026|2026_06
blushbunny,character,2025|2026|2026_06
bm59_mk4,general,2025
bmp_2,artist,2026|2026_06
bmwved,artist,2025
bmx,general,2025|2026|2026_06
bnc_(bunshi),artist,2025
bng_modoki16,artist,2025|2026|2026_06
boarding_live_(ensemble_stars!),general,2025|2026|2026_06
boatmormon,artist,2025
bob_(bobtheneet),artist,2025
bob_(nicoseiga),artist,2025
bob_2002_(pop'n),character,2025
bob_strang,artist,2025
bobmob_suponge,artist,2025
bobmond_(artist),artist,2025
bobobibobojiang,artist,2025
bobun_ad,artist,2025|2026|2026_06
boby_oreon,artist,2025|2026|2026_06
bocajrofstra,artist,2025|2026|2026_06
bocco_(pokemon),character,2025
bocco_(pokemon)_(cosplay),general,2025
boczitok,artist,2025|2026|2026_06
bodiedwile,artist,2025
bodskih,artist,2025
bodyconian,character,2025|2026|2026_06
bogidark,artist,2026|2026_06
bohemian,general,2025|2026|2026_06
boiledpotatoes,artist,2025
bojue_(hakus_1128),artist,2025|2026|2026_06
boku_&_dragons,copyright,2025|2026|2026_06
boku_no_tonari_ni_ankoku_hakaishin_ga_imasu,copyright,2025
bokuhime_project,copyright,2025
bokumon24,artist,2025
bokuou,artist,2025
bokura_(game),copyright,2025|2026|2026_06
bokuvoid1030,artist,2025
bold_and_brash_(spongebob_squarepants),general,2025
boli_mei_an,artist,2025
bollard,general,2025|2026|2026_06
bols_daughter,character,2025
bols_wife,character,2025
boltgun_(game),copyright,2025|2026|2026_06
bom61487782,artist,2025|2026|2026_06
bombergirl573,artist,2025
bonamize,artist,2025
bonbori,character,2025
bonchan,character,2025|2026
bondage_gear,general,2025|2026|2026_06
bondo_(pixiv),artist,2025|2026|2026_06
bone_marrow,general,2025|2026|2026_06
bone_namu(namu49850),artist,2025
boney_face,general,2025|2026
bongfill,artist,2025
bongzu,artist,2026|2026_06
bonk_choy_(plants_vs_zombies),character,2025
bonnie_(darkest_dungeon),character,2025
bonnie_(eris),character,2025
bonnydada8,artist,2025
bonz_(bonz0616),artist,2025
boo_(takagi),artist,2025
boo_buddy,character,2025
boodle,character,2025
book_of_wisdom,character,2025|2026|2026_06
bookmarkahead,artist,2025
bookplate,general,2025
bookworm_(batman),character,2025|2026
boole0812,artist,2026|2026_06
boomerang_brothers,character,2025
boondock_saints,copyright,2025
boonie_baby,artist,2025
boost_magnum,general,2025|2026|2026_06
booster,character,2025
booster_rocket,general,2025|2026|2026_06
bootjob,general,2025|2026|2026_06
boowak1,artist,2025|2026|2026_06
bordeaux_(re:zero),character,2025|2026|2026_06
borgen,character,2025
boris_rusov,artist,2025
boroboro_no_elf-san_o_shiawaseni_suru_kusuri_uri-san,copyright,2025
borsalino_(kizaru),character,2025
borsalino_(kizaru)_(cosplay),general,2025
bosch,artist,2025
boss_(gats),character,2025
boss_(vertigris),character,2025
boss_monster,general,2025
bosub_1125359,artist,2026|2026_06
botis,character,2025
bottle7,artist,2025
bottom_(sexual_preference),general,2025
botttomtext,artist,2025|2026|2026_06
boudica_(mythology),character,2025|2026
boudica_(third_ascension)_(fate)_(cosplay),general,2025
boumdraws,artist,2025
bow_cape,general,2025|2026|2026_06
bow_chemise,general,2025|2026|2026_06
bow_coat,general,2025|2026|2026_06
bow_headphones,general,2026
bow_sarong,general,2025|2026|2026_06
bow_skirt,general,2025|2026|2026_06
box_jellyfish_(genshin_impact),character,2025
boxbird,artist,2025
boy_band_(film),copyright,2025
boya_(user_cdjw4444),artist,2025
boyfriend_(friday_night_funkin')_(d-sides),character,2025|2026|2026_06
boyfu,character,2025
boyz,character,2025|2026|2026_06
bozi_(labochushi),artist,2025
bpy_smock,artist,2025|2026|2026_06
bqch,artist,2025
br_(artist),artist,2025
bra_only,general,2025
bradley_hana,character,2026|2026_06
bradlycolin,artist,2025
bradwells,artist,2025
brahma_bone,artist,2025
braided_fur,general,2025|2026|2026_06
braided_sidelock,general,2025|2026|2026_06
brain_implosion_energy,copyright,2026
brainchoco,artist,2025|2026|2026_06
brainrot_girlfriend_(senukin),character,2025
brains_and_brawn_(pokemon),character,2025
brand_(league_of_legends),character,2025|2026|2026_06
brandon_(clinical_trial),character,2025
branmccloud,artist,2025
brantheonion,artist,2025
braum_(league_of_legends),character,2025|2026|2026_06
brave_butterfly_(module),general,2025
brave_dragon,general,2025|2026|2026_06
brave_the_hard,character,2025
braveheart_(1995_film),copyright,2025
brawler_(dungeon_and_fighter),character,2025
brayanong999,artist,2025
brazilian_expeditionary_force,general,2025
brazilian_sadako,character,2025|2026|2026_06
brbubsh,artist,2025|2026|2026_06
brdm,general,2025
breadcatta2,artist,2025
break-action_revolver,general,2025
break_butterfly_(module),general,2025
breaking_mammoth,general,2025
breast-to-breast,general,2025|2026|2026_06
breast_biting,general,2025|2026|2026_06
breast_curtain,general,2025|2026|2026_06
breast_cutout,general,2025|2026|2026_06
breast_damage,general,2025|2026|2026_06
breast_hold,general,2025|2026|2026_06
breast_milk,general,2025
breast_parasite,general,2025|2026
breast_poke,general,2025
breast_ribbon,general,2025|2026|2026_06
breast_slap_mark,general,2025|2026|2026_06
breast_to_pectoral_docking,general,2025|2026|2026_06
breathing,general,2025|2026|2026_06
brendon_tapper,artist,2025|2026|2026_06
bretonnia,general,2025|2026|2026_06
briar_(league_of_legends),character,2025|2026|2026_06
briar_(league_of_legends)_(cosplay),general,2025|2026|2026_06
bridal_garter,general,2025
bridget00747,artist,2025
brietta,character,2025
brigadewing,artist,2025|2026|2026_06
bright_memories_(idolmaster),general,2025|2026|2026_06
brigit_(mythology),character,2025|2026|2026_06
brillianttuo,artist,2025|2026|2026_06
briquette_stove,general,2025|2026|2026_06
bristle,character,2025|2026|2026_06
british_battledress,general,2026|2026_06
britney_(totally_spies),character,2025|2026|2026_06
britt_barton,character,2025|2026|2026_06
brm,copyright,2025|2026|2026_06
bro_(murgoten),character,2025
bro_strider,character,2025|2026|2026_06
brock's_jelly_doughnuts_(meme),general,2025
brogy,character,2025
broken_arrow_(video_game),copyright,2025|2026|2026_06
broken_artificial_vagina,general,2026|2026_06
broken_skin,general,2025|2026|2026_06
brokenrobo_000,artist,2025|2026|2026_06
bronya_zachick_(white_arc),character,2025|2026
bronya_zaychik_(school_swimsuit)_(cosplay),general,2025
bronzeerectile,artist,2025
brooklyn_(halloween_mode)_(kancolle),character,2025
brooklyn_(swimsuit_mode)_(kancolle),character,2025
broom_(artist),artist,2025
brother-in-law,general,2025|2026|2026_06
brown_blindfold,general,2025
brown_brooch,general,2025
brown_curtains,general,2025
brown_eyebrows,general,2025
brown_footwear,general,2025
brown_gemstone,general,2025|2026|2026_06
brown_glassware,general,2025
brown_headphones,general,2025
brown_headwear,general,2025
brown_innertube,general,2025|2026|2026_06
brown_legwear,general,2025
brown_lipstick_tube,general,2026|2026_06
brown_pasties,general,2025
brown_sleeve_cuffs,general,2025|2026|2026_06
brown_straps,general,2025|2026|2026_06
brown_stripes,general,2025
brown_wetsuit,general,2025|2026|2026_06
browning_m3,general,2025
brs_(33143752),artist,2025
bruce_landlord_(meme),general,2025
bruh_(user_chav7537),artist,2025
bruise_on_elbow,general,2025
bruised_chest,general,2025
brumm,character,2025
brunette_bangs_nun_(diva),character,2025
brunhilde_(kamihime_project),character,2025
brush_script_(font),general,2025
brussels,artist,2025
brute_(halo),general,2025
bryantlee998,artist,2025|2026|2026_06
brynhild_(benghuai_xueyuan),character,2025|2026|2026_06
brynhild_(swimsuit_berserker)_(fate),character,2025
brynhildr,character,2025
brynhildr_(cheer_for_master)_(fate),character,2025
brynhildr_(cheer_for_master)_(fate)_(cosplay),general,2025
brynhildr_(fate),character,2025
brynhildr_(fate)_(cosplay),general,2025
brynhildr_(mythology),character,2025
brynhildr_(swimsuit_berserker)_(fate),character,2025
brynhildr_(swimsuit_berserker)_(fate)_(cosplay),general,2025
brynhildr_(swimsuit_berserker)_(first_ascension)_(fate),character,2025
brynhildr_(swimsuit_berserker)_(second_ascension)_(fate),character,2025
brynhildr_(swimsuit_berserker)_(third_ascension)_(fate),character,2025
brynhildr_(tome),general,2025|2026|2026_06
brynhildr_(traveling_outfit)_(fate),character,2025
brynhildr_(under_the_same_sky)_(fate),character,2025
brynhildr_(valkyrie_style)_(fate),character,2025
brynhildr_(valkyrie_style)_(fate)_(cosplay),general,2025
brynhildr_romantia,general,2025
brynhildr_sigurutein,general,2025
bsc3507,artist,2026|2026_06
bsy755,artist,2025
btpica,artist,2026|2026_06
bu55top,artist,2025|2026|2026_06
bu_liang_zhi_nian_qing_chu_shi,copyright,2025|2026|2026_06
bu_lianshi_(shin_sangoku_musou),character,2026|2026_06
bub_bub20,artist,2025|2026|2026_06
bubble_tea_challenge_failure,general,2025|2026|2026_06
bubing323,artist,2025
bubsy_(character),character,2025|2026|2026_06
bubsy_(character)_(cosplay),general,2025|2026|2026_06
bubu_(user_dvmd4454),artist,2026|2026_06
buchako,artist,2025
buchi_(madara),artist,2025
buchi_(mekko_rareko),character,2025
bucishiro,artist,2025
buck_(halo),character,2025
buckethead_zombie_(plants_vs_zombies),character,2025
buddy_(saucy_salmon),character,2025
budou_arms,character,2025|2026|2026_06
buffpup_(vtuber)_(werepup),character,2025|2026|2026_06
bug_box,general,2025
bug_noir_(character),character,2025|2026|2026_06
bug_penis,general,2025
bugaboo_(strange_journey),character,2025
bugplayer,artist,2025
buheyibushe,artist,2025
bui_(i1lnoo3oaivaq8p),artist,2025
bui_(mabui),artist,2025
build_armor,general,2025|2026|2026_06
build_rider_watch,general,2025
bukkiti_takara,artist,2025
bulbaasaurs,artist,2025
bulgarian_audio,meta,2026
bullet_man,general,2025|2026|2026_06
bulletproof_(character),character,2025
bullfalk,artist,2025|2026|2026_06
bumblebee_(film),copyright,2025
bumpy_nipples,general,2025
bun_nanami,artist,2025|2026|2026_06
bunbee_(yes!_precure_5),character,2025|2026|2026_06
bunbumbunny,artist,2025
bunbun_(pibby),character,2025|2026
bungee-gumu,artist,2025
bungee_zombie_(plants_vs_zombies),character,2025
bunko_(b_unko_3),artist,2025|2026|2026_06
bunkyou_(tokyo),general,2025|2026|2026_06
bunnitake,artist,2025
bunny-boss,artist,2025
bunny_carrot_coat_(project_sekai),general,2025
bunny_ears_hoodie_(module),general,2025
bunny_fluffy_cardigan_(project_sekai),general,2025
bunroku,character,2025
bunsan_(es_ist_genug),artist,2025
bunsen_honeydew,character,2025|2026|2026_06
bunshuu,character,2025
bunting,general,2025|2026|2026_06
burakawani_(ooo_combo),character,2025|2026|2026_06
burakku_rokkushuutaa_fragment_(koshiki),artist,2025
bureau_of_alcohol_tobacco_firearms_and_explosives,general,2025
buredo,artist,2025
buresu21,artist,2025
burgersekai,artist,2026|2026_06
burgundy_hairband,general,2026|2026_06
burgundy_jacket,general,2025|2026|2026_06
burgundy_pants,general,2025|2026|2026_06
burinosashimi,artist,2025|2026|2026_06
burlesque_(film),copyright,2025
burn,general,2025|2026|2026_06
burn_mekabu,artist,2025
burned_paper,general,2025|2026|2026_06
burnet_(pokemon),character,2025
burnet_(pokemon)_(cosplay),general,2025
burning_falcon,general,2025
burning_stone_(module),general,2025
burninggorilla,general,2025|2026|2026_06
burningyurijoji,artist,2025|2026|2026_06
burnmite,general,2025
burns_tiger5,artist,2025|2026|2026_06
burnt_pupils,general,2025|2026
burstchicken,artist,2025
burtgang_(crosscore),character,2026|2026_06
buruburu18,artist,2025
burutaru_chan_(brutal_vap),character,2026|2026_06
bushi_(utew7553),artist,2026|2026_06
bushinoko_2307,artist,2025|2026|2026_06
buster_shirt,general,2025|2026|2026_06
busujima_rio_mason,character,2025
busujima_rio_mason_(cosplay),general,2025
busymin,artist,2025
butaikun,artist,2025|2026|2026_06
butanoketu_gto,artist,2025
butchers_nails,general,2025|2026|2026_06
butteredcat,artist,2025|2026|2026_06
butterfly_request,meta,2025
buunana,artist,2026|2026_06
bv_illust,artist,2025|2026|2026_06
bw-inc,artist,2025
bw_(long_gone_gulch),general,2025
by_nearreya,artist,2025|2026|2026_06
byakuro_shirushi_kei_(kei6221),artist,2026|2026_06
byhgr,artist,2025
byleth_(female)_(fire_emblem),character,2025
byleth_(female)_(fire_emblem)_(cosplay),general,2025
byleth_(female)_(frosty_professor)_(fire_emblem),character,2025
byleth_(female)_(jehanna)_(fire_emblem),character,2025
byleth_(female)_(resplendent)_(fire_emblem),character,2025
byleth_(female)_(summer)_(fire_emblem),character,2025
byleth_(fire_emblem),character,2025|2026|2026_06
byleth_(male)_(fire_emblem),character,2025
byleth_(male)_(fire_emblem)_(cosplay),general,2025
byleth_(male)_(frosty_professor)_(fire_emblem),character,2025
byleth_(male)_(halloween)_(fire_emblem),character,2025
byleth_(male)_(khadein)_(fire_emblem),character,2025
byris_(bayris),artist,2025
byss_7,artist,2025|2026|2026_06
bytekun,artist,2025|2026|2026_06
c&#039;s,artist,2025
c-clamp_(tool),general,2026|2026_06
c-dra,artist,2025
c-r-l-o-0-5,artist,2025
c.h.s.,copyright,2025
c.i.e.l_(fate),character,2025
c.i.e.l_(fate)_(cosplay),general,2025
c.i.e.l_(first_ascension)_(fate),character,2025
c.i.e.l_(second_ascension)_(fate),character,2025
c.i.e.l_(third_ascension)_(fate),character,2025
c.s._terzo_(chstrangelll),artist,2025|2026|2026_06
c0413a,artist,2025
c10551,artist,2025
c113oreo,artist,2025
c22,character,2025
c2h4labs,artist,2025
c2ii,artist,2025
c3ure,artist,2025|2026|2026_06
c4c7h,artist,2025
c_(rahit),artist,2025
c_7,artist,2025
ca_(maeda_koutarou),copyright,2025|2026|2026_06
ca_of-3,artist,2025
caballero_hw,artist,2025|2026|2026_06
cabbage-pult_(plants_vs_zombies),character,2025
cabbage_pic,artist,2025
cabbie_hat,general,2025
cacao282,artist,2025|2026|2026_06
cacao_59,artist,2025|2026|2026_06
cachaca_51,copyright,2025
cactasis,artist,2025
cactus_(plants_vs_zombies),character,2025
cacucu,character,2025
cadanto_(wuthering_waves),character,2025|2026|2026_06
cadie,character,2025
cadual,general,2025
cae,general,2025|2026|2026_06
caeda_(summer)_(fire_emblem)_(cosplay),general,2025|2026|2026_06
caenis_(second_ascension)_(fate)_(cosplay),general,2026|2026_06
caenis_(swimsuit_rider)_(fate)_(cosplay),general,2025|2026|2026_06
caesar_(megami_tensei),character,2025
caesar_(megami_tensei)_(cosplay),general,2025
caesar_anthonio_zeppeli's_pose_(jojo),general,2025
cafe-anteiku,artist,2025
cafe_memorial_(blue_archive),general,2026|2026_06
caiman,character,2025
cait_sith_(court_jester),character,2025|2026|2026_06
cait_sith_(felyne_kamura_garb),character,2025|2026|2026_06
cait_sith_(final_fantasy),character,2025|2026|2026_06
cait_sith_(final_fantasy)_(cosplay),general,2025|2026|2026_06
cait_sith_(legend_clover),character,2026|2026_06
cait_sith_(marching_jacket),character,2025|2026|2026_06
cait_sith_(party_jacket),character,2025|2026|2026_06
cait_sith_(pumpkin_jacket),character,2025|2026|2026_06
caitlin_(totally_spies),character,2025|2026
caitlyn_(league_of_legends),character,2025|2026|2026_06
caitlyn_(league_of_legends)_(cosplay),general,2025|2026|2026_06
cake_(adventure_time),character,2025
cake_hat,general,2025|2026|2026_06
cakehcr,artist,2025|2026|2026_06
calcabrina,character,2025|2026|2026_06
caldwell_(witcher),character,2025|2026
caleb_quinn,character,2025|2026|2026_06
caledfwlch,general,2025
caledv,artist,2025|2026
calico,general,2025
calico_print,general,2025
callie_(agent_1/casual)_(splatoon),character,2025
callie_(kimono)_(splatoon),character,2025
callisto_(princession_orchestra),character,2025
callu_jy,artist,2025|2026|2026_06
calorism,artist,2025
calpico,artist,2025|2026|2026_06
calpis_ex,artist,2025
calyrex_(ice_rider),character,2025
calyrex_(shadow_rider),character,2025
calytrix_(blitzcore),character,2025
cam070,artist,2025
cam_(rhythm_tengoku),character,2025
camael,character,2025|2026
camcamcelus,artist,2025|2026|2026_06
cameleoncos,artist,2025
camelia_print,general,2025
camera_eyes,general,2025|2026|2026_06
camila_(gomulgong),character,2026|2026_06
camilla_(emblem)_(fire_emblem),character,2026|2026_06
camille407,artist,2026|2026_06
camille_(escalation_heroine),character,2025|2026
camille_(lavantdapres),artist,2025|2026|2026_06
camille_(league_of_legends),character,2025|2026|2026_06
camille_(league_of_legends)_(cosplay),general,2025|2026
camouflaged_object,general,2025|2026|2026_06
campus,artist,2025
campus_(module),general,2025
camui1104,artist,2025
canadian_armed_forces,general,2025|2026|2026_06
canadian_flag_background,general,2025
caname_n'alchemy,artist,2025
canarium,artist,2025
canata_katana,artist,2025|2026|2026_06
candela_(arknights),character,2025
candle0213,artist,2025|2026|2026_06
candre,character,2025
candy07,artist,2026|2026_06
candy_(smile_precure!),character,2025|2026|2026_06
candy_(smile_precure!)_(cosplay),general,2025|2026|2026_06
candymilkhoip,artist,2025
candyseal,artist,2025
cang_qi_lu,artist,2025
cangxuan06273,artist,2025
canister_(pixiv),artist,2025|2026|2026_06
cannot_goodenough,character,2025|2026|2026_06
canons,general,2025
canvas_(medium),meta,2025|2026|2026_06
cao_cao,character,2025|2026|2026_06
cao_cao_(cosplay),general,2025|2026|2026_06
cao_cao_(fetc),character,2025|2026|2026_06
cao_cao_(sangoku_musou),character,2025
caomei_tu_tou_a_xiaoxiao,artist,2025
capcom_pro_tour_cammy,character,2025|2026|2026_06
capcom_vs_snk,copyright,2025
capcom_vs_snk_2,copyright,2025
capella_emerada_lugnica,character,2025|2026|2026_06
capella_emerada_lugnica_(cosplay),general,2025|2026|2026_06
cappyadams,artist,2026
capriccio_(crosscore),character,2025|2026|2026_06
capsicum,general,2025
capsule,general,2025
captain_(fate/strage_fake),character,2025
captain_ahab_(cosplay),general,2025|2026
captain_combustible_(plants_vs_zombies_heroes),character,2025
captain_kizer,artist,2025
captain_marvel,character,2025|2026|2026_06
captain_marvel_(cosplay),general,2025|2026|2026_06
captain_marvel_(film),copyright,2025
captain_morgan_pose,general,2025|2026|2026_06
captain_nemo_(retravel)_(fate),character,2026|2026_06
captain_tennille,character,2025|2026|2026_06
captain_uniform,general,2025|2026|2026_06
captain_wario_(game_&_wario),character,2026|2026_06
captainskelefun,artist,2025
captora,artist,2025
car_mouth,character,2025|2026|2026_06
cara_subato,artist,2025
carabinieri,general,2025
caramel_(pinkbutchart),artist,2025|2026|2026_06
caramelchaii,artist,2025
caramoccii,artist,2025|2026|2026_06
carbon_pad,artist,2025
carcano_m91/38,general,2025|2026|2026_06
card_game,general,2025|2026|2026_06
card_hero,copyright,2025|2026|2026_06
card_hero_ds,copyright,2025|2026
cardboard_giraffe_(topic),artist,2025
caren_hortensia_(amor_caren),character,2025
caren_hortensia_(amor_caren)_(calling_agape),character,2025
caren_hortensia_(amor_caren)_(cosplay),general,2025
caring,artist,2025|2026|2026_06
carlito_0000,artist,2025
carlitoxproductions,artist,2025|2026|2026_06
carlo,artist,2025
carlos_(kyokugen_dasshutu),character,2025
carlyvier_(benghuai_xueyuan),character,2025|2026|2026_06
carmen_(arknights),character,2025
carmen_(opera)_(character),character,2025|2026|2026_06
carmenmcs,artist,2025
carmilla_(gegege_no_kitarou),character,2025|2026|2026_06
carmilla_(novel)_(character),character,2025|2026|2026_06
carmilla_(swimsuit_rider)_(fate),character,2025
carmilla_(swimsuit_rider)_(fate)_(cosplay),general,2025
carn,artist,2025
carne,character,2025
carnelian_(elite_ii)_(arknights),character,2026|2026_06
carnival_chel,character,2025
carnival_pants,general,2025
carol_(film),copyright,2025
carol_(re:zero),character,2025|2026|2026_06
carol_danvers,character,2025|2026|2026_06
carolyn_laplante,artist,2025
carotinoid001,artist,2025|2026|2026_06
carp_parchoviy,artist,2025
carpisu,artist,2025
carrera_(tensei_shitara_slime_datta_ken),character,2025
carriedraws,artist,2025
carrier_(rimworld),character,2025|2026|2026_06
carrot_(comodomodo),character,2025
carrotcilantrobrownsugarsoda,artist,2025|2026|2026_06
carrying_bag,general,2025
carrying_upside,general,2025|2026|2026_06
carter_grayson,character,2025
carton,general,2025|2026|2026_06
carue32,artist,2025
caryle_restram,character,2025
casas,artist,2025
case,general,2025|2026|2026_06
casinia_vlad_clausel,character,2025
casket,general,2025|2026|2026_06
cassandra_(benghuai_xueyuan),character,2025|2026|2026_06
cassandra_(rage_of_the_dragons),character,2025
cassia_tora,artist,2025|2026|2026_06
cassie_(cake),character,2025
cassin_(destroyer),general,2025
cassiopeia_(league_of_legends),character,2025|2026|2026_06
cassius_(cassius_00),artist,2026|2026_06
cassius_(pixiv_21496909),artist,2026|2026_06
castella_10,artist,2025
cat.106,artist,2025
cat_(pixiv5891854),artist,2025|2026|2026_06
cat_(romancing_saga_2),character,2025
cat_bot,artist,2025|2026|2026_06
cat_cat_mammoth,artist,2025
cat_ear_helmet,general,2025
cat_earth2,artist,2025
cat_in_mouth,general,2025
cat_miku,character,2026|2026_06
cat_minuo,artist,2025
cat_miyashiro,artist,2025|2026|2026_06
cat_nose,general,2025|2026|2026_06
cat_panties,general,2025|2026|2026_06
cat_paw_cutout,general,2025|2026|2026_06
cat_request,meta,2025|2026|2026_06
cat_rubbing_(cevio),copyright,2025
cat_shi,artist,2025
catacombo,character,2025
catapult_zombie_(plants_vs_zombies),character,2025
catch_the_rainbow,character,2025|2026|2026_06
catecatee7,artist,2026|2026_06
catenary,general,2025|2026|2026_06
cater_diamond_(birthday_boy),character,2025
caterina_sforza,character,2025|2026|2026_06
cathedral_of_blois,general,2025
cathedral_of_puebla,general,2025|2026
catherine_(elite_ii)_(arknights),character,2026|2026_06
catherine_portillo,character,2025
catholic,general,2025
cathore_(ningkaize),artist,2025
cathy_(sanrio),character,2025
catiya_ofc,artist,2025|2026|2026_06
catlawthemu,artist,2025|2026
catniplewds_(voice_actor),artist,2025
catnyanya,artist,2025
catpaku,artist,2025
cats_are_liquid_(meme),general,2025
cats_are_scared_of_cucumbers_(meme),general,2025
cats_vs_dogs_kindred,character,2025|2026|2026_06
cats_vs_dogs_kled,character,2025|2026|2026_06
cattail_(plants_vs_zombies),character,2025
catwoman_(film),copyright,2025
catyla_(bird8700),character,2025|2026|2026_06
catzuroo,artist,2025
caught_using_vibrator,general,2026|2026_06
cavadong,artist,2025|2026|2026_06
cavall_the_2nd,character,2025
cavendish,character,2025
caw-chan,artist,2025
cb-01_ace,character,2025|2026|2026_06
cccgs5,artist,2025
ccg_rice,artist,2025
cchhoommonn0202,artist,2025
cdd032506,artist,2025|2026|2026_06
ce_(f8077919),artist,2025
ceasar_(tales),character,2025
ceasar_(trickcal),character,2026|2026_06
cecihime_(vtuber),character,2025
cecil_neues,character,2025|2026|2026_06
cecilia_(winter)_(fire_emblem)_(cosplay),general,2025|2026|2026_06
cecilia_northman,character,2026|2026_06
ceijin,artist,2025|2026|2026_06
ceiling79,artist,2025
cel_shading,general,2025
celeb_summer_experience,general,2025
celebi-yoshi,artist,2025
celebi350300687,artist,2025|2026|2026_06
celes_(didnapper),character,2025
celestal_pole_(umamusume),character,2025|2026|2026_06
celeste,artist,2025
celeste_(video_game),copyright,2025|2026|2026_06
celestia_laciel,character,2025
celica_(emblem)_(fire_emblem),character,2025|2026|2026_06
celica_(fire_emblem)_(resplendent),character,2025
celica_(fire_emblem)_(valentia's_hope),character,2025
cello_(us),artist,2025
cendrillon,character,2025
censer,general,2025|2026|2026_06
censored_gore,general,2025|2026|2026_06
centarumon,character,2025
centauri_(saa98),artist,2025
centerline_fuel_tank,general,2025
centur-ion_cimelia,character,2025
centur-ion_primerus_prima,character,2025
centurii-chan_(artist),artist,2025
centurii-chan_(cosplay),general,2025
cephas_(arknights),character,2026|2026_06
cephas_(teekaz)_(arknights),character,2026|2026_06
cerb0980,artist,2025|2026|2026_06
cerberus_(kamen_rider),character,2025
cerberus_(tales_of_innocence),character,2025|2026|2026_06
cerbophix,artist,2025
ceres_(brown_dust_2),character,2026|2026_06
cerise_(pokemon),character,2025
cerna_mouse,character,2025
ceroba,character,2025
cerron,artist,2025|2026|2026_06
certifiedham,artist,2026|2026_06
cervical,artist,2025
cervical_collar,general,2025
cesar_hernandez,artist,2025
cesar_milan,character,2025
cescademesa,artist,2025|2026|2026_06
cestro_(power_rangers),character,2025
cetta_(cettadvd),artist,2025
cetus_(uchi_no_hime-sama),character,2025
cgyhxc3xuqmxvcj,artist,2025
ch'en_(ambience_synesthesia)_(arknights),character,2025
ch1ba12m,artist,2025|2026|2026_06
ch2haya_p,artist,2025|2026|2026_06
ch_20230721,artist,2025
cha202_art,artist,2025|2026|2026_06
cha_cha_(weibo_1886672467),artist,2025
cha_fen_yin_zi,artist,2025
cha_koutou,artist,2025
cha_no,artist,2025
cha_pero,artist,2025
cha_promenade,artist,2025
cha_tsuu,general,2025|2026
chabatavae,artist,2025
chabudai_(table),general,2025
chacana_(benghuai_xueyuan),character,2025|2026|2026_06
chaccalate-,artist,2026|2026_06
chacckco,artist,2025
chace_chen_chen,artist,2025
chachachachamu,artist,2025|2026|2026_06
chaco_(doukutsu_monogatari),character,2025
chad12345,artist,2025
chaeeunhan124,artist,2025|2026|2026_06
chai_z_(xzon),artist,2025
chaiko,artist,2025
chain_collar,general,2026|2026_06
chained_sarkaz_girl,character,2025
chairo_(pixiv108729600),artist,2025
chajo,artist,2025|2026|2026_06
chakuma_academy_uniform,general,2025
chalcosomac.c_(crosscore),character,2026|2026_06
chali_inoni,artist,2025
chalkq,artist,2025|2026|2026_06
chama_(cyamarun),artist,2025
chamako,character|artist,2025|2026|2026_06
chambara_bike_gamer_level_3,general,2025
chami_(charming621),artist,2025|2026|2026_06
champagne_color_(racehorse),character,2025
champanus,artist,2025
champion_uniform,general,2025|2026|2026_06
champs_elysees,general,2026|2026_06
chan1225h,artist,2025
chandra_ablaze,character,2025
chang'an_shier_shichen,copyright,2025|2026|2026_06
chang_pu,character,2025
chang_yang_jiashu_tuan_jizhan_dongwuyuan,artist,2025
chang_ying,character,2026|2026_06
change123,copyright,2025|2026|2026_06
changjiangwei13,artist,2025|2026|2026_06
changjixitingrimu902,artist,2025|2026|2026_06
changpu,artist,2026|2026_06
chanmarorunoe,artist,2025
channah0223,artist,2025
channeler_(dark_souls)_(cosplay),general,2025
chanomi,artist,2025
chansuko_(manba00),artist,2026|2026_06
chanyee,artist,2025
chanzuihou744,artist,2025
chaos_little_match_girl_(grimms_notes),character,2025
chaos_undivided,general,2025|2026|2026_06
chaosufan111_3,artist,2025
chaotikotik,artist,2025
chaoyu114514,artist,2025
chapter_end,general,2025|2026|2026_06
char-siu,general,2025|2026|2026_06
chara_(storyfell),character,2025
chara_(storyshift),character,2025
character-themed_artificial_vagina,general,2025|2026|2026_06
character_in_eye,general,2025
charcharmaru,artist,2025
charcola,artist,2025
charisma_gyaru_(idolmaster),general,2025|2026|2026_06
charles-henri_sanson_(salon_de_marie)_(fate),character,2025
charles_lee,character,2025|2026|2026_06
charles_mcgill,character,2025
charley_(ms_pigtails),character,2025|2026|2026_06
charlot80871230,artist,2025
charlotte_(benghuai_xueyuan),character,2026|2026_06
charlotte_(money_maiden)_(fire_emblem)_(cosplay),general,2025|2026|2026_06
charlotte_(wakakusa_no_charlotte),character,2025
charlotte_barhitte_(tenku)_(grimms_notes),character,2025|2026|2026_06
charlotte_charlotte_(idolmaster),general,2025|2026|2026_06
charlotte_corday_(swimsuit_caster)_(fate),character,2025
charlotte_corday_(swimsuit_caster)_(fate)_(cosplay),general,2025
charmy_(uchi_no_hime-sama),character,2025
charongess,artist,2025|2026|2026_06
charu,artist,2025
charuko_(hachinuki_tetsuyo),character,2026|2026_06
chase_conley,artist,2025
chastity_cage_removed,general,2025
chattematsu,artist,2026|2026_06
chaugnar-faugn,character,2025|2026|2026_06
chaun_meguri,character,2025|2026|2026_06
chawanmushi_(food),general,2025
chaz_(pokemon),character,2025
chazz1220,artist,2025|2026|2026_06
cheap_trick,character|copyright,2025|2026|2026_06
check_background,meta,2025|2026|2026_06
check_censorship,meta,2026|2026_06
check_cosplay,meta,2025|2026|2026_06
check_costume,meta,2025|2026|2026_06
check_font,meta,2025|2026|2026_06
check_gesture,meta,2026|2026_06
check_hair_ornament,meta,2025|2026|2026_06
check_hairstyle,meta,2025|2026|2026_06
check_headwear,meta,2025|2026|2026_06
check_instrument,meta,2025|2026|2026_06
check_language,meta,2025|2026|2026_06
check_mecha,meta,2026|2026_06
check_object,meta,2026|2026_06
checkered,general,2025|2026|2026_06
checkered_headwear,general,2025
chee2222,artist,2025
cheek_blush,general,2025
cheekjob_(sexual),general,2025|2026|2026_06
cheekyposelenets,artist,2025|2026|2026_06
cheer_(module),general,2025
cheer_up_(song),general,2025|2026|2026_06
cheerful_candy_(module),general,2025
cheerful_miku_(module),general,2025
cheese_(chisi64726930),artist,2025
cheese_challenge,general,2025|2026|2026_06
cheese_grater,general,2025|2026|2026_06
cheese_nekoo,artist,2026
cheesecake_(artist),artist,2025|2026|2026_06
cheesecakesdraws,artist,2025
cheetah_ears,general,2025
cheetah_print,general,2025
cheetah_tail,general,2025
cheezywedgez,artist,2026
chef's_special_recipe,character,2025
chekkit,artist,2025
chel_(the_road_to_el_dorado),character,2025
chel_(the_road_to_el_dorado)_(cosplay),general,2025
chelice,artist,2025
chell_(nagi010),artist,2025
chelostracks,artist,2025
chelsea_(dr._stone),character,2025
chen_gong,character,2025|2026|2026_06
chen_qing_ling,copyright,2025|2026|2026_06
chengcen1,artist,2025
chengzhineixihuanxiaogou,artist,2025
chenirin2,artist,2025
chenjicai,artist,2025
chenmidaodaodeyulanyl,artist,2025|2026|2026_06
chenpeipeiii,artist,2025
chenxian2467,artist,2025
chenxue_(astral_op)_(honkai_impact),character,2026
chenyilei930,artist,2025|2026|2026_06
cheongmyeong,character,2025
cherachera,artist,2025|2026
cherkeska,general,2025
chernobyl_npp,general,2025|2026|2026_06
cherry_blossom_flower,general,2025
cherry_bomb_(plants_vs_zombies),character,2025
cherry_magic!,copyright,2025
cherry_panties,general,2025|2026|2026_06
cherrybell,artist,2025|2026|2026_06
cherrylich,artist,2025
chertila_nsfw,artist,2025|2026|2026_06
chess_choco_cookie,character,2025
chess_choco_cookie_(cosplay),general,2025
chess_choco_cookie_(winter_guards),character,2025
chessy2826,artist,2025
chest_armor,general,2025
chest_horn,general,2026|2026_06
chest_studs,general,2025
chest_vets,general,2025
chester_(extracurricular_activities),character,2025|2026
cheunart,artist,2025
chevalier_d'eon_(formal_dress)_(fate)_(cosplay),general,2025
chevalier_d'eon_(maid_knight)_(fate)_(cosplay),general,2025|2026|2026_06
chevalier_d'eon_(salon_de_marie)_(fate),character,2025
chexgirlfriend,artist,2025
chexx60,artist,2025|2026|2026_06
cheytac,general,2025
chez_(m4hche3zy),artist,2025|2026|2026_06
cheza,character,2025|2026|2026_06
chi_(character),character,2025|2026|2026_06
chi_(kage_no_jitsuryokusha_ni_naritakute!),character,2025|2026|2026_06
chi_(luckyeric320),artist,2025|2026|2026_06
chi_rang,artist,2025
chi_trinh,artist,2025|2026|2026_06
chi_xiao,artist,2025|2026|2026_06
chi_xiaolong,character,2026|2026_06
chi_xiaoyu,character,2025|2026|2026_06
chi_z_z_z,artist,2026|2026_06
chiaki28059,artist,2025|2026|2026_06
chiaki_(ryuuseigun),artist,2025
chiakiroart,artist,2025
chiamako,artist,2025
chibbang,artist,2025
chibe,artist,2025
chibi_pit,artist,2025
chibi_yami,character,2025|2026|2026_06
chibibanbi,artist,2025
chibidoki_(vtuber),character,2025|2026|2026_06
chibikuro,artist,2025
chibimaru_wan,artist,2025
chibireviews,artist,2025|2026|2026_06
chica_amor,general,2025
chicken_kiev,general,2026|2026_06
chickenbstrip,artist,2025
chickenchild,artist,2025|2026
chickensyoka,artist,2025
chickenwithtie,artist,2025
chickpea,artist,2025
chicktack_clock,artist,2025
chidentsu,artist,2025|2026|2026_06
chidori,artist,2025
chie's_mom_(ishikei),character,2025|2026|2026_06
chien_(tales_of_innocence),character,2025|2026|2026_06
chieri_(go!_princess_precure),character,2025|2026|2026_06
chiester_sisters_(cosplay),general,2025
chiffon_(fresh_precure!),character,2025|2026|2026_06
chiffon_(fresh_precure!)_(cosplay),general,2025|2026|2026_06
chiffon_dress_(module),general,2025
chiffoncake64,artist,2025
chiga25,artist,2026|2026_06
chiganemaru,character,2026
chiharu_(milky_highway),character,2025
chihaya's_dad,character,2025|2026|2026_06
chihaya's_mom,character,2025|2026|2026_06
chihaya_(jmsdf),general,2025|2026|2026_06
chihaya_(mimic_roid),artist,2025
chihaya_anon's_roommate_(bang_dream!),character,2025
chihaya_katagiri,character,2025
chiisamekai,artist,2025|2026|2026_06
chiisatotakatoh,artist,2025
chijoue_naska,artist,2025
chijue,character,2026|2026_06
chika's_mom_(zatsu_tabi),character,2026|2026_06
chika950404,artist,2025
chika_(chika1989),artist,2025
chika_hasumi,character,2025|2026|2026_06
chika_tatehara,character,2026|2026_06
chikadaioshi,artist,2026|2026_06
chikage_kazama,character,2025
chikamaru,artist,2025
chikanaga_kenichi,artist,2025
chikarit,artist,2025
chikasato_michiru,artist,2025
chikawapkmn0487,artist,2026|2026_06
chikinran_corn,artist,2025|2026|2026_06
chikoi,character,2025|2026|2026_06
chikorita85,artist,2025
chikta,artist,2025
chikuden82010390928,artist,2025
chikuma_(christmas_mode)_(kancolle),character,2025
chikuwa3681,artist,2025
chikuwa_is_good,artist,2025
chiky-uu,artist,2025
chikyuu_boueigun_(tokusatsu),copyright,2025|2026|2026_06
chilcy35,artist,2025|2026|2026_06
child_aeon_(shining_nikki),general,2025
child_gilgamesh_(welcome_diner)_(fate)_(cosplay),general,2025
childhood_friend's_mother_(pensis_x),character,2025
childhood_friend-chan_(pensis_x),character,2025
childhood_friend_(ukitaryu),character,2025|2026|2026_06
chilka_(escalation_heroine),character,2025|2026|2026_06
chillup_boy,artist,2026|2026_06
chillysartwork,artist,2025|2026|2026_06
chilwell_seele,artist,2025
chim-chim,character,2025|2026
chim_chim,character,2025|2026|2026_06
chimei_(love_curse:_find_your_soulmate),character,2026|2026_06
chimera_beast_agito_(jujutsu_kaisen),character,2025|2026|2026_06
chimera_dragons,general,2026|2026_06
chimes,general,2025
chimi_(sugamo-c),artist,2025
chimi_konsui,artist,2025
chimidoloid,artist,2025
chimohama,artist,2025
chimohama_(vtuber),character,2025
chimu_dmp,copyright,2026|2026_06
chin_chin_(pixiv_96781624),artist,2025
chin_strap,general,2025|2026|2026_06
china_(module),general,2025|2026|2026_06
chinanago7010,artist,2025|2026|2026_06
chinatsu_remiel,character,2025|2026|2026_06
chinatsu_remiel_(cosplay),general,2025|2026|2026_06
chinese_armed_police_force,general,2025|2026|2026_06
chinese_chess,general,2025
chinese_coin,general,2025|2026|2026_06
chinfongart,artist,2025
chinjireta,artist,2025|2026
chinkalion,artist,2025|2026|2026_06
chinkyuu,character,2025
chino_c,artist,2025
chino_rkgk,artist,2025
chintsubu,artist,2025
chio095,artist,2025
chiou-624,artist,2025
chip_'n_dale_rescue_rangers_(film),copyright,2025
chipitan0ekak1,artist,2025|2026|2026_06
chipmunk_(kemono_friends),character,2025
chippang1,artist,2025
chipperwhale,artist,2025|2026|2026_06
chippu-!,artist,2025
chirin_genshin,artist,2025
chiroku,artist,2025|2026|2026_06
chironup_(megami_tensei),character,2025
chiru_(champasaurus),artist,2025
chiru_(equation9),artist,2025|2026|2026_06
chirullll,artist,2025
chisa,artist,2025|2026|2026_06
chisa's_mom_(torimogura),character,2026|2026_06
chisa_yasunaga,artist,2025|2026|2026_06
chise_(pop'n_music),character,2025
chishahaone,artist,2025
chishibuki_hiyoko,artist,2025|2026|2026_06
chishiryo,artist,2025
chitoseakaneuta,artist,2025
chiuchiuciui,artist,2025|2026|2026_06
chiwa_rintaro,character,2025|2026|2026_06
chiya_op,artist,2025
chiyakobu_(ssssooooame),artist,2025
chiyo_(chiyo_okyk),artist,2026|2026_06
chiyoko_(taishou_roman),character,2025
chiyoko_(taishou_roman)_(cosplay),general,2025
chiyu,character,2025|2026|2026_06
chiyu1995,artist,2025
chiyu56938,artist,2025|2026|2026_06
chiyu_(cosplay),general,2025|2026|2026_06
chizu_kabe,artist,2025|2026|2026_06
chjjlold,artist,2025|2026|2026_06
chloe_(benghuai_xueyuan),character,2025|2026|2026_06
chloe_(kinnikuman_nisei),character,2025|2026
chloe_takanashi,character,2025
chloe_von_einzbern_(cat_maid_bikini),character,2025|2026|2026_06
chloe_von_einzbern_(swimsuit_avenger),character,2025
chloe_von_einzbern_(swimsuit_avenger)_(cosplay),general,2025
chlor_(himesama_goumon),character,2026|2026_06
cho,artist,2025
cho'gath,character,2025|2026|2026_06
cho_(ss),artist,2025
cho_theg,artist,2025|2026|2026_06
chobiii7,artist,2025
chobisuke_(1121),artist,2025
chobonu,artist,2025|2026|2026_06
chochin-obake,general,2025|2026|2026_06
choco01,artist,2025
chocodip,artist,2025
chocola_(precure_5),character,2025|2026|2026_06
chocolaflex,artist,2025
chocolate_(2008_film),copyright,2025
chocolate_cigarette,general,2025|2026|2026_06
chocolate_covered,general,2025
chocolate_disco,character,2025|2026|2026_06
chocolate_doughnut,general,2025
chocolateraptor,artist,2025
chocura99,artist,2026|2026_06
chogori,general,2025
choi_ye-na,character,2025|2026|2026_06
choice,general,2025|2026|2026_06
choijinho0312,artist,2025
choisd4516,artist,2025
chokaso,artist,2025|2026|2026_06
choki,artist,2025|2026|2026_06
chokkirinu_(precure),character,2025|2026|2026_06
choko,character,2025|2026|2026_06
choko_(sweetpocket),artist,2025|2026|2026_06
cholmaki_(funamusea),character,2025
cholmaki_(funamusea)_(cosplay),general,2025
chomo,artist,2025|2026|2026_06
chomodesune,artist,2025
chomodesuyo,artist,2025|2026|2026_06
chomper_(plants_vs_zombies),character,2025
chompzilla_(plants_vs_zombies_heroes),character,2025
chongchong27433,artist,2025
chono_hina,character,2025
choohyeyeon,artist,2025
chop,general,2025|2026|2026_06
chopstuff,artist,2025|2026
chord_progressions_(vn),copyright,2025|2026|2026_06
chorva-art,artist,2025
chostoper_hill,artist,2025
chosu,artist,2025
chou-10cm-hou-chan_(cosplay),general,2025
chou_(danny8461),artist,2025
chou_(module),general,2025
chou_shippai-saku,artist,2025
chou_xxx,artist,2025|2026|2026_06
chouchin_obake,general,2025|2026|2026_06
choudenjizenou,artist,2025
chougei_(christmas_mode)_(kancolle),character,2025
chougei_(kure)_(kancolle),character,2025
chougei_(spring_mode)_(kancolle),character,2025
chougei_(swimsuit_mode)_(kancolle),character,2025
chouhi,character,2025
chouhi_(cosplay),general,2025
chouhi_ekitoku,character,2025|2026|2026_06
chouhou,character,2025
choukai_(swimsuit_mode)_(kancolle),character,2025
choukaku,character,2025
choukaku_(cosplay),general,2025
choukun,character,2025
chouryou_(renhou),character,2025
chouryou_(shia),character,2025
chousen,character,2025
chousen_yuuki,artist,2025|2026|2026_06
choushou,character,2025
chousokabe_motochika_(sengoku_musou),character,2025|2026|2026_06
chouun,character,2025
chouun_(cosplay),general,2025
chouun_shiryuu_(sangoku_hime),character,2025
chouyin_vhu,artist,2025
chris_(tumblr),artist,2025
chris_(user_scpf2573),artist,2025|2026
chris_koh,artist,2025
chris_pearson,character,2025|2026|2026_06
chrisbjors,artist,2025
christel_marie,general,2025
christine_(1983_film),copyright,2025
christine_(arknights),character,2025
christine_(megami_tensei),character,2025
christine_(pudgeruffian),character,2025
christmas_tree_ornament,general,2025
christoper_robin,character,2025|2026
christopher_robin_(artist),artist,2025
christpher_cross,character,2026|2026_06
chrom_(child)_(fire_emblem),character,2025
chrom_(emblem)_(fire_emblem),character,2026|2026_06
chroma_mistake,artist,2025
chromatic_resonance_(nikki),character,2025
chrono_0205,artist,2025
chronos_(benghuai_xueyuan),character,2025|2026|2026_06
chronos_(mythology),character,2025
chthon,character,2025
chu_ko_nu_(age_of_empires_2),character,2025
chuanyue_xiyuan_3000_hou,copyright,2025|2026|2026_06
chuchill_gun_carrier,general,2025|2026|2026_06
chuchumimipupu,artist,2025|2026|2026_06
chun_(moonlessgown),artist,2025|2026|2026_06
chun_88,artist,2025|2026|2026_06
chunchongchongjiang,artist,2025|2026|2026_06
chung_e,character,2025
chungmyung,character,2025
chunhwei_lee,artist,2025
chunidoor1,artist,2026|2026_06
chunming_donghua,artist,2025|2026|2026_06
chunqueeeee,artist,2025|2026|2026_06
chup2m,artist,2025|2026|2026_06
chupacabra_outfit,general,2025
chura_(user_xfut4325),artist,2025
churroboy,artist,2025
churubyjain,artist,2025
chuu_can_do_it,copyright,2026|2026_06
chuuou_(tokyo),general,2025|2026|2026_06
chuxiaqingliang,artist,2025
chuyv99,artist,2025|2026|2026_06
chyan_0012,artist,2025|2026|2026_06
chyoel,artist,2025|2026|2026_06
chyoel_(style),general,2025|2026|2026_06
chypre_(heartcatch_precure!),character,2025|2026|2026_06
chypre_(heartcatch_precure!)_(cosplay),general,2025|2026|2026_06
ciallo_0721_(poi),artist,2025
ciambella,artist,2025
cicadas_of_the_scorched_night,artist,2025|2026|2026_06
cid_(ff5),character,2025|2026|2026_06
cidacc,artist,2025
cidala_(granblue_fantasy),character,2025
cidre,artist,2025
ciel_(module),general,2025
ciel_(tensei_shitara_slime_datta_ken),character,2025
cielink_peach,artist,2025|2026|2026_06
cielo,character,2025
cielo_(cosplay),general,2025
cigarette_candy,general,2025|2026|2026_06
cii0000,artist,2025
ciiby,artist,2025|2026|2026_06
cilvia_mirell,artist,2025
cincia_0,artist,2025|2026|2026_06
cinderella,copyright,2025
cinderella_(disney),character,2025
cinderella_(disney)_(cosplay),general,2025
cinderella_(ensemble_stars!),general,2025|2026|2026_06
cinderella_(grimm),character,2025
cinderella_(grimm)_(cosplay),general,2025
cinders,general,2025|2026|2026_06
cindy137746442,artist,2025
cindymeimezu,artist,2025
cinki,artist,2025|2026|2026_06
cinnabar2528,artist,2025
cinnabarbie,artist,2025|2026|2026_06
cino_05,artist,2025|2026|2026_06
cinq_association_(identity)_(project_moon),general,2025
cinq_east_(identity)_(project_moon),general,2025
cio,artist,2025
ciosuii,artist,2025
circle_ed,artist,2025
circle_pasties,general,2026
circling_text,general,2025
circuit,general,2025
circuits,general,2025
cities_skylines,copyright,2025|2026|2026_06
citrine_(ocubze),character,2025
citrine_(personification),character,2025
citron_(plants_vs_zombies_heroes),character,2025
citrusbum,artist,2025
city_forest_online,artist,2025
cjdcjd616,artist,2025|2026|2026_06
cjs-art,artist,2025
ck_switch_sc,artist,2025|2026|2026_06
ckdk3585,artist,2025
claire_ann_byers_(delta_force),character,2026|2026_06
claire_frankenstein,character,2025|2026|2026_06
clammy_zell,character,2025|2026|2026_06
clanney0,artist,2026|2026_06
clanzy_chainzy,artist,2025
claparo-sans,artist,2025
clara,character,2025
clara_(hera),character,2025
claravt_(roringclara),artist,2025
claret,character,2025|2026|2026_06
clarice_(sword_girls),character,2025
clariche_de_avril,character,2025|2026|2026_06
clarinht,artist,2026|2026_06
clarisse_(escalation_heroines),character,2025|2026|2026_06
class_43,general,2025|2026|2026_06
classic,general,2025
classic_(module),general,2025
classyfruitart,artist,2025
classyfruitnsfw,artist,2025
claude_frollo,character,2025
claude_frollo_(cosplay),general,2025
claude_von_riegan_(emblem),character,2025|2026|2026_06
claudette_(lightsource),character,2025|2026
claudia_claudius,character,2025|2026|2026_06
claus_lester,character,2025
claus_lester_(cosplay),general,2025
cle_masahiro_(style),general,2025|2026|2026_06
clea_(clair_obscur:_expedition_33),character,2026|2026_06
cleaning_(user_fjpn3482),artist,2025|2026
clear_ice,artist,2025
clearvoyancekun,artist,2025|2026|2026_06
cleasky_(idolmaster),general,2025|2026|2026_06
cleavage_reach,general,2025|2026|2026_06
cleavage_tug,general,2025
cleffiekouhai,artist,2025
clemensferry,artist,2025
cleopatra,character,2025|2026|2026_06
cleopatra_(cosplay),general,2025|2026|2026_06
cleopatra_(person),character,2025|2026|2026_06
clevatess,character,2026|2026_06
climax_form,character,2025
cling,general,2025|2026|2026_06
clip_cliff,character,2025|2026|2026_06
clitoral_stimulation_through_clothing,general,2025|2026|2026_06
clitoris_flick,general,2025|2026|2026_06
clitoris_piercing,general,2025|2026|2026_06
clitoris_slap,general,2025|2026|2026_06
clmks000,artist,2025|2026|2026_06
clock_tower_the_first_fear,copyright,2025|2026|2026_06
clockwork_legacy,artist,2026|2026_06
close_(go!_princess_precure),character,2025|2026|2026_06
closer_fy,artist,2025
cloth_tsugutoshi,artist,2025
clothed_masturbation,general,2025|2026|2026_06
clothes_only,general,2025
clotho_(kkydd),artist,2025|2026|2026_06
cloud_piercer,character,2025
cloudisnotsleeping,artist,2025
cloudriver,artist,2025
cloudrop_(project_sekai),general,2025
cloudstasis,artist,2026|2026_06
clovecake,artist,2025
clover5x5,artist,2025|2026|2026_06
clover_(totally_spies),character,2025|2026|2026_06
clover_(totally_spies)_(cosplay),general,2025|2026|2026_06
clownkid666,artist,2025
clubman_(age_of_empires_1),character,2026|2026_06
clueless_(film),copyright,2025
clussy_(phrase),general,2025|2026|2026_06
cluster_tsubasa,artist,2025
clutch,general,2025
cm_lynarc,artist,2025
cmapca_art,artist,2025
cmdpng,artist,2025
cmorilla,artist,2025
cmwl_514,artist,2025|2026|2026_06
cmwl_59,artist,2025|2026|2026_06
cnxingmiao,artist,2026|2026_06
co-li_star,artist,2025|2026|2026_06
coaster_mouth,character,2025|2026|2026_06
coat_of_arms_background,general,2025
cob_cannon_(plants_vs_zombies),character,2025
cocacell,artist,2025|2026|2026_06
cocaduel,artist,2025|2026|2026_06
cocaze_gnsn,artist,2025|2026|2026_06
cockoospawns_(project_moon),character,2026|2026_06
cockpit_hatch,general,2025
cockpit_sitting,general,2025|2026|2026_06
cockroach_(terra_formars),character,2025|2026
coco_(yes!_precure_5),character,2025|2026|2026_06
cococo029,artist,2025
coconala_commission,meta,2025|2026|2026_06
coconut_ss,artist,2025
cocoro_mimi71,artist,2025
cocuribob,artist,2025
cocytus,artist,2025
cocytus_(ff8),character,2025|2026|2026_06
code_3dr,artist,2025
code_names,general,2025
codeorange162,artist,2025|2026|2026_06
coffee1815,artist,2025|2026|2026_06
coffee_bean_(plants_vs_zombies),character,2025
coffee_dognut,artist,2025
coffeepls777,artist,2025
coffetia,artist,2025|2026|2026_06
coffinof_leyley,artist,2025|2026
coffret_(heartcatch_precure!),character,2025|2026|2026_06
coffret_(heartcatch_precure!)_(cosplay),general,2025|2026|2026_06
cogbrony,artist,2025
coilette_(shinrabanshou),character,2025
coin_background,general,2025
coklatarte,artist,2025
cold_stone,general,2025|2026|2026_06
coldtrojan,artist,2025
cole_evans,character,2025
colin_chen,artist,2025
collaboration_request,meta,2025
collagen,artist,2025
collar_cutout,general,2026|2026_06
collared_suit,general,2025|2026|2026_06
collateral_(film),copyright,2025
collect2233,artist,2025
collective-mind,artist,2025
colleen_v._b.,artist,2025
colleen_v_b,artist,2025
colobbit_(sophia_valentine),general,2026|2026_06
cologne_(heartcatch_precure!),character,2025|2026|2026_06
colonel_mofuchu,character,2026|2026_06
color_contrast,general,2025|2026|2026_06
color_neko_(user_yfvc3323),artist,2025|2026|2026_06
color_recipe,copyright,2025
color_swatch,general,2025
colored_flower_cards_(ensemble_stars!),general,2025
colored_hands,general,2025
colored_lapels,general,2025|2026|2026_06
colored_with_greyscale_background,general,2025
colorless_(shachiwhitebb),artist,2025
colorless_kaina,copyright,2025
colorpoint,general,2026|2026_06
colt_1855_carbine,general,2025
colt_canada_c7,general,2025|2026|2026_06
colt_canada_c8,general,2025|2026|2026_06
columns_(videogame),copyright,2025|2026|2026_06
comandante_cappellini_(halloween_mode)_(kancolle),character,2025
comandante_cappellini_(valentine_mode)_(kancolle),character,2025
comargian,artist,2025|2026|2026_06
combat_medic,general,2025|2026|2026_06
combat_shotgun,general,2025|2026|2026_06
combat_webbing,general,2025|2026|2026_06
comeazu,artist,2025
comehope78,artist,2025
comet_(artist),artist,2025
comet_(eve_online),general,2025
comet_(user_fjsa4577),artist,2025
comet_punch_(pokemon),general,2025
cometu,artist,2025
comic_aoha_2019_winter,copyright,2025
comic_aoha_2021_winter,copyright,2025
comitia_61,copyright,2025|2026|2026_06
commamion,artist,2025
command_formula_90_(sd_gundam),character,2025|2026|2026_06
command_grab's_mom_(nuclear_wasabi),character,2025|2026|2026_06
commandant_teste_(christmas_mode)_(kancolle),character,2025
commandant_teste_(summer_mode)_(kancolle),character,2025
commander_(maid)_(tower_defense_simulator),character,2025|2026|2026_06
commander_caitlyn,character,2025
commander_rab(layer_industries),artist,2025|2026|2026_06
commer_(manufacturer),general,2026|2026_06
commercial_script_(font),general,2025
commissar,character,2025|2026|2026_06
commissar_caiphas_cain,character,2025|2026|2026_06
commissar_cap,general,2025|2026|2026_06
commission_pdk,artist,2025
communion,general,2025
compass_background,general,2025
complete_form,general,2025|2026|2026_06
complete_form_21,general,2025|2026|2026_06
complex_background,general,2026
composition_request,meta,2025
comsunghe,artist,2025
comumochi,artist,2025
concealed_identity,general,2025
condemned2love,artist,2025
condom_between_breast,general,2025|2026|2026_06
condom_on_multiple_penises,general,2025
cone_mouth,character,2025|2026|2026_06
cone_piee,general,2025
conehead_zombie_(plants_vs_zombies),character,2025
confeitocamo,artist,2025
conflict_(module),general,2025|2026|2026_06
confusion_(pokemon),general,2025|2026|2026_06
conga,character,2025|2026|2026_06
conghuazi,artist,2025|2026|2026_06
conjurer,artist,2025
connie_(steven_universe),character,2025
connie_(unitia),character,2025
consensual_non-consent,general,2025
conss,artist,2026|2026_06
constance,character,2025|2026
constance_(honkai:_star_rail),character,2025|2026|2026_06
constantine,copyright,2025
constantinople,general,2025
constellation_costume,general,2025
conte_di_cavour_(halloween_mode)_(kancolle),character,2025
conte_di_cavour_(miko_mode)_(kancolle),character,2025
conte_di_cavour_(swimsuit_mode)_(kancolle),character,2025
conte_di_cavour_(yukata_mode)_(kancolle),character,2025
contra_hard_corps,copyright,2025|2026|2026_06
contra_iii_the_alien_wars,copyright,2025|2026|2026_06
contramonster,artist,2025
contraomnes,artist,2025
convallaria,character,2025|2026|2026_06
cookie052070521,artist,2025|2026|2026_06
cookie_(bitterylov3),artist,2025|2026|2026_06
cookilord6,artist,2025
cool_colored,general,2025|2026|2026_06
cool_mita_(miside),character,2025|2026|2026_06
cool_mita_(miside)_(cosplay),general,2025|2026|2026_06
cool_na_megamisama_to_issho_ni_sundara_amayakashisugite_ponkotsu_ni_shiteshimatta_ken_ni_tsuite,copyright,2025
coola,character,2025|2026|2026_06
coolerinker,artist,2026|2026_06
coolguy6267_(pixiv_85495222),artist,2025
coolmuyanv,artist,2025
cooolunati0904,artist,2025|2026|2026_06
cooper_black_(font),general,2025
cooperative_deepthroat,general,2025
cooperative_grinding,general,2025|2026|2026_06
copo_deluxe,artist,2025
coppe_(pixiv_104389073),artist,2025|2026|2026_06
copy_(kjkjant),artist,2025
coquette,character,2025|2026
coquette_(cosplay),general,2025|2026
coqui,character,2025
coral_glasses_(joel_g),character,2025
coralie_(honkai_impact),character,2025
coralie_(puppy_patrol)_(honkai_impact),character,2025
coralie_(valkyrie_blastmetal)_(honkai_impact),character,2025
coraline_(film),copyright,2025
corcus_(power_rangers),character,2025
corel_painter,meta,2025
corey_murakami,artist,2025|2026|2026_06
corki,character,2025|2026|2026_06
corniecorny,artist,2025
cornrows_dreads,general,2025
coro96,artist,2025
coro_coro_kuririn,character,2025
corrin_(female)_(adrift)_(fire_emblem),character,2025
corrin_(female)_(emblem)_(fire_emblem),character,2025
corrin_(female)_(fire_emblem),character,2025
corrin_(female)_(fire_emblem)_(cosplay),general,2025
corrin_(female)_(halloween)_(fire_emblem),character,2025
corrin_(female)_(ninja)_(fire_emblem),character,2025
corrin_(female)_(nohr_noble)_(fire_emblem),character,2025
corrin_(female)_(novice_vacationer)_(fire_emblem),character,2025
corrin_(female)_(resplendent)_(fire_emblem),character,2025
corrin_(female)_(silent_bloodline)_(fire_emblem),character,2025
corrin_(female)_(young_kinship)_(fire_emblem),character,2025
corrin_(fire_emblem),character,2025|2026|2026_06
corrin_(male)_(adrift)_(fire_emblem),character,2025
corrin_(male)_(bloodbound_beast)_(fire_emblem),character,2025
corrin_(male)_(fire_emblem),character,2025
corrin_(male)_(fire_emblem)_(cosplay),general,2025
corrin_(male)_(halloween)_(fire_emblem),character,2025
corrin_(male)_(hoshido_noble)_(fire_emblem),character,2025
corrin_(male)_(new_year)_(fire_emblem),character,2025
corrin_(male)_(ninja)_(fire_emblem),character,2025
corrin_(male)_(resplendent)_(fire_emblem),character,2025
corrin_(male)_(young_kinship)_(fire_emblem),character,2025
corrine,character,2025|2026|2026_06
corroserum_(elite_ii)_(arknights),character,2026|2026_06
corruption_(su),general,2025|2026|2026_06
corsiva,general,2025
corunderbust,general,2025|2026|2026_06
coruscate_breeze_(ensemble_stars!),general,2025
cory_g,artist,2025|2026|2026_06
corydoras_(fish),general,2025
cosette,character,2025
cosmea,character,2025|2026|2026_06
cosmetic_(gakuen_idolmaster),general,2025|2026|2026_06
cosmic_horror,character,2025|2026
cosmiccolours-art,artist,2025
cosmicmind,artist,2025|2026|2026_06
cossack_(mariverse),character,2025
cost,general,2025|2026|2026_06
cotachanart,artist,2025|2026|2026_06
cotton_(character)_(cosplay),general,2025|2026|2026_06
cotton_noir,artist,2025
cotton_noir_(vtuber),character,2025
cotton_tan,artist,2025
cougar_(animal),general,2025
count_arganon_(the_last_story),character,2025|2026|2026_06
count_cagliostro,character,2025
countershading,general,2025
countess_(pokemon),character,2025
country_2080,artist,2025
coup_(shun_soku),character,2025|2026|2026_06
coupe_(heartcatch_precure!),character,2025|2026|2026_06
coupe_(heartcatch_precure!)_(cosplay),general,2025|2026|2026_06
coupe_(wild_trax),character,2025|2026
courier_(fallout_new_vegas),character,2025
courier_(fallout_new_vegas)_(cosplay),general,2025
courtney_(barbie),character,2025
cousin_it,character,2025|2026|2026_06
cousin_it_(cosplay),general,2025|2026|2026_06
coustas_(tongari_boushi_no_atelier),character,2025
cover_image,general,2025|2026|2026_06
covered_sideboob,general,2025|2026|2026_06
covering_with_comforter,general,2025
covert_cloak,general,2025
cow_cow_(benghuai_xueyuan),character,2025|2026|2026_06
cow_ears_hairband,general,2025
cow_girl_(riki_unc),character,2025
cow_mom_(centaurii-chan),character,2025|2026|2026_06
cow_print_necktie,general,2026|2026_06
cow_print_pants,general,2026|2026_06
coz,artist,2025
cozmez_(paradox_live),general|copyright,2025|2026|2026_06
cozy_vacation_(shining_nikki),character,2025
cr00_nn,artist,2025|2026|2026_06
crab_(artist),artist,2025
crab_omelettes,artist,2025|2026|2026_06
crack-tweet,character,2025
cracked_egg,general,2025|2026|2026_06
cracked_gemstone,general,2025|2026|2026_06
cracked_visor,general,2026|2026_06
craigdrake,artist,2025
crapping_self,general,2025|2026|2026_06
crash_(power_rangers),character,2025
crash_course_(ensemble_stars!),general,2025
crashsunensfw,artist,2025
crave_(pokemon),character,2025
crawndown,artist,2025|2026|2026_06
crazy_dave_(plants_vs_zombies),character,2025
crazy_dave_(plants_vs_zombies)_(cosplay),general,2025
crazy_gon,character,2025|2026|2026_06
crck,artist,2025|2026|2026_06
cre_sendopedal,artist,2025
cream11011242,artist,2025
cream2021045172,artist,2025
cream_background,general,2025|2026|2026_06
cream_soda,general,2025
creaturexlll,artist,2025|2026|2026_06
creazed,artist,2025|2026|2026_06
creep_(beatmania_iidx),character,2025
creepy_raisin_6988,artist,2025
crelly_(vtuber),character,2026
crelly_parfait,character,2025|2026|2026_06
crepe_(precure_5),character,2025|2026|2026_06
crescentia-fortuna,artist,2025
cressialrr,artist,2025
crimean_bridge,general,2026|2026_06
crimson_raptor_(league_of_legends),character,2025|2026|2026_06
crimson_reichenbach,general,2025
crimson_thunder_ranger_(cosplay),general,2025
crimsonknigh_t,artist,2025
crimsonrld,artist,2025|2026|2026_06
crisa940,artist,2025|2026|2026_06
crisis_core_final_fantasy_vii,copyright,2025|2026|2026_06
crisis_management_form_(machimazo),general,2025
crispykodraws,artist,2025
cristoforo,character,2025
critter,general,2025|2026|2026_06
critter_pick_(honkai:_star_rail),general,2025|2026|2026_06
crlspy,artist,2025
crmunc,artist,2025|2026|2026_06
cro_(user_znms5733),artist,2025
crocoarbor_art,artist,2025|2026
crocodile_clip,general,2025|2026|2026_06
crocodile_fullbottle,general,2025|2026
crocus,character,2025
croi,artist,2025|2026
croissant_(seven_am)_(arknights),character,2025
cromwell_the_pardoner,character,2025
cronicas_(jwtz3747),artist,2025
cross-hem_topwear,general,2025
cross-laced_footwear,general,2025
cross-z_charge,general,2025|2026
cross-z_evol,general,2025
cross-z_great,general,2025
cross-z_magma,character,2025
cross-zbuild_form,character,2025
cross_(female)_(xenoblade_x),character,2026|2026_06
cross_(male)_(xenoblade_x),character,2026|2026_06
cross_ange_tr,copyright,2025|2026|2026_06
cross_bikini,general,2025
cross_ufox,general,2025|2026|2026_06
cross_x-rex,general,2025
crosscore,copyright,2025|2026|2026_06
crossdressing_boy_(naga_u),character,2025
crossed,general,2026|2026_06
crossed_hands,general,2025|2026|2026_06
crossmm,artist,2025
crotch_pull,general,2025
crotch_ropemr.supersoup,general,2026|2026_06
croupier,general,2025|2026|2026_06
crowgodd,artist,2025
crownie_(arknights),character,2025|2026|2026_06
crows,copyright,2025|2026|2026_06
crowswhispers,artist,2025|2026|2026_06
cruella_(film),copyright,2025
crusader_(dungeon_and_fighter),character,2025
crust,character,2025
cry_for_the_moon,copyright,2025
crying_kasumi_(blue_archive)_(meme),general,2025|2026|2026_06
cryoki,general,2025
crypton_future_media,copyright,2025
crystal_(inoiiying),character,2025|2026|2026_06
crystal_fish,artist,2025|2026|2026_06
cryushisa,general,2025
cs2,general,2025
csart_14,artist,2025|2026|2026_06
csvakrj4bns9tmw,artist,2025
ct-2980-craig,artist,2025|2026|2026_06
ctarata,artist,2025
cthulhu_(doukutsu_monogatari),character,2025
cthulhu_wars,copyright,2026|2026_06
ctreuse109,artist,2025
ctrl_0c,artist,2025
cu_chulainn,character,2025|2026|2026_06
cu_chulainn_(caster)_(event_portrait)_(fate),character,2025
cu_chulainn_(fate/stay_night)_(cosplay),general,2025|2026|2026_06
cu_chulainn_(grand_journey)_(fate),character,2026
cu_chulainn_(second_ascension)_(fate)_(cosplay),general,2025
cu_chulainn_(the_musketeers)_(fate),character,2025
cu_chulainn_alter_(fgo_fes._2024)_(fate),character,2025
cu_chulainn_alter_(fgo_x_lawson)_(fate),character,2025
cu_chulainn_alter_(fgo_x_lawson_2017)_(fate),character,2026|2026_06
cub,general,2025|2026|2026_06
cube_(1997_film),copyright,2025
cube_(cube00),artist,2025
cubi767,artist,2025|2026
cuchulain_(mitos_y_leyendas),character,2025|2026|2026_06
cuckooing,artist,2025|2026|2026_06
cue_stick_chalk,general,2026|2026_06
cui_(jidanhaidaitang),artist,2025
cum_on_camera,general,2025|2026|2026_06
cum_on_underside,general,2025|2026|2026_06
cum_puddle,general,2025|2026|2026_06
cunduwuyong,artist,2026|2026_06
cup_ramen,general,2025|2026|2026_06
cupid_(vtuber),character,2025
cupid_(vtuber)_(artist),artist,2025
cupnoodle_jp,artist,2025
cupola,general,2025|2026|2026_06
cupsie_yummy,character,2025|2026|2026_06
cupsie_yummy_(cosplay),general,2025|2026
cure_black_(old_design),character,2026|2026_06
cure_white_(old_design),character,2026|2026_06
cure_wing_(enhaned_form),character,2025
curfewart,artist,2025|2026
curiel,character,2025
curk4833,artist,2025|2026|2026_06
curly_(post-crash),character,2025
curly_(post-crash)_(cosplay),general,2025
curly_(pre-crash),character,2025
curren_chan_(miss_sad_;_miss_beautiful)_(umamusume),character,2025|2026|2026_06
curren_chan_(sakutsuki_ma_cherie)_(umamusume),character,2025|2026|2026_06
curryman_(zxxk),artist,2025|2026|2026_06
curse_energy,general,2025|2026|2026_06
cursed_cat,character,2025
curtana_(crosscore),character,2025|2026|2026_06
cushion_squirrel,character,2025|2026|2026_06
cut_cut_cut,general,2025
cute_(module),general,2025|2026|2026_06
cutesu_(cutesuu),character,2025
cutting_out_below_the_eyes_is_hot_(meme),general,2025
cuzco_al,character,2025
cw9sq,artist,2025
cwanotherworld,artist,2026|2026_06
cwid,artist,2025
cyak8258,artist,2025
cyan,character,2025|2026|2026_06
cyan(makai_gacha),character,2025
cyan-ine,artist,2025
cyan916,artist,2025
cyan_soul_(undertale),character,2026|2026_06
cyanaeolin,artist,2025
cyanillust,artist,2025|2026|2026_06
cyanineblu,artist,2025
cyano_cyano,artist,2025
cyanord_k,artist,2025
cyarhy,artist,2025|2026|2026_06
cyatapra,artist,2026|2026_06
cyber_bishoujo,copyright,2025
cyber_bishoujo_victory_guide,copyright,2025
cyber_dive_(module),general,2025
cyber_elf_(mega_man),general,2025|2026|2026_06
cyber_elf_x_(mega_man),character,2025|2026|2026_06
cyber_elf_x_(mega_man)_(cosplay),general,2025|2026|2026_06
cybernation_(module),general,2025
cybernetic,general,2025
cybernetic_hi-school,copyright,2025
cybernetic_hi-school_iv,copyright,2025
cyberpunk_edgerunners,copyright,2025
cydesignation,artist,2025
cyee55921785,artist,2025
cyella,character,2025|2026|2026_06
cyenmi3,artist,2025
cylva_(ff14),character,2025|2026|2026_06
cymh2348,artist,2025
cynne,character,2025
cynthia_(mega_man_zero),character,2025
cynthia_(uuzz5324),artist,2025|2026|2026_06
cyoko,artist,2025
cypress,artist,2025
cypressdahlia,artist,2025|2026|2026_06
cypressmeow,artist,2025|2026|2026_06
cyr7629,artist,2025|2026|2026_06
cyrene_(aedes_elysiae)_(honkai:_star_rail),character,2026|2026_06
cyrene_(ripples_of_past_reverie)_(honkai:_star_rail),character,2026|2026_06
cyrene_daily,artist,2025
cyril_van_der_haegen,artist,2025
cyrilashnmsh,artist,2025
cyrsullufotleaf,artist,2025|2026|2026_06
cyrvy,general,2025
cyry3732,artist,2025|2026|2026_06
czihan4170,artist,2025|2026|2026_06
czk,artist,2025
czn,artist,2025|2026|2026_06
czzs2023,artist,2025
d-e-t-c-a-d-e-r,artist,2025|2026|2026_06
d-gazer,general,2025|2026|2026_06
d-l-l,artist,2025
d-oppelganger,artist,2025
d-tomoyo_(thekingkas),artist,2025
d.celestial,artist,2025|2026|2026_06
d1vit_nsfw,artist,2025|2026
d34,artist,2025
d685ab7f-pis,artist,2025
d88412565,artist,2025
d@i_(d@i-hard),artist,2025|2026|2026_06
d_liggi_22,artist,2025|2026|2026_06
d_tilt,artist,2025
d_zeal,general,2025
d_zeal_(idolmaster),general,2026|2026_06
da00o01,artist,2025
da_ji,character,2025
da_ji_(cosplay),general,2025
da_li_si_rizhi,copyright,2025|2026|2026_06
da_qiao,character,2025|2026|2026_06
da_qiao_(cosplay),general,2025|2026
da_qiao_(shin_sangoku_musou),character,2025|2026|2026_06
da_qiao_(wangzhe_rongyao),character,2025|2026|2026_06
da_yi_jax,artist,2025
daaanch,artist,2025
dabeaver72824,artist,2025|2026|2026_06
dabii_kuruiisa,character,2025|2026|2026_06
dabomdidangdigi,artist,2025|2026|2026_06
dad_egbert,character,2025|2026
dadadanoda,artist,2025
dadanbochi,artist,2025|2026|2026_06
dadonikaaaaaaaaaaa,artist,2025|2026|2026_06
daebol,artist,2025
daemon,general,2025
daer_maodou_(roco_kingdom:world),character,2025|2026|2026_06
daf,copyright,2025
daffupanda,artist,2025
dagama,character,2025
dagasitotaiyou,artist,2025
dage_the_evil,artist,2025
dagger_(fizrotart),character,2025
dagon_tako,artist,2025|2026|2026_06
daguerre_(benghuai_xueyuan),character,2025|2026|2026_06
dahlia_(koshika_rina),character,2025|2026|2026_06
dahs,artist,2025|2026|2026_06
dai891111,artist,2025
dai_dai,artist,2025
dai_zenshu,copyright,2025
daidai,artist,2025
daidai_ningen,artist,2025
daidaidaidaidaikirai,copyright,2025|2026|2026_06
daidoji_kaya,character,2025
daidouji_tomoyo_(fruits_candy_costume),character,2025
daiei_film,copyright,2025
daifuku_(precure),character,2025
daifukucat,artist,2025
daigo_tsukada,artist,2025
daigokun994,artist,2025
daiichi_(1279220),artist,2025
daikon_(tomohiro158),artist,2025
daikon_yakusha,artist,2025|2026|2026_06
daikoukoku_shinbun,artist,2025|2026|2026_06
daikyou,character,2025
daililidaylily,artist,2025|2026|2026_06
daily_danmi,artist,2025
dailyartoria,artist,2025|2026
dailyarturiartfgo,artist,2025|2026|2026_06
dailymiyanagi,artist,2025|2026|2026_06
dailyyumiduka,artist,2025
daimaou_cc,artist,2025
dainamitee,artist,2025
dairokuten(maougun_saikyou_no_majutsushi_wa_ningen_datta),character,2025
dairy_pope,artist,2026
daishi_takamura,artist,2025
daisy,general,2025
daisy_(ghoul_school),character,2025
daisy_(thomas_the_tank_engine),character,2025
daisy_tonner,character,2026|2026_06
daisyforest,artist,2025
daito_(rpo),character,2025
daitou_yurie,artist,2025
daiwa_scarlet_(trifle_vacation)_(umamusume),character,2025|2026|2026_06
daiyu_(erotaiga),character,2025
daizukinako,artist,2025|2026|2026_06
daji_(hoozuki_no_reitetsu),character,2025
daji_(mon-musu_quest!),character,2025|2026|2026_06
daju_zha_wan,artist,2025|2026|2026_06
daki_koibito,artist,2025|2026|2026_06
dakkar-h,artist,2025
dale,artist,2025
dale_arden_(cosplay),general,2026|2026_06
daleka333,artist,2025|2026|2026_06
dalgyal,artist,2025|2026|2026_06
dalton,character,2025
dalujiadebianyuan,artist,2025
damako_(happybb),artist,2025|2026|2026_06
damare-draws,artist,2025
damask_background,general,2025
damatzi_(arknights),character,2025
dame!,artist,2026|2026_06
dame_da_ne_(meme),general,2025
damian,artist,2025|2026|2026_06
damillia_seraph,character,2025|2026|2026_06
damin_(35241537),artist,2025
damnedwhitevans,artist,2025
damp_rock,general,2025
dan-mora,artist,2025|2026|2026_06
dan_howard,artist,2025
dana_sterling,character,2025
dance_of_the_white_tiger_(ensemble_stars!),general,2025|2026|2026_06
dancer_(module),general,2025
danch1838687,artist,2025
dancing_sarkaz_lady,character,2025
dancing_zombie_(plants_vs_zombies),character,2025
danganronpa_online,general,2025|2026|2026_06
danganronpa_togami,copyright,2025
danger_hightop,general,2025
dangerousloli,artist,2025
dango_(235389ja),artist,2025
dangogirl35,artist,2025|2026|2026_06
danhuangsong,artist,2025
dani_oliver,artist,2025
daniel9999999,artist,2025
daniel_deves,artist,2025
daniel_djanie,artist,2025
daniel_horneborg,artist,2025
danielle_obispo,artist,2025
danish_uniform,general,2025|2026|2026_06
danjin,character,2025
danjin_(cosplay),general,2025
danlamdae,artist,2025
danniel_(aotu_world),character,2025
danut_mk2,artist,2026|2026_06
dao_gui_yi_xian_(xinjinjumin642381446632),artist,2025
daphnecomics,artist,2025|2026|2026_06
dapx,artist,2025|2026|2026_06
darah,artist,2025
daramjwijjang41,artist,2025
darcia,character,2025|2026|2026_06
darcie_(ponymoe),character,2025
dared,general,2025
daria_(magic_the_gathering),character,2025
daria_(power_pros),character,2025|2026|2026_06
daria_(user_hktv8452),artist,2025|2026|2026_06
darian_silverstein,character,2025|2026|2026_06
darika_wora-apinyaporn,artist,2025
darikaart,artist,2025
darius_(league_of_legends),character,2025|2026|2026_06
darius_(league_of_legends)_(cosplay),general,2025|2026|2026_06
dark_angel,general,2025
dark_blue_hair,general,2025|2026|2026_06
dark_cat,character,2026|2026_06
dark_clouds,general,2025
dark_cure_(yes!_precure_5),general,2025|2026|2026_06
dark_dragon,character,2025|2026|2026_06
dark_dreamseeker_(honkai_impact),character,2025
dark_duck,artist,2025
dark_god_devil_superior_(sd_gundam),character,2025|2026|2026_06
dark_green_hair,general,2025
dark_halo,general,2025|2026|2026_06
dark_nut,character,2025
dark_power,general,2025
dark_ride,general,2025|2026
dark_samus_(artist),artist,2025
dark_speakerman_(skibidi_toilet),character,2025|2026|2026_06
dark_star_jhin,character,2025|2026|2026_06
dark_territory_(sword_art_online),general,2025|2026|2026_06
dark_void,general,2025|2026|2026_06
darkartai,artist,2025|2026
darkautism,artist,2025|2026|2026_06
darkdarkdarkmozi,artist,2025
darkiichan,artist,2025
darkiisfernando,artist,2025|2026|2026_06
darkpii,artist,2025|2026|2026_06
darkravenstear,artist,2025
darna_(character),character,2025
darren_lim_geers,artist,2025
darthmarth3,artist,2025
darthvulgar,artist,2025
darthwave66,artist,2025
darudana,artist,2025|2026|2026_06
darue,artist,2025
daruma_doll_hair_ornament,general,2026|2026_06
darzze,artist,2025
dasha,artist,2025|2026|2026_06
dasha-ko-art,artist,2025|2026|2026_06
dashi_kani,artist,2025
dassault_mirage_2000,general,2026|2026_06
dassault_mirage_iii,general,2025
dataglitch,artist,2025
datan_uu,artist,2025|2026|2026_06
date_masamune,character,2025|2026|2026_06
date_masamune_(cosplay),general,2025|2026|2026_06
datskelebutt,artist,2025|2026|2026_06
datte_(datte63),artist,2025|2026
datte_sa_(vocaloid),copyright,2025|2026
datweirdowholuvsmilk,artist,2025
dava_personal,artist,2025|2026|2026_06
dave_(friday_night_funkin'),character,2025|2026|2026_06
daveisstriding,artist,2025
davi_(dokidoki!_precure),character,2025|2026|2026_06
davi_(dokidoki!_precure)_(cosplay),general,2025|2026|2026_06
david_(glass_full_sweet_time)_(fate),character,2025
david_cardenas,artist,2025
david_grier,artist,2025
davinchi_shu,artist,2025|2026|2026_06
dawn_(selaco),character,2025|2026|2026_06
dawn_elaine_darkwood,artist,2025
dawn_of_war,copyright,2025|2026|2026_06
dawnbreaker,general,2025|2026|2026_06
dawrop,artist,2025
dax_flame,character,2026|2026_06
day_of_the_dead_(film),copyright,2025
day_walker1117,artist,2025
dayan7_ariel,artist,2025|2026|2026_06
daybit_sem_void_(grail_league)_(fate),character,2025
daybreak,artist,2025
daybreak_golddash,character,2025|2026|2026_06
daybreaker_of_daybreak,copyright,2025
dayeyangzhi,artist,2025
daytime_moon,general,2025
dayuu_(rbxduy),artist,2025|2026
daznutzs,artist,2025|2026|2026_06
dazzling_destroyer,general,2025|2026
db_(dokidoki!_precure),character,2025|2026|2026_06
dc_extended_universe,copyright,2025|2026|2026_06
dc_neska,artist,2025
dc_universe_(franchise),copyright,2025|2026|2026_06
dcgoss,artist,2025|2026|2026_06
dcja7724,artist,2025
dcjosh,artist,2025
dcwj,artist,2025|2026|2026_06
dd_(44045256),artist,2025|2026|2026_06
ddd,copyright,2025|2026|2026_06
dddd_akagi,artist,2025|2026|2026_06
ddddjump,artist,2025|2026|2026_06
ddini,artist,2025
ddn,artist,2025
ddsssaaa,artist,2025
de6mpgi6jb44717,artist,2026|2026_06
de6xm4,artist,2025
dead_(mayhem_(band)),character,2025|2026|2026_06
dead_space,copyright,2025
dead_space_extraction,copyright,2025
deadalive1999,copyright,2025
deadl_ine,artist,2025|2026|2026_06
deadlink_(video_game),copyright,2025|2026|2026_06
deagle_(deagleiii),artist,2025|2026|2026_06
deararisu,artist,2025|2026|2026_06
dearcottoncandy,artist,2025
death-sensei,character,2025|2026|2026_06
death_(trainee_death_simulator),character,2025|2026|2026_06
death_devil,copyright,2025
death_devil_bassist,character,2025
death_devil_drummer,character,2025
death_knight,character,2025
death_knight_(cosplay),general,2025
death_note_(film_series),copyright,2025
death_stranding_2,copyright,2025
deathcure0722,artist,2025|2026|2026_06
deathtee,artist,2025|2026|2026_06
deathtoll,character,2025|2026|2026_06
debbielu9972,artist,2025
debudebumetabo,artist,2025|2026|2026_06
deca_m,artist,2025
decade_rider_watch,general,2025
decepticon_alicia,artist,2025
decimosky,artist,2025
decora-chan,artist,2025
decosukedon0,artist,2025
dedu_nezu,artist,2026|2026_06
dee_dee_(batman),character,2025|2026|2026_06
dee_the_lucky_calico,character,2025|2026|2026_06
deejey_(deejy11),artist,2025|2026|2026_06
deemee40835031,artist,2025|2026|2026_06
deep-fried_(distortion),general,2025
deep_anal_object_insertion,general,2025
deep_black9,artist,2025|2026
deep_impact_(umamusume)_(cosplay),general,2025|2026|2026_06
deep_sky_(module),general,2025
deep_specter,general,2025
deep_striker,general,2025
deepfried,artist,2025
deepsea6500,artist,2025
deepseek_tan,character,2025
deer-head,artist,2025|2026|2026_06
deer_in_the_bathtub,artist,2025
deer_pose,general,2025|2026|2026_06
defender_(video_game),copyright,2025|2026|2026_06
deflagration_0_(ash),artist,2025|2026|2026_06
dejitarudavis,artist,2025
deka_blue,character,2025
deka_red,character,2025
dekamori_senran_kagura,copyright,2025|2026|2026_06
dekitateomoti,artist,2025
dekkaiwoman,artist,2026|2026_06
deko_(ppp_tktk),artist,2025
dekoko,artist,2025
deku,general,2025
delancey,character,2025
delancy_devins,character,2025
delicate_flower_(hollow_knight),general,2026|2026_06
delirium,character,2025|2026|2026_06
delphine_(power_rangers),character,2025
delphinium,general,2025
delta_(benghuai_xueyuan),character,2025|2026|2026_06
delta_(kage_no_jitsuryokusha_ni_naritakute!),character,2025|2026|2026_06
delta_(kage_no_jitsuryokusha_ni_naritakute!)_(cosplay),general,2025|2026|2026_06
delta_(kyokugen_dasshutu),character,2025
delta_force,copyright,2025|2026|2026_06
delta_force_(video_game),copyright,2025|2026|2026_06
delta_log,artist,2025
delubon,character,2025
deluxo_(gta),general,2025|2026
deluzombon,character,2025
demekko-222,artist,2025
demetri_certaldo,character,2025
demetri_certaldo_(arknights),character,2026|2026_06
demi2501,artist,2025
demi_(choujikuu_kidan_southern_cross),character,2025|2026
demifiendrsa,artist,2025
demiurge,character,2025
demiurge_(cosplay),general,2025
demon_city_shinjuku,copyright,2025|2026|2026_06
demon_ears,general,2025|2026|2026_06
demon_king_academy_uniform,general,2025
demon_mom_(iahfy),character,2025|2026|2026_06
demon_of_the_right_arm,character,2025
demon_primarch,general,2025|2026|2026_06
demon_princess_osumihime_(ramia-yana),character,2025|2026|2026_06
demon_servant,character,2025|2026|2026_06
demon_spirit,character,2025
demonfoo_(akumafoo),artist,2025
demonia_(hiyono),character,2025|2026|2026_06
demoniho,character,2025
demonking,artist,2025
demori_academy_uniform,general,2025
den-o_rider_watch,general,2025
den_(xxxswampmanxxx),artist,2025
denai_tetsuo,artist,2025|2026|2026_06
denali_(kaijumilk),character,2025|2026|2026_06
deng_ai,character,2025
deng_jak,artist,2025
deng_wo_qu_shang_ge_cesuo,artist,2025|2026|2026_06
dengeki_moueou,general,2025
dengenhime_lirico-york_(uchi_no_hime-sama_ga_ichiban_kawaii),character,2025
dengsansurinima,artist,2025
denikina,artist,2025
denim_jumper,general,2025
denjarasu_jii-san,copyright,2025|2026|2026_06
denkamen_gasher,general,2025
dennis_(spongebob_squarepants),character,2025
denseitsunosupernanashi,artist,2025|2026|2026_06
denshi_risu,artist,2025
denshi_sentai_denjiman,copyright,2025
denshoku_97,artist,2025
deo_mi_mandu,artist,2025
depingo,artist,2025|2026|2026_06
dera_(choujikuu_kidan_southern_cross),character,2025|2026
derazkayk,artist,2025
derby,general,2025
derpibooru,general,2025|2026
desert_(desel_1),artist,2025
desi_miku,character,2026
design_sanbou,artist,2025|2026|2026_06
desireeu_arts,artist,2025|2026|2026_06
dess_(choujikuu_kidan_southern_cross),character,2025|2026
dess_holiday,character,2025
dessa-nya,artist,2025
dessertkyannu,artist,2025|2026|2026_06
destorys,artist,2025|2026|2026_06
destroyed,general,2025
desuhiko_thunderbolt_(cosplay),general,2025
detached_hair,general,2025|2026|2026_06
detached_halo,general,2025
detailed_knuckles,general,2025
detective_walker,character,2025
determinedsaito,artist,2025
detonation_gaming,general,2025
detroit893,artist,2025
devastater,artist,2025
devia,artist,2025
deviantartalexandreev,artist,2025
deviantartaurora823,artist,2025|2026
device,general,2025|2026|2026_06
deviilsbane,artist,2025
devil's_mansion_(ensemble_stars!),general,2025|2026|2026_06
devil_(touhou),general,2025
devil_survivor,copyright,2025
devourc,artist,2025
devourjoker,artist,2025
devyat_association_(identity)_(project_moon),general,2025
dexdexadilion,artist,2025|2026|2026_06
dezhen,artist,2025
dhampir,character,2025
dhrh123456,artist,2025|2026|2026_06
dia_(amayui_castle_meister),character,2025
diabellstar_the_sin_adjudicator,character,2025
diablo_(tensei_shitara_slime_datta_ken),character,2025
diabolic_kevin_(honkai_impact),character,2025
diadiadia0325,artist,2025
diago_shinma,artist,2025
diagonal_striped_collar,general,2025|2026|2026_06
diagonal_striped_footwear,general,2025
dialogue_box,general,2025|2026|2026_06
diamante,character,2025
diamond_(species)_(steven_universe),general,2026|2026_06
diamond_dust_(module),general,2025
diamond_ribbon_style,general,2025
dian_wei_(sangoku_hime),character,2025
diana_(genkai_ol-san_wa_akuyaku_reijoh-sama_ni_tsukaetai),character,2025
diana_(league_of_legends),character,2025|2026|2026_06
diana_shutka,artist,2025
diana_venecia,character,2025
dianaze_krone,character,2025|2026|2026_06
diao_chan,character,2025|2026|2026_06
diao_chan_(shin_sangoku_musou),character,2025|2026|2026_06
diao_chan_(wangzhe_rongyao),character,2025|2026|2026_06
diao_chan_(wangzhe_rongyao)_(cosplay),general,2025|2026|2026_06
diarmuid_ua_duibhne_(glass_full_sweet_time)_(fate),character,2025
diarmuid_ua_duibhne_(saber)_(festival_outfit)_(fate),character,2025
diarmuid_ua_duibhne_(saber)_(festival_outfit)_(fate)_(cosplay),general,2025
diarol,character,2026|2026_06
dias_(the_distortion_detective),character,2025|2026|2026_06
dice9999,artist,2025
dickcat,artist,2025
dictus_striker,character,2025
dictus_striker_(cosplay),general,2025
dictus_striker_(umamusume),character,2026|2026_06
dictus_striker_(umamusume)_(cosplay),general,2026|2026_06
die_(die0118),artist,2025|2026|2026_06
dieci_association_(identity)_(project_moon),general,2025
diego_(dingo-the-dog),artist,2025
difference,general,2025
diffraction_spike_hair_ornament,general,2025
digasmj,artist,2025
digger_zombie_(plants_vs_zombies),character,2025
digicheeze,artist,2025
digimon_adventure_(1999_film),copyright,2025
digimon_world_4,copyright,2025
digital_media_player,general,2025|2026|2026_06
digitaltofu,artist,2025
digivt,character,2025|2026|2026_06
digsaw_arts,artist,2025
digsawarts,artist,2025
dildo_flogger,general,2025
dill,artist,2025
dima,artist,2025|2026|2026_06
dimension_(module),general,2025
dimilethlover,artist,2025
dimitri_alexandre_blaiddyd_(emblem),character,2026|2026_06
dina_(magic_the_gathering),character,2025
dinah_(alice_in_wonderland),character,2025
dinan,artist,2025|2026|2026_06
ding_feng,character,2025
dingle,character,2025|2026
dingwall_guitars,general,2025
dino_(pop'n),character,2025
dino_(tensei_shitara_slime_datta_ken),character,2025
dino_fury_ghost_ranger,character,2025
dino_runner,copyright,2025
dinwoon,artist,2025|2026|2026_06
dio_brando's_pose_(jojo),general,2025|2026|2026_06
dior_(silmarillion),character,2025
diotheworld78,general,2025|2026|2026_06
dipsacaceae,general,2025
dipstick_limbs,general,2025|2026|2026_06
directional_arrow_hair_ornament,general,2025|2026|2026_06
dirge_of_cerberus_final_fantasy_vii,copyright,2025|2026|2026_06
dirk's_bro,character,2025|2026|2026_06
disappear,general,2025|2026|2026_06
disciple_of_repose,character,2025
disciples_of_order_(fire_emblem),character,2025
disco_(steel_ball_run),character,2025|2026
disco_chocolat_(vocaloid),copyright,2025
discord_source,meta,2025
disease,general,2025|2026|2026_06
disharmonica,character,2025
dishmeister,character,2025|2026|2026_06
disintegtating_links,general,2025
disney_fairies_(film_series),copyright,2025
disneysmoo,artist,2025
disposable_cup_holder,general,2025|2026|2026_06
disposale_fork,general,2025
diting_(the_legend_of_luoxiaohei),character,2025|2026|2026_06
diting_(the_legend_of_luoxiaohei)_(cosplay),general,2025|2026|2026_06
ditrauma,artist,2025|2026|2026_06
dittoforsmash,artist,2025|2026|2026_06
divider_(dead_space),character,2025
divina_commedia_(benghuai_xueyuan),character,2025|2026|2026_06
diviously,artist,2025|2026|2026_06
diyi_wanjia,copyright,2025
dj_booth_(ducky)_(tower_defense_simulator),character,2026|2026_06
dj_booth_(mako)_(tower_defense_simulator),character,2025|2026|2026_06
dj_booth_(neko)_(tower_defense_simulator),character,2025|2026|2026_06
djali,character,2025
django_(ehrigeiz),character,2025|2026|2026_06
djgh5738,artist,2025|2026|2026_06
djk,artist,2025
djlovesturbo,general,2025|2026
dkdi93045,artist,2025|2026|2026_06
dkxlek,artist,2025
dlarp0309,artist,2025
dmdtmt99,artist,2026|2026_06
dmmm_i,artist,2025|2026|2026_06
dn0lt,artist,2026|2026_06
dn_rn_mtr,artist,2025|2026|2026_06
dnaitari,artist,2025|2026|2026_06
dnea5227,artist,2025
dnfkrvkdlx32,artist,2026|2026_06
do_24,general,2025|2026|2026_06
do_not_lose!_magical_kendo,copyright,2025
doaralove,artist,2025|2026|2026_06
doberman_girl_(gomulgong),character,2025
dobrynya_nikitich_(swimsuit_lancer)_(fate),character,2025
dobrynya_nikitich_(swimsuit_lancer)_(fate)_(cosplay),general,2025
dochi_ddoo,artist,2025
dochibean,artist,2025|2026|2026_06
doctaword,artist,2025
doctor_kiriko,character,2025|2026|2026_06
dodgeball,general,2025|2026|2026_06
dodonpachi,copyright,2025|2026|2026_06
dodora,character,2025|2026|2026_06
doecchi_moron,artist,2025
does,artist,2025|2026|2026_06
doey_the_doughman_(poppy_playtime),character,2025
dog-run,artist,2025
dog_(cult_of_the_lamb),character,2025
dog_nose,general,2025|2026|2026_06
dog_panties,general,2025|2026|2026_06
dogam_(dogam40044314),artist,2025
doge_(154),artist,2025|2026|2026_06
doge_onion,artist,2025|2026|2026_06
dogged,artist,2025|2026|2026_06
doggie_117,artist,2025
doggo_0117,artist,2026|2026_06
doggy_(precure),character,2025|2026
doggyhouse,artist,2025
dogma_(film),copyright,2025
dogma_uepon,artist,2025|2026|2026_06
dogo,general,2025|2026|2026_06
dohalim_(tales),character,2025|2026|2026_06
doi_doro_suke,artist,2025|2026|2026_06
doitxeevn6y4ehw,artist,2025|2026|2026_06
dojikko,general,2025
dokex,artist,2025
doki_doki_literature_club_plus,copyright,2025
dokibird_(vtuber),character,2025
dokibird_(vtuber)_(artist),artist,2025
dokibird_(vtuber)_(bounty_hunter),character,2025
dokibird_(vtuber)_(cosplay),general,2025
dokibird_(vtuber)_(retro_doki),character,2025
dokibird_(vtuber)_(retro_doki)_(cosplay),general,2025
dokibird_(vtuber)_(tomato),character,2025
dokka_p,artist,2025
doko_demo_issho,copyright,2025|2026|2026_06
dokudahlia,character,2025|2026|2026_06
dokurou,artist,2025
dokusen_yoku_ga_tsuyo_sugiru_yandere_petto_neko-chan,copyright,2025
dol_amlep,artist,2025|2026|2026_06
dol_yeonsabigpai,artist,2025
dolce_(2455485736),artist,2025|2026|2026_06
dolfini,character,2025
dolla_(dark_rose)_(nikke)_(cosplay),general,2025|2026|2026_06
dollfie,general,2025|2026|2026_06
dolls_cammy,character,2025|2026
dollylydraw,artist,2025
dollypyonpyon,artist,2026|2026_06
dolores,character,2025|2026|2026_06
dolores_(human),character,2025|2026|2026_06
dom_(hi_club),character,2025
doma,character,2025
domad_(sentai_red_ga_isekai_de_boukensha_ni_naru),character,2025|2026|2026_06
domain_expansion,general,2025|2026|2026_06
dome_mouth,character,2025|2026|2026_06
domeano,artist,2025
domesticated_metal_crab_(arknights),character,2025|2026|2026_06
domina,character,2025|2026|2026_06
dominant_stone_(module),general,2025
domination,general,2025|2026|2026_06
domination_loss,general,2025
dominions,copyright,2025|2026|2026_06
dominique_(totally_spies),character,2025|2026
domoco,general,2025
domoto_shunichi,character,2025
domyzu,artist,2025
don't_dead_open_inside,general,2025|2026|2026_06
don't_you_have_a_heart?_(meme),general,2026|2026_06
don9ri_risu,artist,2025
don_(gsft3523),artist,2025
donald0nikuniku,artist,2025
donaldstua634,artist,2025
dong_bai,character,2025
dong_fang_wu_qiong,character,2025
dong_fang_xian_yun,character,2025
dongchuan,artist,2025
dongkas,artist,2025
dongong_tor,artist,2025
dongtan_lady_(k_pring),character,2025|2026|2026_06
donkichikin,artist,2025|2026|2026_06
dont_worry_baby_he's_just_a_nerd_(meme),general,2025
donut_end_(synthesizer_v),copyright,2025
donuts_miso,artist,2025
dooby_(jerboa)_(vtuber),character,2025
dooby_(vtuber),character,2025
doodle_bunni,artist,2025|2026|2026_06
doodlefox,artist,2025|2026|2026_06
doodles,general,2025
doom-shroom_(plants_vs_zombies),character,2025
doom-z_seven_-_elara,character,2026|2026_06
doom_(game),copyright,2025
doom_patrol_(dc),copyright,2025|2026|2026_06
dooon_chaaan,artist,2025
doormouse_(kemono_friends),character,2026|2026_06
dopamine,artist,2025|2026|2026_06
dopedarkmode,artist,2025
dopiouni,artist,2025
dopoing,artist,2025
doppel367,artist,2025|2026|2026_06
dora_one7,artist,2026|2026_06
doraeri1004,artist,2025|2026|2026_06
doragoonlagoon,artist,2026
doramu,artist,2025
doran_(princession_orchestra),character,2025
dorei,character,2025|2026|2026_06
doreko,artist,2025
dorekuroa,artist,2025|2026|2026_06
doremifa_beat_level_2,general,2025|2026|2026_06
doremin_(freodore)_(nijisanji),character,2025
dorisan,artist,2025
dorisuto01,artist,2025
dornkaitlyn,artist,2025|2026|2026_06
dornroschen,character,2025
dornroschen_(cosplay),general,2025
doro_c,character,2025|2026|2026_06
doroame,artist,2025
dorothea_arnault_(winter)_(cosplay),general,2025
dorothea_viehmman_(shinshun)_(grimms_notes),character,2025
dorothy_(shingeki_no_bahamut),character,2025
doroyoi_san,artist,2025
dorry,character,2025
dorucheru,artist,2025
dos_(nisen22),artist,2025
dot,artist,2025|2026|2026_06
dot-zip,artist,2025
dot_zack,artist,2025
dotekon,artist,2026|2026_06
dotera,general,2025|2026|2026_06
dotman4114,artist,2025
dotshark,artist,2026|2026_06
dotted-clouds,artist,2025
dottedclouds,artist,2025
dou_dou_mei_chu,artist,2025
dou_mei_chiwan_liao,artist,2025|2026|2026_06
dou_shen_ji,copyright,2025|2026|2026_06
dou_zi_doki,artist,2025
douan_kazusato,character,2025|2026|2026_06
double-blade,general,2025
double_action_gamer_level_1,general,2025|2026
double_action_gamer_level_x,general,2025|2026
double_breast_sucking,general,2025|2026|2026_06
double_cherry,general,2025|2026|2026_06
double_diagonal_stripe,general,2025
double_driver,general,2025|2026|2026_06
double_end_chastity_cage,general,2026|2026_06
double_eyelid,general,2025
double_face_(ensemble_stars!),general,2025|2026|2026_06
double_fellatio,general,2025
double_off_shoulder,general,2025
double_rider_watch,general,2025
double_scoop,general,2025
double_sided_wrench,general,2025
doublemengu,artist,2026
doufu1013,artist,2026|2026_06
doughnut,general,2025
doughnut-shaped_pillow,general,2025
doughnut_background,general,2025
doughnut_bracelet,general,2025
doughnut_day,general,2025
doughnut_earrings,general,2025
doughnut_hair_bun,general,2025
doughnut_hair_ornament,general,2025
doughnut_halo,general,2025
doughnut_innertube,general,2025
doughnut_print,general,2025
doughnut_shop,general,2025
doughnut_stamp,general,2025
douglas,artist,2025
douji_kiriko,character,2025
doujima_nina,character,2025|2026|2026_06
doujinshi,meta,2025|2026|2026_06
doukutsu_monogatari,copyright,2025
dourakuya_honpo,artist,2025
doushite,artist,2025|2026|2026_06
doushite800,artist,2025|2026|2026_06
dousweet3,artist,2025|2026|2026_06
doutonbori,general,2025|2026|2026_06
doutonbori_divers,general,2026|2026_06
dowadge,character,2025
download_button,general,2025|2026|2026_06
doya_kawaunchiku_kanojo-chan,copyright,2025
doyumin,artist,2025|2026|2026_06
dr-e,artist,2025
dr._floog,character,2025|2026|2026_06
dr._gero_(doukutsu_monogatari),character,2025
dr._harley_sawyer_(poppy_playtime),character,2025
dr._hiluluk,character,2025|2026|2026_06
dr._mundo,character,2025|2026|2026_06
dr._mundo_(cosplay),general,2025|2026
dr._rin_kiite_mite!,copyright,2025
dr._zomboss_(plants_vs_zombies),character,2025
dr.lee,artist,2025|2026|2026_06
dra1n,artist,2025|2026|2026_06
draa_(jennee),artist,2025
draa_(treetrooper),artist,2025
drackojiano,artist,2025
draco9625,artist,2025
draekokun,artist,2025
dragespear_rowen_(shadowverse),character,2025
draggincat,artist,2025
drago39r,artist,2025
dragon_(magic:_the_gathering),character,2025
dragon_bubble_(arknights),general,2025|2026|2026_06
dragon_fable,copyright,2025|2026
dragon_force_(band),copyright,2025
dragon_hedgehog_peter,general,2025
dragon_horn,general,2025|2026|2026_06
dragon_illusion_(magic:_the_gathering),character,2025
dragon_master,character,2025
dragon_raja,copyright,2025
dragon_star_varnir,copyright,2025
dragon_tale_fymena,character,2025
dragon_tale_lucias,character,2025
dragon_tale_mulr,character,2025
dragon_zombie_(yu-gi-oh),character,2025|2026|2026_06
dragonbug_(character),character,2025|2026|2026_06
dragonclaw36,artist,2025
dragonfruit_energy_lock_seed,general,2025
dragonmaid_stern,character,2025
dragonman_x,artist,2025
dragonplush,artist,2025
dragons-roar,artist,2025
dragonswing,artist,2025|2026|2026_06
drake_zector,general,2026|2026_06
drakeraynier(artist),artist,2025
drakonsfw,artist,2025|2026|2026_06
draven,character,2025|2026|2026_06
draw_your_oc_in_this_outfit_shrine_maiden_edition_(meme),general,2025
drawing,general,2025|2026|2026_06
drawing_nk,artist,2025
drawing_on_own_hand,general,2025
drawing_on_person,general,2025
drawing_practice,general,2025
drawlife01,artist,2025|2026|2026_06
drawn_on_eyes,general,2025|2026|2026_06
dream-buns,artist,2025
dream_(roco_kingdom:world),character,2025|2026
dream_and_lethe_record,general,2026|2026_06
dream_catcher,general,2025
dream_game,copyright,2025
dream_into_the_neon_sea_(miracle_nikki),character,2026|2026_06
dream_nail,general,2025
dreamer_(module),general,2025
dreamer_509,artist,2025
dreamlands_(benghuai_xueyuan),character,2025|2026|2026_06
dreamself,general,2025|2026|2026_06
dreamusun,artist,2025
dreamyaun,artist,2025|2026|2026_06
dredge_(video_game),copyright,2025|2026|2026_06
dress_grab,general,2025|2026|2026_06
dress_pants,general,2025|2026|2026_06
dress_suit,general,2025|2026|2026_06
dress_uniform,general,2025
dresstrip,artist,2025
drew_(anubis),character,2025
drifloonfanatic,artist,2025
drift0827,artist,2025
drifter_(kirby),character,2025|2026|2026_06
drill-tail,artist,2025
drink_focus,general,2025
drinking_from_hands,general,2025|2026
dripdropdrawn,artist,2025|2026|2026_06
drive_armor,general,2025
drive_riderwatch,general,2025
drive_stinger,artist,2025
drive_type-technique,general,2025
drive_type-wild,character,2025
drivesuit,general,2025
drizz,artist,2025|2026|2026_06
drizzle_(module),general,2025
drkarlken,artist,2025
dro_(jojonogimyo),artist,2025
droll&lock_bird,character,2025|2026|2026_06
drone_pov,general,2025|2026|2026_06
drop_kick,general,2025|2026|2026_06
drop_tank,general,2025
dropped_towel,general,2025
drops,artist,2025
drosgrassy_06,artist,2025
drrrfan13,artist,2025
druid_mia,character,2025
drujdo,artist,2026
drummania,copyright,2025
drumming,general,2025|2026|2026_06
drunkard_fox,artist,2025
drunken_novice,artist,2025
druze_star,general,2025|2026|2026_06
dry_blood,general,2025
dry_lagoon,general,2025
dryadese_(artist),artist,2025
drytron_meteonis_alpha_draconids,general,2025
drzksn1313,artist,2025
dsg120252,artist,2025|2026|2026_06
dshou,artist,2025
dsiming,artist,2025
dstears_art,artist,2025
dstop,artist,2025
dtt89211435,artist,2025|2026|2026_06
dual_blow,artist,2025
dual_rider_gashat,general,2025|2026|2026_06
duan_clothes,general,2025|2026|2026_06
dubhe,character,2025
duckman_(user_agwh8823),artist,2026|2026_06
duckntea,artist,2025
duckprotector26,artist,2025
ducky,artist,2025|2026|2026_06
duct_tape_bandage,general,2026|2026_06
duel_masters_vsrf,copyright,2025|2026|2026_06
duelist,character,2025
duet_(kage_no_jitsuryokusha_ni_naritakute!),character,2025|2026|2026_06
duetlol,artist,2025|2026
dugen,artist,2026|2026_06
dui_!!,artist,2025
dui_jiao_xian,artist,2025
duji_amo,artist,2025
dulcinea_(grimms_notes),character,2025
dull,artist,2025
dull_eyes,general,2025
duman,general,2025|2026|2026_06
dumbbell_piercing,general,2025
dumbs_(dumbsyt),artist,2025|2026|2026_06
dumun_(wxw_hye),artist,2025
dundonggirl,artist,2025|2026|2026_06
dune_(heartcatch_precure!),character,2025|2026|2026_06
dung_defender,character,2025
duo_dong_ertong_kuaile_duo_x,artist,2025
duojiaomaotou-tougarashi,artist,2025|2026|2026_06
dura,artist,2025
durandal_(crosscore),character,2025|2026|2026_06
durandal_(racehorse),character,2025
durandal_(sky_bright_and_clear)_(honkai_impact),character,2025
durin_(real)_(genshin_impact),character,2026|2026_06
dururrurur,artist,2025
duruya_kouji,artist,2025
dusame64,artist,2025
dusekkar_(roblox),character,2025
dusk_(ambience_synesthesia)_(arknights),character,2025|2026|2026_06
dusk_(elite_ii)_(arknights),character,2026|2026_06
dusk_(yuna2439),artist,2025|2026|2026_06
dusk_lobber_(plants_vs_zombies),character,2025
dusk_wanshang,artist,2025|2026|2026_06
dusrhkqh,artist,2025
dust_(mth),artist,2025|2026|2026_06
dusttomato,artist,2025|2026|2026_06
dutch_border,general,2025|2026|2026_06
dutchangle,general,2025|2026|2026_06
dutsafe,artist,2025
dvdpoke,artist,2025
dvixie,artist,2025|2026|2026_06
dvsdesigner,artist,2025
dwadwa98,artist,2025|2026|2026_06
dwarf_(grimm),character,2025
dwn0001130,artist,2025|2026|2026_06
dwps_ex,artist,2025
dx3_gorani,artist,2025|2026|2026_06
dx_0915,artist,2025
dyadia,character,2026|2026_06
dyanamax_cannon_(pokemon),general,2025
dyed_bangs,general,2025
dymitr3,artist,2025
dynamic_type_(ultra_series),character,2025
dynamitenatalia,artist,2025|2026|2026_06
dynasty_tactics,copyright,2025|2026|2026_06
dyymfamily,artist,2025|2026
dzeta,artist,2025
dzetawmdunion,artist,2025
e-boy,general,2026|2026_06
e-girl,general,2025|2026|2026_06
e-na,artist,2025
e.t._(5327),artist,2025
e.v.o.:_search_for_eden,copyright,2025|2026|2026_06
e2boy,general,2025|2026|2026_06
e2szrj9zubpsmix,artist,2025
e_ne_ko,artist,2025
e_no_n_old,artist,2025
eagle_(fu'un),character,2025|2026|2026_06
eagle_transporter,general,2025
ear_bell,general,2025|2026|2026_06
earl_(pokemon),character,2025
earring_request,meta,2025
earrings_removed,general,2025|2026|2026_06
earth_defence_force_5,copyright,2025
earth_defense_force_3_portable,copyright,2025
eas_(fresh_precure!),character,2025|2026|2026_06
eas_(fresh_precure!)_(cosplay),general,2025|2026|2026_06
east_(east_0o0_),artist,2026|2026_06
eastern_dragon_gloves,general,2025
easterneuropetouou,artist,2025|2026
easy_peasy,artist,2025
easycrew,artist,2025
eat_sleep_rave_repeat,general,2026|2026_06
eater_(neco),character,2025
eating_planet,general,2025
eating_pussy,general,2025
eatsleep1111,artist,2025
eb-0309_strider,character,2025
ebf7l,artist,2025
ebfried66,artist,2025
ebi_g,artist,2025
ebichiri_ebisu,artist,2025
ebimaki_bot,artist,2025
ebimayo_s2,artist,2025|2026|2026_06
ebina,artist,2025
ebirah_(artist),artist,2025
ebisawa_(alluviju),artist,2025|2026|2026_06
ebisu_(artist),artist,2025
ebiumaimgmg,artist,2025
eblana_(arknights),character,2025
eburi_a,artist,2025|2026|2026_06
ec-0804_smart_cleaner,character,2025
eccentric_(font),general,2025
echa4797,artist,2025|2026|2026_06
echico_(echico1125),artist,2025|2026|2026_06
echihiro,artist,2025|2026|2026_06
echizen_ryooga,character,2025|2026|2026_06
echizen_ryooma,character,2025|2026|2026_06
echizen_ryooma_(cosplay),general,2025|2026|2026_06
echo_(a19986536),artist,2025
echo_ojisan,artist,2025
echoz,artist,2025|2026|2026_06
eclipse_(beach_vacation)_(brown_dust_2),character,2025|2026|2026_06
eclipse_(brown_dust_2),character,2025|2026|2026_06
eclipse_(nightmare_bunny)_(brown_dust_2),character,2025|2026|2026_06
eclipse_(the_dimension_witch)_(brown_dust_2),character,2025|2026|2026_06
eclipseb041117,artist,2025
eco_(soukoku),artist,2025|2026|2026_06
eco_penpen_alma,character,2025
ecstasy_of_saint_teresa(bernini),copyright,2025
ectas_online,copyright,2025
ed_(circle_ed),artist,2025
ed_cvs,artist,2025
ed_rothstaylor_(the_extra's_academy_survival_guide),character,2025
eda,artist,2025
eda_clawthorne,character,2025
edage,artist,2025
eddi,artist,2025|2026|2026_06
edelgard_von_hresvelg_(emblem),character,2026|2026_06
edelweiss,copyright,2025|2026|2026_06
eden_(edenaldojj),artist,2025|2026|2026_06
eden_starling_(barbie),character,2025
edison,artist,2025
edith_(flipherrrr),character,2025|2026|2026_06
edmond_dantes_(artifical_rondo)_(fate),character,2025
edmond_honda,character,2025
edmond_honda_(cosplay),general,2025
ednaaaaxd,artist,2025|2026|2026_06
edolove,artist,2025
edora,artist,2025
edrw,artist,2025
eduardo_cezar,artist,2025
eduardogaray,artist,2025
educatedyouth,artist,2025
edward_(camp_lazlo),character,2025|2026|2026_06
edward_teach_(final_ascension)_(fate)_(cosplay),general,2025
edwin-kun,artist,2025|2026|2026_06
eechoe3,artist,2026|2026_06
eeiris_(vtuber),character,2025|2026|2026_06
eel_hat,general,2025|2026|2026_06
eevy_(vtuber),character,2025|2026|2026_06
eeyasu_(samarian),artist,2025
ef_2424,artist,2025
efa_(tunberuku),character,2025|2026|2026_06
efu_(33omusubi),artist,2025|2026|2026_06
efuyan,artist,2025
eg.,artist,2025
egca2854,artist,2025|2026|2026_06
egentee,artist,2025|2026|2026_06
egetsu_nee_na...,artist,2025
egf6best,artist,2025
egg_muffin,general,2025
egghead_(batman),character,2025|2026
eggmaam,character,2025
eggmeister,character,2025|2026|2026_06
eggsy,artist,2025|2026|2026_06
egodeath,artist,2025|2026|2026_06
egooo,artist,2025
eguchi_sera's_mother,character,2025
egugu,artist,2025
egyptian_fox_(roresu),character,2025|2026|2026_06
ehddus,artist,2025
eheheh,artist,2025|2026|2026_06
ehlboy,artist,2025
ei_ei_okotta?,general,2025
eiand,artist,2025
eida@renshuuchuu,artist,2025
eidolonspirit,artist,2025
eienartist,artist,2025
eiengrayrat,artist,2025|2026|2026_06
eienmidnight186,artist,2025
eight-handed_wheel,general,2025|2026|2026_06
eiji_(slow_damage),character,2025|2026|2026_06
eiji_(tfkn2723),artist,2025|2026|2026_06
eiji_shinjo_(battle_arena_toshinden),character,2025|2026
eikop,artist,2025|2026|2026_06
eima,artist,2025|2026|2026_06
eipiiiiiiii,artist,2025|2026|2026_06
eiri_(beatmania_iidx),character,2025
eirika_(emblem)_(fire_emblem),character,2025|2026|2026_06
eirika_(graceful_resolve)_fire_emblem,character,2025
eisen_(nicoseiga_29605313),artist,2025
eisenhower_jacket,general,2025|2026|2026_06
eisernes_kreuz,general,2025|2026|2026_06
eishin_flash_(collect_chocolatier)_(umamusume),character,2025|2026|2026_06
eizyu_tokiwa,artist,2025
ejaculating_outside,general,2025
ekal,artist,2025|2026|2026_06
ekaru_hoppe_de_pe_tapeta,character,2025
eki-lee,artist,2025|2026|2026_06
ekkapol,artist,2025
ekko_(league_of_legends),character,2025|2026|2026_06
ekko_(league_of_legends)_(cosplay),general,2025|2026|2026_06
el0fo,artist,2025
el_angel_(film),copyright,2025
el_condor_pasa_(kukulkan_monk)_(umamusume),character,2025
el_jarocho_feliz,artist,2025|2026|2026_06
el_ranno,artist,2025
ela_(safehouse)_(rainbow_six_siege)_(cosplay),general,2025|2026|2026_06
elaimart,artist,2025
elapid_(4609),artist,2025|2026|2026_06
elbow_in_face,general,2025|2026|2026_06
elcmr15idedeact,artist,2025
elda,character,2025
elda_(cosplay),general,2025
elda_hylitte,character,2025
elder_kraken,artist,2025|2026|2026_06
elderbug,character,2025
elderflower,artist,2025
eldes,character,2025
eldest,artist,2025
eldin,character,2025|2026|2026_06
eleanear_(b-rank_idol)_(brown_dust_2),character,2025
eleaneer_(b-rank_idol)_(brown_dust_2),character,2025|2026|2026_06
eleaneer_(brown_dust_2),character,2025|2026|2026_06
electra_(bare_knuckle),character,2025|2026|2026_06
electric_bass_guitar,general,2025
electric_car,general,2025
electric_peashooter,character,2025
electricblue,artist,2025|2026|2026_06
electro,artist,2025
electromaster0728,artist,2025|2026|2026_06
electroshocker_(jellyfish)_(tower_defense_simulator),character,2026|2026_06
eledrockraw,artist,2025
elegant_mochi,artist,2025
elegantomen,artist,2025
elegy_of_the_end_(genshin_impact),general,2025|2026|2026_06
eleinvillegas9,artist,2025|2026|2026_06
elektra,copyright,2025|2026|2026_06
elemental_symbol,general,2025
elena_(lazarus),character,2026|2026_06
elena_minami_williams,character,2025|2026|2026_06
elena_olegovna_owen,character,2025|2026|2026_06
elena_olegovna_owen_(cosplay),general,2025|2026|2026_06
eleonor_(taimanin_rpgx),character,2025
elephant_blue_toad_(mario),character,2025
eley,character,2025
elf_(elf_comic),character,2025
elf_(mega_man_zero),character,2025
elf_queen_(konoshige),character,2025
elfilibust,artist,2025|2026
elfin,character,2025|2026|2026_06
elfreda_cyania,character|artist,2025|2026|2026_06
elgato_(company),copyright,2025|2026|2026_06
elgd,artist,2026|2026_06
elgerzorene,character,2025
"eli_clark_(""noir"")",character,2025|2026|2026_06
"eli_clark_(""white"")",character,2025|2026|2026_06
elias_riera,artist,2025
elica_dayo,artist,2025
eligor,character,2025
elimoxiangya,artist,2025
elin_(artist),artist,2025
elintanart,artist,2025
eliotvlunogord,artist,2025
elis_(touhou)_(bat),character,2025|2026|2026_06
elisa_(mii),character,2025|2026|2026_06
elisabeth_(kage_no_jitsuryokusha_ni_naritakute!),character,2025|2026|2026_06
elisabetta_sirani,artist,2025
elise_(brown_dust_2),character,2025|2026|2026_06
elise_(layla),character,2025|2026
elise_(league_of_legends),character,2025|2026|2026_06
elise_(ponymoe),character,2025
elise_(sakura_wars),character,2025|2026
elisia_liau,artist,2025
elite_ii_(arknights),general,2025|2026|2026_06
eliteyokan,artist,2026
elivagar_(benghuai_xueyuan),character,2025|2026|2026_06
eliwood_(fire_emblem)_(blazing_knight),character,2025
elizabeth_bathory_(cinderella)_(fate)_(cosplay),general,2025|2026|2026_06
elizabeth_bathory_(cinderella)_(scullery_maid)_(fate),character,2025
elizabeth_bathory_(fate/extra_ccc),character,2025
elizabeth_bathory_(fate/extra_ccc)_(cosplay),general,2025
elizabeth_bathory_(halloween_caster)_(fate)_(cosplay),general,2025|2026|2026_06
elizabeth_bathory_(japan)_(fate)_(cosplay),general,2025
elizabeth_bathory_(second_ascension)_(fate)_(cosplay),general,2025
elizabeth_bathory_(third_ascension)_(fate)_(cosplay),general,2025
elizabeth_braddock,character,2025
elizabeth_rose_bloodflame_(skeleton),character,2025
elizabeth_rose_bloodflame_(voice_actor),artist,2025
elizabetha_(uchi_no_hime-sama_ga_ichiban_kawaii),character,2025
elk,general,2025|2026|2026_06
elko_elko9,artist,2025
ella_(benghuai_xueyuan),character,2025|2026|2026_06
ella_(inoiiying),character,2025|2026|2026_06
elle_(e11elll),artist,2026|2026_06
elle_mel_martha,character,2025
elle_mel_martha_(cosplay),general,2025
elledupomme,artist,2025
ellen_(derauea_motto!),character,2025
ellen_(tensei_shitara_slime_datta_ken),character,2025
ellen_mira_mathers_(cr-unit),character,2026|2026_06
ellfella,artist,2025|2026
elli_(cyphers),character,2025
elly_(artist),artist,2025|2026
elly_(vtuber)_(bunny),character,2026|2026_06
elly_(vtuber)_(casino),character,2026|2026_06
elly_(vtuber)_(heist),character,2026|2026_06
elly_(vtuber)_(pajamas),character,2026|2026_06
elm_(pokemon),character,2025
elmo_dinergate_(girls'_frontline_2),character,2025
eloisejude,artist,2025
elp_(erufw73),artist,2025
elphelt_valentine_(doll_annihilator)_(girls'_frontline),character,2025
elphelt_valentine_(magnum_wedding)_(girls'_frontline),character,2025
elpin_(trickcal),character,2025
elpis_(beatmania_iidx),character,2025
elquijotedraws,artist,2025|2026|2026_06
elrubius,character,2025|2026|2026_06
els_(legend_clover),character,2025|2026|2026_06
elsa_(disney_tsum_tsum),character,2025
elsa_lopez_(benghuai_xueyuan),character,2025|2026|2026_06
elstri,character,2026|2026_06
eltalus_(rivals_of_aether),character,2025
eltehh,artist,2025
elti_(benghuai_xueyuan),character,2026|2026_06
eltinada,character,2025|2026|2026_06
elue5768,artist,2025|2026|2026_06
elusive_sadie,artist,2025|2026|2026_06
elwaifu,artist,2025|2026|2026_06
elyon_(witch),character,2025|2026|2026_06
elysion_harper,character,2025
elysion_harper_(nikke),character,2026|2026_06
elyun_grimwald,character,2025
elzlo,artist,2025
em_(oviot),artist,2025
em_elm,artist,2025|2026|2026_06
emalfire0312,artist,2025|2026|2026_06
ember_celica,artist,2025
emberix,artist,2025|2026|2026_06
emblem_request,meta,2025
embroidered,general,2025|2026|2026_06
emcee,artist,2025
emdneeko,artist,2025|2026|2026_06
eme_4e,artist,2025
emerald_star_(benghuai_xueyuan),character,2025|2026|2026_06
emeraldus,artist,2025
emerium_slugger,general,2025
emfldzm159,artist,2025|2026|2026_06
emgh7234,artist,2025
emil_as,artist,2025
emilia_harling,character,2025|2026|2026_06
emily_kuwatoro_feena,character,2025
emily_stewart's_father_(idolmaster),character,2025|2026|2026_06
emily_stewart's_mother_(idolmaster),character,2025|2026|2026_06
emixxart,artist,2025
emiya_alter_(formal_dress)_(fate),character,2025
emiya_alter_(third_ascension)_(fate),character,2025
emiya_tachi,character,2025
emma_(clair_obscur:_expedition_33),character,2026|2026_06
emma_hardy_(maid),character,2026|2026_06
emmaai,artist,2025
emmak0,artist,2025
emmanuel_gonzales,artist,2025
emmauel_gonzalez_perez,artist,2025
emmeryn_(child)_(fire_emblem),character,2025
emmmmabab,artist,2025|2026|2026_06
emnk5833,artist,2025|2026|2026_06
emori71758,artist,2025
emori_(shrimperini),copyright,2026|2026_06
emotional_dragon,general,2025
empehjwyicxivtd,artist,2025
emperor_niro_(4781617),artist,2025
empire,general,2025
empress_charm_(idolmaster),general,2026|2026_06
emptinessoo,artist,2025|2026|2026_06
emr_camouflage,general,2025|2026|2026_06
emulume,artist,2025|2026|2026_06
emuou,artist,2025
emuto_ambition_(idolmaster),general,2026|2026_06
en-eins_perfektewelt,copyright,2025
en_(54650890),artist,2025|2026|2026_06
en_(nue_no_onmyouji),character,2025|2026|2026_06
en_bloc_clip,general,2025|2026|2026_06
ena_(dream_bbq)_(joel_g),character,2025
ena_(joel_g),character,2025
enaga,character,2025
enako_haibara,character,2025
enchanted_land_(font),general,2025
encore,artist,2025
encx2272,artist,2025|2026|2026_06
enda_maa,artist,2025
ende,character,2025|2026|2026_06
endeavour_(spacecraft),general,2025|2026|2026_06
enden_(kibuuuuun),artist,2025|2026|2026_06
endend_(shinia),artist,2025
endfield_lynx_girl_(arknights),character,2025|2026|2026_06
endo_(endoooo_uma),artist,2025
endou_naotsune,character,2025
ene_ybsk,artist,2025|2026|2026_06
eneko,artist,2025
enelous,artist,2025|2026|2026_06
energy_bone,general,2025
energy_girl,general,2025|2026|2026_06
energy_lock_seed,general,2025|2026
enforcer_(ambience_synesthesia)_(arknights),character,2025|2026|2026_06
engage_(module),general,2025
engagement_rings,general,2026|2026_06
engarden_28,artist,2025|2026|2026_06
engawa_g,artist,2025
engetsu_(auxh2288),artist,2025
engine_(gachiakuta),character,2025
engineer_(fallen)_(tower_defense_simulator),character,2026|2026_06
engineer_(phantom)_(tower_defense_simulator),character,2026|2026_06
engineer_(tower_defense_simuulator),character,2025
engorged_breasts,general,2025
enidoi7,artist,2025|2026|2026_06
enimdesu,artist,2025|2026|2026_06
eniraka,artist,2025|2026|2026_06
enjelia,artist,2025
enjou_tenshi,artist,2025
enjutsu,character,2025
enjutsu_kouro,character,2025
enki_(nisadonut),character,2025|2026|2026_06
enkidu207,artist,2025
enkidu_(fgo_x_lawson_2017)_(fate),character,2026|2026_06
enkidu_(fgo_x_lawson_2018)_(fate),character,2026|2026_06
enkidu_(fgo_x_pasela_resorts)_(fate),character,2026|2026_06
enkr3378,artist,2025
enlightened_byleth_(female),character,2025
enlightened_byleth_(male),character,2025
enma_(ennma2525),artist,2025|2026|2026_06
enma_kozato,character,2025
enma_meru_no_yabu_ai_shoudou,copyright,2025
enna_alouette_(2nd_costume),character,2025
enna_alouette_(3rd_costume),character,2025
enna_alouette_(decora),character,2026|2026_06
enneuni,artist,2025
enoch,character,2025|2026|2026_06
enoch_(cosplay),general,2025|2026|2026_06
enoki_(mushroom),general,2025
enoki_(vtuber)_(old_design),character,2025|2026|2026_06
enoki_kino,artist,2025|2026|2026_06
enokiya0,artist,2025
enomoto_kotai,artist,2025
enpi_shima,artist,2026|2026_06
enpitsunokaori,artist,2025
enraged_rajang,character,2025|2026|2026_06
enraku_tsubakura_(cosplay),general,2025|2026|2026_06
enrica,artist,2025
enrica_fastuca,artist,2025
enshou,character,2025
entrance,general,2025|2026|2026_06
entrepreneur_(16personalities),character,2025
entropy_(honkai_impact),character,2025
entry_form,general,2025|2026|2026_06
enudesuga,artist,2025|2026|2026_06
enuenugoshikku,artist,2025
enya_(gomulgong),character,2026|2026_06
enzo,character,2025
enzo_(cosplay),general,2025
enzo_(roco_kingdom:world),character,2025|2026|2026_06
enzo_benitez_7,artist,2025
eoduun_badaui_deungbul-i_doeeo,copyright,2025|2026|2026_06
eoe_style_(module),general,2025
eokyosan,artist,2025|2026
eolio_ezret,character,2025|2026|2026_06
ep-777,artist,2025
ephraim_(emblem)_(fire_emblem),character,2025|2026|2026_06
ephraim_(sacred_twin_lord)_(respendent)_(fire_emblem),character,2025
epiao,copyright,2025
epitaph_(ryaf8834),artist,2025|2026|2026_06
epsilon_(kage_no_jitsuryokusha_ni_naritakute!),character,2025|2026|2026_06
epsilon_delta5,artist,2025
epson_pc-286,general,2025|2026|2026_06
equipment,general,2025|2026|2026_06
er1kawagner,artist,2025
eran_folio,artist,2025
eraqus,character,2025|2026|2026_06
eraser_(module),general,2025
erawanlh,artist,2025
erbrobruh,artist,2025
ercishengdoushi,artist,2025
ercrow_(hentai-foundry),artist,2025|2026|2026_06
erd_gin,character,2025|2026|2026_06
erdfurry,artist,2025|2026|2026_06
erebus,character,2025
erel_prowlse,character,2025|2026|2026_06
erend,character,2025
ereshkigal_(aether_gazer),character,2026|2026_06
ereshkigal_(chinese_ver._9th_anniversary)_(fate),character,2026|2026_06
ereshkigal_(event_portrait)_(fate),character,2025
ereshkigal_(fgo_x_lawson_2018)_(fate),character,2026|2026_06
ereshkigal_(fgo_x_lawson_2020)_(fate),character,2026|2026_06
erha_he_tadebai_mao_shizun,copyright,2025
eri_(gacha_level._9999),character,2025|2026
eri_neko,artist,2025
eriashi,artist,2025
eric_(kyokugen_dasshutu),character,2025
eric_basaldua,artist,2025
eric_lin,artist,2025
eric_ridgeway,artist,2025
erica_(extracurricular),character,2025|2026
erico_jojo,artist,2025
eriene_(path_to_nowhere),character,2025|2026|2026_06
erika1991,artist,2025
erika_itou_(signalis),character,2025|2026|2026_06
erika_russell_(eiyuu_densetsu),character,2025
erika_russell_(eiyuu_densetsu)_(cosplay),general,2025
erimo_dandy_(racehorse),character,2025
erina_(ganbaride),character,2025|2026|2026_06
eringi_oisi_(morinoyu),artist,2025
erinus_(eruji),character,2025|2026|2026_06
erio,artist,2025|2026|2026_06
eritia,artist,2025
eritte,character,2025
ermina_(iris_mysteria!),character,2025
ernest_satou,character,2025
ernez_996,artist,2025
ernie,character,2025|2026|2026_06
ernie_(cosplay),general,2025|2026|2026_06
ero-gamu,artist,2025|2026|2026_06
eroboros,artist,2025
erojarvis,artist,2025
eroka,general,2025|2026
eropatio,artist,2025|2026|2026_06
eropii,artist,2025
erotatsu,artist,2025
ershier_(pixiv_104659149),artist,2025
eru_fuyuki,artist,2025
eruki,artist,2025
eryngi_(mushroom),general,2025|2026
erzplubdduik93g,artist,2025|2026|2026_06
erzt5337,artist,2025
es_(es_f0x),artist,2026|2026_06
esben,artist,2025
escape_xxx,artist,2026|2026_06
escarlata524,artist,2025|2026|2026_06
esecool,artist,2025
eselda_maverick,character,2025|2026|2026_06
eseru,artist,2025
esferitavt,character,2025|2026
esharart,artist,2025
eshur_(trickcal),character,2025
eske_himmel,artist,2025|2026|2026_06
eskey-09,artist,2025
eslimnator,artist,2026|2026_06
esm6289,artist,2025
esp_ra_de,copyright,2025|2026|2026_06
esper_zero_(neverness_to_everness),character,2026|2026_06
esperanza_(shadowverse),character,2026|2026_06
espio_the_chameleon_(race),character,2025
espoircristal,artist,2025
esquie_(clair_obscur:_expedition_33),character,2026|2026_06
essex_(benghuai_xueyuan),character,2025|2026|2026_06
esteed,artist,2025
esther_(dqb2),character,2025
esther_b,artist,2025
estherelaitea,artist,2025|2026
esto,artist,2025
esukura_(ehmj3588),artist,2025
eta_(kage_no_jitsuryokusha_ni_naritakute!),character,2025|2026|2026_06
etb,artist,2025
eternal_bloom_(idolmaster),general,2025|2026|2026_06
eternal_heroes,copyright,2025
eternal_meal_(lobotomy_corporation),character,2025|2026|2026_06
eternalcat,artist,2025
ethan_(ambience_synesthesia)_(arknights),character,2025|2026|2026_06
ethanmaldridge,artist,2025
ethel_f2,artist,2025
ether16,artist,2025
ether_yakumo,artist,2025
ethlyn_(masquerade)_(fire_emblem)_(cosplay),general,2025|2026|2026_06
ethrkart,artist,2025
etiennezalcha,artist,2026|2026_06
etizenya,artist,2025
etoichika,artist,2025
etokakaitari,artist,2025|2026|2026_06
etoran_(tongari_boushi_no_atelier),character,2025|2026|2026_06
etottorisaq,artist,2025
etou_kurumi,character,2025|2026|2026_06
etrosgate,artist,2025
etsp_(ruantang_project),character,2025|2026|2026_06
etsy,artist,2025|2026|2026_06
etuzan_jakusui,artist,2025
eu-lette,artist,2025
euclase,artist,2025
eudie_(shadowverse),character,2026|2026_06
eudora_(akashic_chronicle),character,2025|2026|2026_06
euforri,artist,2025
eugene_korekishi,character,2026|2026_06
eukkeon,artist,2025
eukr5772,artist,2025|2026|2026_06
eulipotyphlan,general,2025
eunie_(tongari_boushi_no_atelier),character,2025|2026|2026_06
eunoia_(dream_game),character,2025
eunwxx_u,artist,2026|2026_06
eunyoung_baek,character,2025
eurocentric_(font),general,2025
euryale_(formal_dress)_(fate)_(cosplay),general,2025
euryale_(lostroom_outfit)_(fate)_(cosplay),general,2025
euryale_(third_ascension)_(fate)_(cosplay),general,2025|2026|2026_06
eusis_landale,character,2025|2026|2026_06
eustace-flamek,artist,2025
euterpe,character,2026|2026_06
ev3_(gomulgong),character,2026|2026_06
ev_v1l,artist,2025
eva_(invisibleninja12),artist,2025
eva_kang,character,2025|2026
eva_kang_(cosplay),general,2025|2026
evandromenezes,artist,2025
evanura,artist,2025|2026|2026_06
evayoart,artist,2025
eve_(ensemble_stars!),general,2025|2026|2026_06
eve_(fire_emblem),character,2025
eve_(yayoi_maka),character,2025
evelar,artist,2025
evelyn_(gomulgong),character,2026|2026_06
evelynn_(league_of_legends),character,2025|2026|2026_06
evelynn_(league_of_legends)_(cosplay),general,2025|2026|2026_06
evereth_(mtg),character,2025
everitt_(horizon_walker),character,2025
every_whisper_(racehorse),character,2025
everyday2,artist,2025|2026|2026_06
everything_is_cake_(meme),general,2025
evey_(inoiiying),character,2025|2026|2026_06
evil-m6666,artist,2026
evil_jia,artist,2025
evil_superior_dragon_(sd_gundam),character,2025|2026|2026_06
evillllllllllllllllllllll,artist,2025|2026|2026_06
evilzorak,artist,2025
evol_blackhole,character,2025|2026|2026_06
evolve_(video_game),copyright,2025|2026|2026_06
evoxy,character,2025|2026|2026_06
ew,artist,2025
ex-aid_rider_watch,general,2025
exam_sum,artist,2025|2026
exavalon00,artist,2025
excalibur_academy_uniform,general,2025
excellus,character,2025|2026|2026_06
exchigen_10,artist,2025
exe-fri,artist,2025|2026|2026_06
exea,artist,2025|2026|2026_06
executioner_maid_(apprentice)_(centuriic),character,2025
executioner_maid_(centuriic),character,2025
executioner_maid_(centuriic)_(cosplay),general,2025
executive_student_council_(module),general,2025
executor_the_ex_foedere_(ambience_synesthesia)_(arknights),character,2026|2026_06
executor_the_ex_foedere_(arknights)_(cosplay),general,2025
exercise_wheel,general,2025|2026|2026_06
exo-44_walker_exosuit,general,2025
exocorpsehq,artist,2026|2026_06
exp_candy,general,2026|2026_06
expatriate_darkleer,character,2025
exportle,character,2025
exposed_clitoris,general,2025
exposed_tendon,general,2026|2026_06
expressionless_kouhai_(ishiyumi),character,2025
expressions,general,2025
extetvictarion,artist,2025
extinct,general,2025|2026|2026_06
extra_attack_shirt,general,2025|2026|2026_06
extra_lives,copyright,2026
extra_moons,general,2026|2026_06
extraction,meta,2025
extreme_monoka,artist,2025
extremely_long_tongue,general,2026|2026_06
exusiai_(elite_ii)_(arknights),character,2025
eydhtn73bguru8r,artist,2025|2026|2026_06
eye_(mememem),artist,2025|2026|2026_06
eye_(orc_eiyuu_monogatari),character,2025|2026|2026_06
eye_color_request,meta,2025
eye_cover,general,2025
eye_gouge,general,2025
eye_ilis,artist,2025
eye_in_palm,general,2025
eye_swap,general,2025|2026|2026_06
eyes_in_wings,general,2025
eyes_on_tentacles,general,2025|2026|2026_06
eyjafjalla_(ambience_synesthesia)_(arknights),character,2025|2026|2026_06
eyjafjalla_the_hvit_aska_(arknights)_(cosplay),general,2025|2026
eywy4324,artist,2025
ezaki_hiyori,artist,2025
ezhaillia,artist,2025|2026
ezhi_zz,artist,2026|2026_06
ezieyss,artist,2025|2026|2026_06
ezreal,character,2025|2026|2026_06
ezreal_(cosplay),general,2025|2026|2026_06
f-15e_strike_eagle,character,2025|2026|2026_06
f1m,general,2025
f80_(mobile_suit),character,2025
f8374nsc8eity74ns,artist,2025
f_(sharp_na_subago),artist,2025
f_and_d,artist,2025
f_con,artist,2025|2026|2026_06
f_d_hairegaa,artist,2025|2026|2026_06
fa-fi-fu,artist,2025
fa6ikyl,artist,2025|2026
fabarm_fp6,general,2025|2026|2026_06
fabarm_sdass,general,2025|2026|2026_06
fabela_(benghuai_xueyuan),character,2025|2026|2026_06
fabricant_100,copyright,2025
fabruady,artist,2025
face-framing_short_strand,general,2026|2026_06
face_cutout,general,2025|2026|2026_06
face_grab,general,2025
face_piercings,general,2025
face_with_tears_of_joy_emoji,general,2025
facebook-san,character,2025
facesfilledwithflies,artist,2025
factory_pomo,general,2025|2026|2026_06
fadilah-rd49,artist,2025|2026|2026_06
fadilah_r,artist,2025|2026|2026_06
fadillan,artist,2025
faery_court_tristana,character,2025|2026|2026_06
faeryn_(comodomodo),character,2025
fafnir_(benghuai_xueyuan),character,2025|2026|2026_06
fafnira_dracourings,character,2025
fagenkaku,artist,2025
faiharashu,artist,2025
fainernil,artist,2025
fainted,general,2025|2026|2026_06
fair_knight_(idolmaster),general,2025|2026|2026_06
fairy_(module),general,2025|2026|2026_06
fairy_(pac_man),character,2025
fairy_(vtuber),copyright,2025
fairy_badge,general,2025
fairy_dragon,general,2025
fairy_dress_(module),general,2025
fairy_minion_(grimms_notes),character,2025|2026|2026_06
fairy_princess_(shadowverse),character,2025
fairy_queen_(swan_lake),character,2025
fairy_tail_houou_no_miko,copyright,2025
fairy_tales_in_a_dream_(ensemble_stars!),general,2025
faithinstrngrs,artist,2025|2026|2026_06
faiz_accel,character,2025
faiz_armor,general,2025
faiz_rider_watch,general,2025
fake_elf_ears,general,2025
fake_fur_(artist),artist,2025
fake_phantom_thieves_(ensemble_stars!),general,2025|2026|2026_06
faker_(gamer),character,2025|2026|2026_06
faker_(module),general,2025
fakewaffle,artist,2025
falco_arrow,artist,2025|2026|2026_06
fallen,artist,2025
fallen_angel_(painting),copyright,2025
falling_basin,general,2025|2026|2026_06
fallout_(band),copyright,2025|2026|2026_06
fallout_(series),copyright,2025
falsetto_(suite_precure),character,2025|2026|2026_06
falsetto_(suite_precure)_(cosplay),general,2025|2026|2026_06
fam_(kantei_skill_nariagaru),character,2025|2026|2026_06
famicom_gamepad,general,2025|2026|2026_06
family_hierarch_candidate_(identity)_(project_moon),general,2026|2026_06
family_soft,copyright,2026
fan_(ekkk4574),artist,2025|2026|2026_06
fan_jing,artist,2025|2026|2026_06
fanbook,general,2025|2026|2026_06
fanburu!_(synthesizer_v),copyright,2025
fancy,character,2025|2026|2026_06
fancy_(song),general,2025|2026|2026_06
fanerdedaner,artist,2025
fang_xue_jun,artist,2025|2026|2026_06
fangfu_kandaole_yuzhou,artist,2025|2026|2026_06
fangxiang_cuoluan,artist,2025|2026|2026_06
fanny_packing,general,2025|2026|2026_06
fantasia,copyright,2025
fantasia_sol_(idolmaster),general,2026|2026_06
fantasy_envoy,character,2026
fantasy_rainbow,artist,2025
fap_nights_at_frennie:s,general,2026
farena_kingscholar,character,2025
farewell_(module),general,2025
faron,artist,2025|2026|2026_06
farrelarda64085,artist,2026|2026_06
farsi,general,2026|2026_06
fartooth_(elite_ii)_(arknights),character,2026|2026_06
fass_(weibo_7305677554),artist,2025
fatal_flat,artist,2025|2026
fatal_frame_2,copyright,2025
fatal_frame_3,copyright,2025
fatal_frame_4,copyright,2025
fatal_frame_5,copyright,2025
fatal_frame_purple_diary,copyright,2025|2026|2026_06
fate_(route),general,2025|2026|2026_06
father_(the_binding_of_isaac),character,2026|2026_06
father_(the_coffin_of_andy_and_leyley),character,2025
fatigues,general,2025
fatratfartart,artist,2025|2026|2026_06
fatter_cat_(ff14),character,2025|2026|2026_06
faunus_(rwby),general,2025|2026|2026_06
fauron714,artist,2025|2026|2026_06
faust_(benghuai_xueyuan),character,2025|2026|2026_06
faustino_tk,artist,2026
faux_gag,general,2025
favorite_(meme),general,2025
fawkes,character,2025
fawning_nadeko,character,2025|2026|2026_06
faye_(ffmq),character,2025
faynths,artist,2025|2026|2026_06
fbi_srt,general,2025|2026|2026_06
fblthp_the_lost_(mtg),character,2025
fe8585,artist,2025
fe_nikon_olten,artist,2025
fea,artist,2025|2026|2026_06
fear_fufu,character,2026|2026_06
feater_(ambience_synesthesia)_(arknights),character,2025|2026|2026_06
feather_(mtg),character,2025
feather_magic,character,2025|2026|2026_06
feathered_hat,general,2026|2026_06
feb0019,artist,2025
feck_dangerfield,artist,2025|2026|2026_06
federica_(sonic_world_adventure),character,2025
fee_kissethermit,character,2025
fee_kissethermit_(cosplay),general,2025
feel_the_joy,general,2025
feeler,general,2025
feeling84365,artist,2025|2026|2026_06
feelthehadou,artist,2025
feeny,artist,2025
feet_on_desk,general,2025|2026|2026_06
feet_on_stomach,general,2025|2026|2026_06
fefreak726,artist,2025
fegm12,artist,2025
fei_(ffmq),character,2025
feicha806,artist,2025
feichu_keju,artist,2025|2026|2026_06
feidipadip,artist,2025
feihua_suisuinian_mao_hanbao,artist,2025
feile_baogan,artist,2025|2026
feiliangxingxh,artist,2025|2026|2026_06
fej_69,artist,2025
felicemelancholie,artist,2025
felicette_(marfusha),character,2025
felipe_bende,artist,2025
felipe_leite,artist,2025
felis,character,2025|2026
felixxip,artist,2025|2026|2026_06
felsus,artist,2025
felyne_(cosplay),general,2025
female_alear_(fell_dragon)_(fire_emblem),character,2026|2026_06
female_alear_(red_days_past)_(fire_emblem),character,2026|2026_06
female_byleth_(enlightened)_(fire_emblem),character,2025
female_corrin_(emblem)_(fire_emblem),character,2026|2026_06
female_corrin_(silent_bloodline)_(fire_emblem),character,2026|2026_06
female_monokuma_kid,character,2025
female_protagonist_(pokemon_champions),character,2025|2026|2026_06
female_tourist_c_(arknights),character,2025
female_voyager,character,2025
female_warrior_monk,character,2025
femboysandco,artist,2025
femirins_(benghuai_xueyuan),character,2025|2026|2026_06
femme,character,2025|2026|2026_06
fender-mustang,general,2025
fender_starcaster,general,2025
feng_gong_stantham,artist,2025
fengbuxiao,artist,2025|2026|2026_06
fengchuiqunjiao,artist,2025
fengshen_chino,artist,2025
fengxi_(the_legend_of_luoxiaohei),character,2025|2026|2026_06
fengxi_(the_legend_of_luoxiaohei)_(cosplay),general,2025|2026|2026_06
fengzhanyun,artist,2025|2026|2026_06
feniks_tamara,character,2025|2026|2026_06
fenimore,character,2025
fenix_the_galah,character,2026|2026_06
fennidraw,artist,2025|2026|2026_06
fenrir_(benghuai_xueyuan),character,2025|2026|2026_06
fensalir,general,2025
fenzisheng1,artist,2025|2026|2026_06
feral_frenzy,artist,2025
ferdinand_(arknights),character,2025
ferdinandus,artist,2025
fergus_mac_roich_(young)_(welcome_diner)_(fate),character,2025
fergus_mac_roich_(young)_(welcome_diner)_(fate)_(cosplay),general,2025
fern_(h-f),artist,2025
fernando_sano,artist,2025
feryl,artist,2025|2026|2026_06
fest_(58141811),artist,2025
festival_dance,general,2025|2026|2026_06
fever_boost_form,general,2025
fever_magnum_form,general,2025
fever_zombie_form,general,2025|2026|2026_06
feyd_(wangzhe_rongyao),character,2026|2026_06
fez_(video_game),copyright,2025|2026|2026_06
feza_chen_(ushaku),artist,2025
ff14hi0x07,artist,2025|2026|2026_06
ff_din_(font),general,2025
ffcreatyuuki,artist,2025|2026|2026_06
ffff12050,artist,2025
ffffflllllgun,artist,2025
ffreedo,character,2025|2026|2026_06
fgo_cbc_party,artist,2026|2026_06
fgpa7484,artist,2025
fgsn_123,artist,2025|2026|2026_06
fiammetta_(ambience_synesthesia)_(arknights),character,2025|2026|2026_06
fiammetta_(bird)_(arknights),character,2025
fiana_(danmachi),character,2025
fibox-art,artist,2025|2026|2026_06
fiddlesticks,character,2025|2026|2026_06
field_horsetail,general,2025
fierawhatever,artist,2025
fiery_nipples,general,2025
fight_for_judge_(ensemble_stars!),general,2025
fighter_(dungeon_and_fighter),character,2025
fighter_(final_fantasy_i),character,2025
fighter_gamer_level_50,general,2025|2026|2026_06
fighting_jackal,general,2025
figure_four,character,2025|2026|2026_06
fii_(fortress_girl),character,2025|2026|2026_06
filanim,artist,2025
file,general,2025
filianislost,artist,2025
filip_acovic,artist,2025
fillia_(fate),character,2025|2026|2026_06
film_border,general,2025|2026|2026_06
final_destination_(film),copyright,2025
final_fantasy_vii_advent_children,copyright,2025|2026|2026_06
final_fantasy_vii_ever_crisis,copyright,2025|2026|2026_06
final_romance_2,copyright,2025|2026|2026_06
finalelysion,artist,2025
finalsmashcomic,artist,2025
finata,artist,2025|2026|2026_06
fine_(prominence_dress_up)_(futagohime),character,2025|2026|2026_06
fine_(prominence_eternal_miracle_change)_(futagohime),character,2025|2026|2026_06
fine_(universal_princess)_(futagohime)_(cosplay),general,2025
fing,general,2025
finger_gun_to_head,general,2025|2026|2026_06
finger_hug,general,2025
finger_in_ear,general,2025|2026|2026_06
finger_on_nose,general,2025
fingers_together,general,2025
fingers_touching_floor,general,2025
fini-mun,artist,2025
finn_mertens,character,2025
finn_the_flying_squirrel,character,2025
finnegan_(soul_hacker),character,2025|2026|2026_06
finora_(majutsu_gakuin_o_shuseki_de_sotsugyou_shita_ore_ga_bouken-sha_o_hajimeru_no_wa_sonnani_okashiidarou_ka),character,2025
fio6786,artist,2026|2026_06
fiona_(toosaka_asagi),character,2025|2026|2026_06
"fiona_gilman_(""crimson"")",character,2026|2026_06
"fiona_gilman_(""pilgrim"")",character,2025|2026|2026_06
fiora_(league_of_legends),character,2025|2026|2026_06
fioria,character,2025
fire_emblem:_akaneia_saga,copyright,2025
fire_helmet,general,2025|2026|2026_06
fire_peashooter,character,2025
fire_tattoo,general,2026|2026_06
fire_yellow_toad_(mario),character,2025
firefight,general,2025|2026|2026_06
fireman.exe_(cosplay),general,2025
firirichii,artist,2025
firis_(motto!_haramase!),character,2025
firo_(puzzle_&_dragons),character,2025
firons,artist,2025
firran0830,artist,2025
first_dream_tales_(ensemble_stars!),general,2025
first_position_(ballet),general,2025
fish-hooking,general,2025
fish_bone,general,2025
fish_bone_earrings,general,2025
fish_bone_hair_ornament,general,2025
fish_bone_print,general,2025
fish_bone_zipper,general,2025
fish_hairpin,general,2025|2026|2026_06
fishbones_(pixiv),artist,2025
fishing_hook,general,2025
fishing_hook_earrings,general,2025
fishnet_armwear,general,2025
fishnet_bod,general,2026|2026_06
fishnet_bodysuit,general,2025
fishnet_legwear,general,2025
fishy_721,artist,2025
fishy_overalls_(module),general,2025
fist_dildo,general,2025|2026|2026_06
fist_of_idol_(ensemble_stars!),general,2025|2026|2026_06
fitz2013,artist,2025
five_nights_at_freddy's:_special_delivery,copyright,2025
fiy1827565,artist,2026|2026_06
fizrotart,artist,2025
fizz_(league_of_legends),character,2025|2026|2026_06
flaahgra_(metroid_prime),character,2025
flag_request,meta,2025
flag_zombie_(plants_vs_zombies),character,2025
flagman_11,artist,2025|2026
flame06028621,artist,2025|2026|2026_06
flame_dragon,character,2025
flame_painter,meta,2025
flame_reaver_of_the_deepest_dark,character,2025|2026|2026_06
flame_reaver_of_the_deepest_dark_(cosplay),general,2026|2026_06
flame_style,character,2025
flamebringer_(ambience_synesthesia)_(arknights),character,2025|2026|2026_06
flametail_(elite_ii)_(arknights),character,2026|2026_06
flandreislove,artist,2025
flaner_(unitia),character,2025
flapper,general,2025
flappy_(futari_wa_precure),character,2025|2026|2026_06
flappy_(game)_(character),character,2025
flaptrapsart,artist,2025
flash_9,meta,2025
flash_gordon_(cosplay),general,2026|2026_06
flash_type_(ultra_series),general,2025
flashbang,general,2025|2026|2026_06
flatline,artist,2025
flayyrart,artist,2026|2026_06
flcl-prinny,artist,2025
flecktarn,general,2025|2026|2026_06
fleetway_super_sonic,character,2025|2026|2026_06
fletcher_(sasebo)_(kancolle),character,2026|2026_06
fletcher_(swimsuit_mode)_(kancolle),character,2025
fletcher_mk_ii_(swimsuit_mode)_(kancolle),character,2025
flewda,artist,2025
fley3black,artist,2025
flhourart,artist,2025|2026|2026_06
flick-float,artist,2025
flight,general,2025
flight_goggles,general,2025
flimsyflamingo,artist,2025
flip-up_sight,general,2025|2026|2026_06
flip_flap_(bemani),copyright,2025
flipherrrr,artist,2025|2026|2026_06
flnb3ue6qo83174,artist,2026|2026_06
floating_earring,general,2025
floating_hair_ornament,general,2025
floor_tiles,general,2025|2026|2026_06
flop,general,2025
floppy_hat,general,2026|2026_06
flora_(pop'n),character,2025
floral_(module),general,2025
floral_print_paper_fan,general,2025
florasheep,character,2025|2026|2026_06
flore_(disney),character,2026|2026_06
florence_(artist),artist,2025
florentia,general,2025|2026|2026_06
"florian_brand_(""puffing"")",character,2026|2026_06
flounce_bikini,general,2025
flowe_of_summer,artist,2025
flower_(symbol),general,2025
flower_box,general,2025|2026|2026_06
flower_boy,general,2026|2026_06
flower_braid,general,2025|2026|2026_06
flower_hands_(precure),general,2025
flower_hat,general,2025|2026|2026_06
flower_in_mug,general,2025
flower_man_(randal's_friends),character,2025
flower_neckwear,general,2025|2026|2026_06
flower_on_breast,general,2025
flower_pot_(plants_vs_zombies),character,2025
flowercz,artist,2025|2026|2026_06
flowers-imh,artist,2025
floyd_leech_(birthday_boy),character,2025
floyd_leech_(birthday_jacket),character,2025
flshfish,artist,2025|2026|2026_06
fluffball,artist,2025
fluffernubber,artist,2025
fluffy-fuzzy-ears,artist,2025
fluffyufu,artist,2025
flux_(artist),artist,2025
fluxen,artist,2025
flvg2rhdsmdsjuv,artist,2025
fly_away_(idolish7),general,2025
fly_earrings,general,2026|2026_06
flying_aircraft_carrier,general,2025
flying_falcon,general,2025|2026
flying_toaster,artist,2025
flyingpeach,artist,2025|2026|2026_06
flytrap,artist,2025
fmkxvvc9ibz1nbc,artist,2025|2026|2026_06
fmochiro,artist,2025
fmu,artist,2025|2026|2026_06
fn_fnp,general,2025|2026|2026_06
fn_fnx_45,general,2025|2026|2026_06
fnzf5388,artist,2025
foal_(tate_no_yuusha_no_nariagari),character,2026|2026_06
folded_collar,general,2026|2026_06
folded_sidetail,general,2026|2026_06
folded_umbrella,general,2025|2026|2026_06
folding_stock,general,2025|2026|2026_06
folinic_(elite_ii)_(arknights),character,2026|2026_06
folkvangr,general,2025
fonewearl_style_(module),general,2025
foo_y33,artist,2025|2026
food-themed_legwear,general,2025
food_stall_owner,character,2026|2026_06
foodie_bee,character,2025|2026|2026_06
fool,character,2025|2026|2026_06
foooooooooon,artist,2025
foot_bath,general,2025|2026|2026_06
foot_gag,general,2026|2026_06
foot_on_arm,general,2025|2026|2026_06
foot_on_ass,general,2025|2026|2026_06
foot_on_back,general,2025|2026|2026_06
foot_on_breast,general,2025|2026|2026_06
foot_on_chest,general,2025|2026|2026_06
foot_on_hand,general,2025|2026|2026_06
foot_on_head,general,2025|2026|2026_06
foot_on_own_leg,general,2025|2026|2026_06
foot_on_pussy,general,2025
football_zombie_(plants_vs_zombies),character,2025
for-zhi,artist,2025|2026|2026_06
forafallenstar,artist,2025|2026|2026_06
forbidden_siren_2,copyright,2025|2026|2026_06
forced_oral,general,2025
ford_e-350,general,2025
ford_transit_connect,general,2025
foreign_exchange_chart,general,2025
forest_of_eldraine,general,2025
forest_priestess_(blvefo9),character,2025|2026|2026_06
forge_(artist),artist,2026
forgotten-wings,artist,2025
formal_shorts,general,2025|2026|2026_06
forte_(font),general,2025
fortnite_cammy,character,2025|2026|2026_06
fortune_banquet_(ensemble_stars!),general,2025|2026|2026_06
fortune_lucky_(miracle_nikki),character,2025
fortune_teller_(tensei_shitara_slime_datta_ken),character,2025
forward_facing_horns,general,2025
fosaster_fenrir,artist,2025|2026|2026_06
fossa,character,2025
fourquarter_415,artist,2025
fourze_rider_watch,general,2025
fox_(unbalance),character,2025|2026|2026_06
fox_dives_headfirst_into_snow_(meme),general,2025|2026|2026_06
fox_sua,artist,2025
foxander_moonwalker,artist,2025
foxy_(pop'n),character,2025
foyer,general,2025
foznya,artist,2026|2026_06
fpwgfnrixm35508,artist,2026|2026_06
frace'ese,character,2025|2026|2026_06
frag,character,2025
frame,general,2025
fran_(benghuai_xueyuan),character,2025|2026|2026_06
fran_armenteros,artist,2025
frances,artist,2025
francis_drake_(third_ascension)_(fate)_(cosplay),general,2025
francis_drake_(wild_western)_(fate)_(cosplay),general,2025
francis_tsai,artist,2025
francisca_painemal,artist,2025
francisxie,artist,2025|2026|2026_06
francois_(clair_obscur:_expedition_33),character,2026|2026_06
frank,artist,2025
frank_(hotel_transylvania),character,2025
frankenstein's_monster_(swimsuit_saber)_(fate)_(cosplay),general,2025|2026|2026_06
frankfurt,general,2025
frankfurter_d_(font),general,2025
franklin_(76ers_mascot),character,2025|2026|2026_06
franklin_ouano,artist,2025
frankmelle485,artist,2026|2026_06
fransu,artist,2025
fransumaru,artist,2025
frantabulosa,artist,2025
franz_von_stuck,artist,2025
fraulein_(module),general,2025
fraurem_(isekai_nonbiri_nouka),character,2026|2026_06
fray_(game),copyright,2025|2026|2026_06
frayed_shorts,general,2025|2026|2026_06
freckle_(trickcal),character,2025
freckles_on_back,general,2025
freckles_on_breasts,general,2025
fred_(blaster_master),character,2026|2026_06
fred_(spongebob_squarepants),character,2025
freddie_mercury's_rage_pose_(meme),general,2025
frederick_(child)_(fire_emblem),character,2025
frederick_barnes,character,2025|2026|2026_06
frederrickart,artist,2025
free_note017,artist,2025
freesia,character,2025|2026|2026_06
freeze_(go!_princess_precure),character,2025|2026|2026_06
freezing_bear,general,2025
freezing_fogs_(dragon_quest),character,2026|2026_06
freija_crescent,character,2025
freija_crescent_(cosplay),general,2025
french_guard,character,2025|2026|2026_06
frenchublog,artist,2025|2026|2026_06
frenchvanillu,artist,2025|2026|2026_06
freud_(benghuai_xueyuan),character,2025|2026|2026_06
frey,artist,2025|2026|2026_06
frey_(tensei_shitara_slime_datta_ken),character,2025
freya_(akashic_chronicle),character,2025|2026|2026_06
freyalise_(magic_the_gathering),character,2025
freyja_(norse_mythology),character,2025
friday_night_funkin_vs_dave_and_bambi,copyright,2025|2026|2026_06
friedchickenc,artist,2025
friend_a1012,artist,2025
friender,character,2025|2026|2026_06
friendly_sky,artist,2025
frilled_bikini_bottom,general,2025
frilled_bikini_top,general,2025
frilled_cuff,general,2026|2026_06
frilled_legwear,general,2025
frillish_(female)_(cosplay),general,2025
frillish_(male)_(cosplay),general,2025
frlztete,artist,2025
frne4887,artist,2025|2026|2026_06
frog_panties,general,2025|2026|2026_06
frog_stance,general,2025|2026|2026_06
froggie,artist,2025
froggy_(dream_bbq),character,2025
froggy_loch,character,2025|2026|2026_06
frogun,character,2025
front_skirt_armor,general,2025
front_slit_pants,general,2026|2026_06
frontline_watchdogs_(ensemble_stars!),general,2025|2026|2026_06
frost_(crosscore),character,2025|2026|2026_06
frost_fog,artist,2025
frostious,artist,2025
frostseven,artist,2025
frqz_bijutsu,artist,2025
fruithead,artist,2025|2026|2026_06
fruitsjam,artist,2025
fruitymaid,artist,2025|2026|2026_06
frukar,artist,2025
frust1532,artist,2025|2026|2026_06
fs7,artist,2025|2026
fsmaichobpeg0,artist,2025|2026|2026_06
fspiderp,artist,2025
fu_hua_(azure_empyrea)_(cosplay),general,2025
fu_hua_(herrscher_of_sentience),character,2025
fu_hua_(margrave_(t)),character,2025
fu_hua_(onyx_simurgh)_(herrscher_of_sentience),character,2025
fu_hua_(ooh!_summer!)_(herrscher_of_sentience),character,2025
fu_hua_(turn_up_the_music!)_(herrscher_of_sentience),character,2025
fu_xi,character,2025
fu_xi_(su_uimi),artist,2025
fuaka2025,artist,2026
fuanti,artist,2025
fubuki_(festival_mode)_(kancolle),character,2025
fubuki_(round_one)_(kancolle),character,2025|2026|2026_06
fubuki_(spring_mode)_(kancolle),character,2025
fudechin,artist,2025
fudou1983,artist,2025
fufafurfur,artist,2025
fufufu555555,artist,2026|2026_06
fugetac,artist,2025
fuguang_(love_curse:_find_your_soulmate),character,2026|2026_06
fugue_(crosscore),character,2025|2026|2026_06
fuguukawaii,artist,2025
fujiazuki,artist,2025
fujihashi_asumi,artist,2025
fujihiko_hosono,artist,2025
fujii-san_(sinonon_2234),artist,2025
fujikawa_arika,artist,2025
fujiko_(change123),character,2025|2026|2026_06
fujiko_f_fujio_(illustrated),character,2025
fujikura_uruka_(2nd_costume),character,2025|2026|2026_06
fujimaru_ritsuka_(female)_(a_thoughtful_meal),character,2026|2026_06
fujimaru_ritsuka_(female)_(anniversary_blonde)_(cosplay),general,2025|2026|2026_06
fujimaru_ritsuka_(female)_(brilliant_summer)_(cosplay),general,2025|2026|2026_06
fujimaru_ritsuka_(female)_(ceremonial_new_year)_(cosplay),general,2025|2026|2026_06
fujimaru_ritsuka_(female)_(chaldea_combat_uniform)_(cosplay),general,2025|2026|2026_06
fujimaru_ritsuka_(female)_(chaldea_pathfinder)_(cosplay),general,2025|2026|2026_06
fujimaru_ritsuka_(female)_(cheers_to_2017),character,2026|2026_06
fujimaru_ritsuka_(female)_(chinese_ver._5th_anniversary),character,2026|2026_06
fujimaru_ritsuka_(female)_(clear_dawn),character,2026|2026_06
fujimaru_ritsuka_(female)_(cornered_mice),character,2026|2026_06
fujimaru_ritsuka_(female)_(curse_of_the_bunnyfolk),character,2026|2026_06
fujimaru_ritsuka_(female)_(delightful_kemari),character,2026|2026_06
fujimaru_ritsuka_(female)_(dogs_in_space),character,2026|2026_06
fujimaru_ritsuka_(female)_(first_calligraphy),character,2026|2026_06
fujimaru_ritsuka_(female)_(goldfish_scooping),character,2026|2026_06
fujimaru_ritsuka_(female)_(heroic_new_year),character,2026|2026_06
fujimaru_ritsuka_(female)_(korean_ver._5th_anniversary),character,2026|2026_06
fujimaru_ritsuka_(female)_(korean_ver._6th_anniversary),character,2026|2026_06
fujimaru_ritsuka_(female)_(korean_ver._7th_anniversary),character,2026|2026_06
fujimaru_ritsuka_(female)_(life_of_olga),character,2026|2026_06
fujimaru_ritsuka_(female)_(mage's_association_uniform)_(cosplay),general,2025|2026|2026_06
fujimaru_ritsuka_(female)_(polar_chaldea_uniform)_(cosplay),general,2025|2026|2026_06
fujimaru_ritsuka_(female)_(royal_brand)_(cosplay),general,2025|2026|2026_06
fujimaru_ritsuka_(female)_(souya_high_school_uniform),character,2025
fujimaru_ritsuka_(female)_(the_three_great_heroes)_(cosplay),general,2025|2026|2026_06
fujimaru_ritsuka_(female)_(the_valiant),character,2026|2026_06
fujimaru_ritsuka_(female)_(tropical_summer)_(cosplay),general,2025
fujimaru_ritsuka_(female)_(true_ether_chaldea_uniform)_(cosplay),general,2025|2026|2026_06
fujimaru_ritsuka_(female)_(walking_in_the_spring_breeze)_(cosplay),general,2025|2026|2026_06
fujimaru_ritsuka_(female)_(we_are_friends),character,2026|2026_06
fujimaru_ritsuka_(female)_(welcome_to_expo),character,2026|2026_06
fujimaru_ritsuka_(male)_(a_thoughtful_meal),character,2026|2026_06
fujimaru_ritsuka_(male)_(budding_angler),character,2026|2026_06
fujimaru_ritsuka_(male)_(chaldea_combat_uniform)_(cosplay),general,2025|2026|2026_06
fujimaru_ritsuka_(male)_(chaldea_pathfinder)_(cosplay),general,2025|2026|2026_06
fujimaru_ritsuka_(male)_(cheers_to_2017),character,2026|2026_06
fujimaru_ritsuka_(male)_(chinese_ver._5th_anniversary),character,2026|2026_06
fujimaru_ritsuka_(male)_(chinese_ver._9th_anniversary),character,2026|2026_06
fujimaru_ritsuka_(male)_(clear_dawn),character,2026|2026_06
fujimaru_ritsuka_(male)_(decisive_battle_chaldea_uniform)_(cosplay),general,2026|2026_06
fujimaru_ritsuka_(male)_(delightful_kemari),character,2026|2026_06
fujimaru_ritsuka_(male)_(first_calligraphy),character,2026|2026_06
fujimaru_ritsuka_(male)_(goldfish_scooping),character,2026|2026_06
fujimaru_ritsuka_(male)_(halloween_royalty)_(cosplay),general,2025|2026|2026_06
fujimaru_ritsuka_(male)_(korean_ver._6th_anniversary),character,2026|2026_06
fujimaru_ritsuka_(male)_(korean_ver._7th_anniversary),character,2026|2026_06
fujimaru_ritsuka_(male)_(mage's_association_uniform)_(cosplay),general,2025|2026|2026_06
fujimaru_ritsuka_(male)_(polar_chaldea_uniform)_(cosplay),general,2025|2026|2026_06
fujimaru_ritsuka_(male)_(reading_holiday),character,2026|2026_06
fujimaru_ritsuka_(male)_(royal_brand)_(cosplay),general,2025|2026|2026_06
fujimaru_ritsuka_(male)_(secret_closet),character,2026|2026_06
fujimaru_ritsuka_(male)_(souya_high_school_uniform),character,2025
fujimaru_ritsuka_(male)_(tropical_summer)_(cosplay),general,2025|2026|2026_06
fujimaru_ritsuka_(male)_(true_ether_chaldea_uniform)_(cosplay),general,2025|2026|2026_06
fujimaru_ritsuka_(male)_(welcome_to_expo),character,2026|2026_06
fujimaru_xiu,character,2025
fujimasa_march,character,2025
fujimiya,artist,2025
fujinomiyaa,artist,2025
fujisa_ki_seina,artist,2026
fujishima_megumi_(gigo),character,2025
fujisubaru,artist,2025
fujita,artist,2025
fujita_denmi,artist,2026|2026_06
fujita_risa,character,2025|2026|2026_06
fujitani_tomonori,character,2025|2026
fujitsubo,character,2025|2026|2026_06
fujitsubo_(cosplay),general,2025|2026|2026_06
fujiwara_miyabi,character,2025
fujiwarakitazawa,artist,2025
fuju0508,artist,2026|2026_06
fukagawa_kazumi,artist,2025|2026|2026_06
fukagawa_kazumi_(style),general,2025|2026|2026_06
fukamori,artist,2025
fukana_miyu_(kokuya28),character,2025|2026|2026_06
fukas_shugyou_chuu,artist,2025|2026|2026_06
fuke_rindo,character,2025
fukenzen_shrkr,artist,2025|2026|2026_06
fukkosakura,artist,2025
fuko-chan,artist,2025
fuko_tyo,artist,2026|2026_06
fukoneka,artist,2025
fukumitsu_0025,artist,2025
fukunaga_yumi,artist,2025
fukunokami_nanako,character,2025|2026|2026_06
fukuramu,artist,2025
fukushima_masanori,character,2025
full_metal_panic!_invisible_victory,copyright,2025|2026|2026_06
full_metal_panic?_fumoffu,copyright,2025|2026|2026_06
fullfull_bottle,general,2025|2026|2026_06
fullland_howls,character,2025|2026|2026_06
fululu_(mamorukun_curse!),character,2026|2026_06
fume-shroom_(plants_vs_zombies),character,2025
fumi-chan_(nhk),character,2025|2026|2026_06
fumi_(4th_costume)_(nijisanji),character,2025|2026|2026_06
fumi_(5th_costume)_(nijisanji),character,2025|2026|2026_06
fumi_(butakotai),artist,2025
fumi_(fmfm1106),artist,2025|2026|2026_06
fumia_(alicesoft),artist,2025
fumie_kittaka,artist,2025
fumifumikick,artist,2026
fuminomino,artist,2025
fumizuki_(emil_chronicle_online),character,2025
fumo,artist,2025
funarie,artist,2025
functionaloaw,artist,2025|2026
fune_(fune93ojj),artist,2025
fung_kin_chew,artist,2025
funmatsu,artist,2025|2026|2026_06
funnel,general,2025
funsized-cake,artist,2025
funyoi_temoto_a,artist,2025
fuoi,artist,2025
fuquan9921,artist,2025|2026|2026_06
fur-trimmed_footwear,general,2025
fur_trimmed_crop_top,general,2026|2026_06
furawatchi,character,2026|2026_06
furesawa_tousai,character,2025
furida_(jadeologie),artist,2025
furisode_(pixilvina),artist,2025|2026|2026_06
furo_usagi,artist,2025
furry_and_humanization,general,2025|2026|2026_06
furrybarmou_xian_jiu_guan,artist,2025
furueee,artist,2025
furui_o_(lamp159568),artist,2025|2026|2026_06
furukawa_takayuki_(artist),artist,2026|2026_06
furukawa_zhi,artist,2025
fururu_(tales),character,2025
furutaka_(summer_mode)_(kancolle),character,2025
furutaka_(valentine_mode)_(kancolle),character,2025
furutaka_(yukata_mode)_(kancolle),character,2025
furyu_sweet_sweets_series,general,2025|2026|2026_06
fusebox,general,2025|2026|2026_06
fused_shadows,general,2025|2026|2026_06
fushi,character,2025|2026|2026_06
fushigi_dagashiya,copyright,2025
fushigi_no_chronicle,copyright,2025|2026|2026_06
fushiguro_touji,character,2025|2026|2026_06
fushiguro_touji_(cosplay),general,2025|2026|2026_06
fushimi_gaku_(7th_costume),character,2025|2026|2026_06
fusou_(swimsuit_mode)_(kancolle),character,2025
futa_zuma,character,2025
futaba-chan_(osakana),character,2025
futaba841,artist,2025
futahito_kazusa,character,2025
futao_miruku's_mother_(riki),character,2026|2026_06
futari_wa_precure_explosion,general,2025
futarishizukashi_(sasaki_to_p-chan),character,2025|2026|2026_06
futoi,character,2025|2026|2026_06
futomoy,artist,2025
futon_tataki,general,2025|2026|2026_06
futsutsukana_akujo_de_wa_gozaimasu_ga,copyright,2025|2026|2026_06
futura_(font),general,2025
future_style_(module),general,2025
future_tord_(eddsworld),character,2025|2026|2026_06
future_tord_(eddsworld)_(cosplay),general,2026
fuujin_(ff8),character,2025
fuuloong,artist,2025
fuuma_kotarou,character,2025|2026|2026_06
fuuma_kotarou_(sengoku_musou),character,2025|2026|2026_06
fuun_shisuka,character,2025|2026|2026_06
fuuna_(hu_na3918),artist,2025
fuurin_hino513,artist,2025
fuutaro_(aniwotakemoner),artist,2025|2026|2026_06
fuwa_miwa,character,2025|2026|2026_06
fuwa_toco,artist,2025
fuwafuwa_coat_(module),general,2025
fuwari,character,2025
fuxi,artist,2025|2026|2026_06
fuxiyu,artist,2025
fuya_kashiwa,artist,2025
fuyo_cloverfield_(artist),artist,2025|2026|2026_06
fuyu_banana,artist,2025|2026|2026_06
fuyu_nur,artist,2025|2026|2026_06
fuyuhi,artist,2025
fuyutsuki_(round_one)_(kancolle),character,2025|2026|2026_06
fuyuyama_asako,character,2025
fuyuyama_yoruko,character,2025
fuzake_neko,artist,2025
fuzuyaow,artist,2025|2026|2026_06
fv4034_challenger_1,general,2025|2026|2026_06
fv4034_challenger_2,general,2025|2026|2026_06
fxrp8533,artist,2025
fy_fp7,artist,2025|2026|2026_06
fyakel_pf,artist,2025
fyasuco,artist,2025
fyeah-clarice,artist,2025|2026
fyretrck26,artist,2025
fyshe_blundell,character,2025|2026|2026_06
g-clef_(suite_precure),general,2025|2026|2026_06
g-hard,artist,2025
g-i-dle,copyright,2025
g-matoshi,artist,2025
g-parts_hrududu_ii,general,2025|2026|2026_06
g-power,artist,2025
g.g.lemon,artist,2025|2026|2026_06
g1_(user_tjwy5444),artist,2025
g1a1c2a1e2e2d2,artist,2025
g3siuvkkn884989,artist,2025
g4ori,artist,2025|2026|2026_06
g65795852,artist,2025
g_(user_vtff8787),artist,2025|2026|2026_06
g_g_twst,artist,2025
g_ioko,artist,2025
g_mawang,artist,2025
g_mi_18,artist,2026|2026_06
g_y_k,artist,2025
gaa,artist,2025|2026|2026_06
gab_(zero_time_dilemma),character,2025
gabe_laven,artist,2025|2026|2026_06
gabil_(tensei_shitara_slime_datta_ken),character,2025
gabitozati,artist,2025|2026|2026_06
gabriel_(mandela_catalogue),character,2025|2026|2026_06
gabriel_fandino_(artist),artist,2025|2026
gabriella_(totally_spies),character,2026|2026_06
gabrieltenma77,artist,2025
gabu_g2,artist,2026|2026_06
gacha_(series),copyright,2025|2026|2026_06
gacha_gacha,copyright,2025|2026|2026_06
gadis_(roh_anima),character,2025
gae_bolg_(tales_of_innocence),character,2025|2026|2026_06
gaech0,artist,2025
gag_(sanno),artist,2025
gag_chin_strap,general,2026|2026_06
gagaya2295631,artist,2025
gaiguu,artist,2025
gaim_armor,general,2025
gaim_dameshi,general,2025|2026|2026_06
gaimon,character,2025
gaisidezhou,artist,2025|2026|2026_06
gajira_07,artist,2025
gaki_(megami_tensei),character,2025
gakisige,artist,2025
gakkou_wo_deyou,copyright,2025|2026|2026_06
gakuo_o,artist,2025
gakura,general,2025|2026|2026_06
gakushi_yumi,character,2025
gakushin,character,2025
gakushu_kenkyusha,copyright,2025
gakushuinabe,artist,2025|2026|2026_06
gakushuu,character,2025|2026|2026_06
gakuto_oshiro,character,2026|2026_06
galactic_baseballer_(honkai:_star_rail),character,2026|2026_06
galahad_alter,character,2025
"galatea_(""succubus"")_(identity_v)",character,2025|2026|2026_06
galatea_(identity_v),character,2025|2026|2026_06
galawave_(artist),artist,2025|2026
galaxy_(galaxywuzhere),artist,2025|2026|2026_06
galaxy_(module),general,2025
galaxy_expedition_team,general,2025
galaxy_expedition_team_medical_corps_uniform,general,2025|2026|2026_06
galaxy_expedition_team_survey_corps_uniform,general,2025|2026|2026_06
galaxyspark,artist,2025|2026|2026_06
galcantara,artist,2025|2026|2026_06
galgoo,artist,2025
gali,character,2025|2026|2026_06
galileo,character,2025|2026|2026_06
galio,character,2025|2026|2026_06
galiter07,artist,2026|2026_06
gallant1110,artist,2025|2026
gallia_(magic_the_gathering),character,2025
gallia_gun_dai_7_shoutai_(module),general,2025
gallus-k,character,2025|2026|2026_06
galon_(kaela_kovalskia),character,2025
galxseas,artist,2025|2026
gamao_(yes!_precure_5),character,2025|2026|2026_06
gambier_bay_(christmas_mode)_(kancolle),character,2025
gambier_bay_(haregi_mode)_(kancolle),character,2025
gambier_bay_(summer_mode)_(kancolle),character,2025
game_cg,meta,2025|2026|2026_06
game_request,meta,2025
gamehiko1028,artist,2025|2026|2026_06
gamepad,general,2025|2026|2026_06
gamepad_hair_ornament,general,2025|2026|2026_06
gamera_(turtle),character,2025
gamera_2:_advent_of_legion,copyright,2025
gamgul_1234,artist,2026|2026_06
gamibueeee,artist,2025|2026|2026_06
gamja0615,artist,2025|2026|2026_06
gamma_(kage_no_jitsuryokusha_ni_naritakute!),character,2025|2026|2026_06
gamoweh,artist,2025|2026|2026_06
gamtoryy_(vtuber),character,2025
gan_le_buneng,artist,2025|2026|2026_06
ganba_ruuko_(vtuber),character,2025
gandrayada,character,2025|2026|2026_06
gangaze_(user_kyey7383),artist,2025|2026|2026_06
gangchan_(someone_stop_her),character,2026|2026_06
gangling_lotus,character,2025
gangplank_(league_of_legends),character,2025|2026|2026_06
ganmodoki_(kizm),artist,2025
ganryou,character,2025
gao_sheng,artist,2025
gaoti365,artist,2025|2026|2026_06
gar2210,artist,2025
garagara_manga,artist,2025
garaho_flip_phone,general,2026|2026_06
garaku_utagawa,character,2025
garakutaya_(grktya0831),artist,2025|2026|2026_06
garam_lee,artist,2025|2026|2026_06
garan_misao,character,2026|2026_06
gardara_(roh_anima),character,2025
gardening_maid,character,2025
garen_(league_of_legends),character,2025|2026|2026_06
garena,copyright,2025|2026|2026_06
gareth_(swimsuit_saber)_(fate),character,2025
gareth_(swimsuit_saber)_(second_ascension)_(fate)_(cosplay),general,2025
gargan_zero,character,2025|2026|2026_06
gargantuar,character,2025
gargmac_meshi,artist,2026|2026_06
garisen_garigari_surimu_otoko,artist,2025|2026
garlic_(plants_vs_zombies),character,2025
garnet_(crosscore),character,2026|2026_06
garo,character,2025|2026|2026_06
garo:_the_one_who_inherits_steel,copyright,2025|2026|2026_06
garo:guren_no_tsuki,copyright,2025|2026|2026_06
garo:honoo_no_kokuin,copyright,2025|2026|2026_06
garo:makai_retsuden,copyright,2025|2026|2026_06
garo:red_requiem,copyright,2025|2026|2026_06
garo:soukoku_no_maryu,copyright,2025|2026|2026_06
garo:the_one_who_shines_in_the_darkness,copyright,2025|2026|2026_06
garo:vanishing_line,copyright,2025|2026|2026_06
garo:versus_road,copyright,2025|2026|2026_06
garo_(cosplay),general,2025|2026|2026_06
garo_(series),copyright,2025|2026|2026_06
garo_fang_of_god_(series),copyright,2025|2026|2026_06
garo_gold_storm_flight_(series),copyright,2025|2026|2026_06
garo_makai_senki,copyright,2025|2026|2026_06
garo_moonbow_traveler,copyright,2025|2026|2026_06
garo_the_flower_of_hell_(series),copyright,2025|2026|2026_06
garobato,artist,2025|2026
garoudesu0202,artist,2025
garr,character,2025|2026|2026_06
garththedestroyer,artist,2025|2026|2026_06
garu,character,2025
garu_(cosplay),general,2025
gary_(spongebob_squarepants),character,2025
gary_the_snail,character,2025|2026|2026_06
gasburnervous,artist,2025
gaspar_flores,artist,2025
gasparde,character,2025
gatai,character,2025|2026|2026_06
gatakiriba_(ooo_combo),character,2025|2026|2026_06
gatery,artist,2025
gatling_(benghuai_xueyuan),character,2025|2026|2026_06
gatling_pea_(plants_vs_zombies),character,2025
gatonori,artist,2025
gau,character,2025|2026|2026_06
gau_(cosplay),general,2025|2026
gauze_on_chest,general,2025|2026|2026_06
gauze_on_nose,general,2025|2026|2026_06
gavial_(combat_medic)_(arknights)_(cosplay),general,2025|2026|2026_06
gawabunga,artist,2025
gayogayo_(nicoseiga),artist,2025
gazericc,artist,2025|2026|2026_06
gazlene_membrane,character,2025|2026|2026_06
gazudraw,artist,2025|2026|2026_06
gbm_(white_whale),artist,2025|2026|2026_06
gdecy,artist,2025|2026|2026_06
ge45269296,artist,2026|2026_06
gedatsu,character,2025
gedun_zhongyun,artist,2025|2026|2026_06
gedyneith_flaminica,character,2025
geega_(vtuber),character,2025
geega_(vtuber)_(1st_costume),character,2025
geega_(vtuber)_(underworld_casual),character,2025
gegugaigu,artist,2025
gehenna,character,2025|2026|2026_06
geiz_majesty,general,2025
geiz_majesty_rider_watch,general,2025
geiz_revive,character,2025
geiz_revive_goretsu,character,2025
geiz_revive_shippu,general,2025
gekitotsu_robots_level_2,general,2025
gekiyasu_jungle,artist,2025
gekka-bijin,artist,2025
gekka_bijin,copyright,2025
gekkabijin,copyright,2025
gekkan_g_fantasy,copyright,2025
gekota_(cosplay),general,2025
gelatinous_cube_(d&d),general,2025|2026|2026_06
gelato_(food),general,2025
gem_on_tongue,general,2025
gemini_program,general,2025|2026|2026_06
geminitay_(hc10),character,2025|2026|2026_06
gemstone_request,meta,2025
gen65884781,artist,2025
gen_(hirokaz02),artist,2025|2026|2026_06
gen_(pixiv),artist,2025
gen_3_3,artist,2025
gen_gen_tan,artist,2025|2026|2026_06
genbu_(ghoul_school),character,2025
genderbended_nano_(nanoless),character,2025
general_(module),general,2025
general_dynamics_lwmmg,general,2025
general_olivia,character,2025|2026|2026_06
generic_fighter_(fire_emblem_fates),character,2025|2026|2026_06
genes,artist,2025|2026|2026_06
gengan,character,2025
genghiskwan,artist,2025
gengoru,artist,2025
genial_sincerity_(idolmaster),general,2026|2026_06
genico88,artist,2025|2026|2026_06
genital_curtain,general,2025
genius_(module),general,2025
genius_form,character,2025
genji2,artist,2025
genji_monogatari,copyright,2025|2026|2026_06
genkai_ol-san_wa_akuyaku_reijoh-sama_ni_tsukaetai,copyright,2025
genkai_poteto,artist,2025
genm_rider_watch,general,2025
genmon149,artist,2025
gennai_(15079022),artist,2025
genocider_shou,character,2025|2026|2026_06
genocider_shou_(cosplay),general,2025|2026|2026_06
genshi_neki,artist,2026|2026_06
genshin_impact_sticker_redraw_(meme),general,2025|2026|2026_06
genshingejung,artist,2025|2026|2026_06
genshinimpactgaoshou,artist,2026|2026_06
gensho,artist,2025|2026|2026_06
gensokigou,artist,2025
gensouoekakicho,artist,2025
gentaro_araki,artist,2025
gentle_nadeko,character,2025|2026|2026_06
gentleice-,artist,2025
gento,artist,2025|2026|2026_06
geny,artist,2025
geodaemulgogi,artist,2026|2026_06
georgian,general,2025|2026|2026_06
gepinaibao_(ikoffy),artist,2025
geppetto,character,2025
geppetto_(cosplay),general,2025
geramima,artist,2025|2026|2026_06
gerda,character,2025
geremy_walker_(captaingerbear),artist,2025|2026|2026_06
german_army,general,2025|2026|2026_06
gerryarthur,artist,2025
gerson,character,2025
gerson_(hammer_of_justice),character,2026|2026_06
gerudo_(tensei_shitara_slime_datta_ken),character,2025
geshulin_(wuthering_waves),character,2025
gessen_academy_uniform,general,2025
gestalt_(sima_lian),character,2025
get_jinxed,copyright,2025|2026|2026_06
get_your_wish_(song),copyright,2026|2026_06
getou_suguru,character,2025|2026|2026_06
getou_suguru_(cosplay),general,2025|2026|2026_06
getou_suguru_(kenjaku),character,2025|2026|2026_06
getou_suguru_(kenjaku)_(cosplay),general,2025|2026|2026_06
getsugakogitsune,artist,2025
getter_robo_(1st_series),copyright,2025
getto_konjyo,artist,2025
geumsu,artist,2025
geumsu_(njvu7233),artist,2025
geurimgeurilkkeoryo?,artist,2026|2026_06
gfd_(artist),artist,2025
gfga7577,artist,2025
gfge4382,artist,2025|2026|2026_06
gg46ml86lx1_(nintendo_network),artist,2025
gg_(sword_girls),artist,2025
ggeorges8576899,artist,2025
gggggg,artist,2025
ggyoku,artist,2025
ghal_maraz,general,2025|2026|2026_06
ghard,artist,2025
gherehg,artist,2025
ghgnvm,artist,2025
ghhoward,artist,2025|2026|2026_06
ghislain,general,2025
ghmfly8_(mitou),artist,2025
ghnauv117221,artist,2025|2026|2026_06
ghos_t.,character,2025
ghosht17,artist,2025
ghost_(1990_film),copyright,2025
ghost_(module),general,2025|2026|2026_06
ghost_girl_(gomulgong),character,2025|2026|2026_06
ghost_in_the_shell_stand_alone_complex,copyright,2025
ghost_knight_(dungeon_and_fighter),character,2025|2026|2026_06
ghost_of_christmas,character,2025|2026|2026_06
ghost_pepper_(plants_vs_zombies),character,2025
ghost_stories_(ensemble_stars!),general,2025|2026|2026_06
ghostbento,artist,2026|2026_06
ghostgreen,artist,2025
ghostly(the_amazing_digital_circus),character,2025
ghr,artist,2025
ghroth_(benghuai_xueyuan),character,2025|2026|2026_06
giannysuki,artist,2025|2026|2026_06
giant's_mask,general,2025|2026|2026_06
giant_enemy_crab,general,2025|2026
giant_flea,character,2025|2026|2026_06
giant_panda,general,2025
giant_spider,general,2025
giant_spoon,general,2026|2026_06
gianvalgian,artist,2025
gibson_barney_kessel,general,2025
gibson_es-355,general,2025
gichigichi_mail,artist,2025
gideon_the_ninth,copyright,2025|2026|2026_06
gidget_(robopon),character,2025|2026
gien,character,2025
giffren,artist,2025|2026|2026_06
gift-gift,general,2025|2026
gift_infinite_gacha_level_9999,copyright,2025|2026
gift_of_orzhova,character,2025
giga_cannon,general,2025
gigantamax_urshifu,character,2025
gigigi0423,artist,2025
gigigiaru-601,artist,2025
gigu_(gcsg8448),artist,2025|2026|2026_06
giioogo_(ggiiii),artist,2025
gijinka,general,2025
gijiyoka,artist,2025|2026
gikgikgik,artist,2025
giko,character,2025
gildarts_crive,character,2025|2026
gilgamesh_(cold-blooded_warden)_(fate)_(cosplay),general,2025
gilgamesh_(establishment)_(fate)_(cosplay),general,2025
gilgamesh_(fgo_x_lawson_2017)_(fate),character,2026|2026_06
gilgamesh_(fgo_x_lawson_2020)_(fate),character,2026|2026_06
gilgamesh_(gilgamesh_in_ny)_(fate)_(cosplay),general,2025
gilgamesh_(immoral_biker_jacket)_(fate)_(cosplay),general,2025|2026|2026_06
gilgamesh_(modern_costume_of_volupte)_(fate)_(cosplay),general,2025
gilgamesh_(praise_my_charming_beauty)_(fate)_(cosplay),general,2025
gilgamesh_(sumerian_garb)_(fate)_(cosplay),general,2025
gill_kayo_(font),general,2025
gill_spread,general,2025
gilles_de_rais_(bluebeard)_(grimms_notes),character,2025
gilles_de_rais_(caster)_(holy_night_supper)_(fate),character,2025
gilles_de_rais_(caster)_(phantom_night)_(fate),character,2025
gillian_littner,character,2025
gim111035,artist,2026|2026_06
gim_(gim-gim-3919),artist,2025
gimchyuin,artist,2025|2026|2026_06
gimrondo_csne4455,artist,2025
gin_9086,artist,2025
gin_no_fude_(game_artist),artist,2025
gina,character,2025|2026|2026_06
gina_(garo),character,2025
gingared,general,2025
gingaryuu_(user_sksy3837),artist,2025
gingham,general,2025|2026|2026_06
gingham_vest_(clothing),general,2026
ginilla,artist,2025
ginmokusei53,artist,2025|2026|2026_06
ginny,character,2025
ginpenny,artist,2025
gins,artist,2025|2026|2026_06
ginwa_233,artist,2025
ginyama_shohei,character,2025
gio_(artist),artist,2025
giorno_giovanna's_pose_(jojo),general,2025|2026|2026_06
gipsyroad,artist,2025
gir_(dog_costume),character,2025
girachi777,artist,2025|2026|2026_06
giri_giri_chambara,general,2025
girl_of_the_ore,character,2025
girl_power,general,2025
girl_with_boyish_hair_(diva),character,2025
girl_with_braids_(little_nightmares),character,2025
girlfriend_(friday_night_funkin')_(d-sides),character,2025|2026|2026_06
girls'_restroom_symbol,general,2025
giryuu_kahoruko,character,2025
giselle,character,2025|2026|2026_06
giselle_ulster,character,2025|2026|2026_06
giu_nnnnnn,artist,2025
giukuggwbr8vwkw,artist,2025
givemepuppy,artist,2025
gixtsuki,artist,2025|2026|2026_06
gizugazu,artist,2025
gizza,artist,2025|2026|2026_06
gj8ar,artist,2025
gk98tm,artist,2025
glacial_master,character,2025
gladiator_(film),copyright,2025
glansi,artist,2025
glass_container,general,2025|2026|2026_06
glass_girl_(niwatori5948),character,2025|2026|2026_06
glasses_ant_(gomulgong),character,2025|2026|2026_06
glasses_with_tear,general,2025
glasworks,artist,2025
glazed_doughnut,general,2025
gledh,artist,2025|2026
glenn_fraldarius,character,2025|2026|2026_06
glider_(artist),artist,2025
glider_(artist)_(style),general,2025
glimony,artist,2025
glinda,character,2025
glinda_(cosplay),general,2025
glitter_n_gold,artist,2025
glitter_tiga,character,2025
glitter_trigger_eternity,character,2025
glitterstage,artist,2025
glmin_tanaka,artist,2025
gloom-shroom_(plants_vs_zombies),character,2025
gloria_(gloriao3o),artist,2025|2026|2026_06
gloria_nue_musa,character,2025|2026|2026_06
glove_on_penis,general,2026|2026_06
glower_knot,general,2025
gmfc3445,artist,2025
gmg,artist,2025
gmr_qwq,artist,2026|2026_06
gn-000,artist,2025
gnar_(league_of_legends),character,2025|2026|2026_06
gnas_(gnas_0912),artist,2025|2026|2026_06
gnkk_99999,artist,2025|2026|2026_06
gnlibur,artist,2025
gnomo_del_bosque,artist,2025
gnoxiinguyen,artist,2025|2026|2026_06
go_(roku),artist,2025|2026|2026_06
goat_undead,character,2025
gobe_x_protocol,artist,2025
gobuta_(tensei_shitara_slime_datta_ken),character,2025
gobuta_(tensura),character,2025
gochishiko,artist,2025
god_maximum_gamer_level_billion,general,2025|2026|2026_06
god_of_the_new_world,general,2025
god_of_war,copyright,2025|2026|2026_06
god_poop,artist,2025|2026|2026_06
godai_01,artist,2025|2026|2026_06
godai_doora,character,2025
godai_yusuke,artist,2025|2026|2026_06
goddess_of_flowers_(genshin_impact),character,2025|2026|2026_06
godfrey_(aciii),character,2025
godtail_t,artist,2025|2026|2026_06
godwin_plessis,character,2026|2026_06
gody_(super_gorilla),artist,2025
godzilla_(1954_film),copyright,2025
godzilla_against_mechagodzilla_(2002),copyright,2025
godzilla_destroy_all_monsters_melee,copyright,2025
godzilla_final_wars,copyright,2025
godzilla_jr,character,2025
godzilla_save_the_earth,copyright,2025
godzilla_the_series,copyright,2025|2026|2026_06
godzilla_vs._the_mighty_morphin_power_rangers,copyright,2025
godzilla_vs._the_mighty_morphin_power_rangers_ii,copyright,2025
godzilla_vs_gigan,copyright,2025
godzilla_vs_gigan_rex,copyright,2025
godzilla_vs_megalon,copyright,2025
godzilla_vs_megalon_(2023),copyright,2025
godzilla_x_megaguirus,copyright,2025
goemon_damashii,general,2025
goenn_dama,artist,2025|2026|2026_06
gogat8,artist,2025|2026|2026_06
goggles_guy_(mechanical_buddy_universe),character,2025|2026|2026_06
gogo,character,2025|2026|2026_06
gogo_(cosplay),general,2025|2026
gohan_kue_yo,artist,2025|2026|2026_06
gohan_oni,artist,2025
gohome_(video_game),copyright,2025|2026|2026_06
goingincognito,artist,2025
gojisiteru,artist,2025
gojou,character,2025|2026|2026_06
gojou_satoru,character,2025|2026|2026_06
gojou_satoru_(cosplay),general,2025|2026|2026_06
gojou_satoru_(okkotsu_yuuta),character,2025|2026|2026_06
gojou_shinra,artist,2025
gokan_taiji,artist,2025
gokisan,artist,2025|2026|2026_06
gokou,general,2025|2026|2026_06
goku_stops_someone,general,2026|2026_06
gokugetsu_academy_school_uniform,general,2025|2026|2026_06
gold_buttons,general,2025|2026|2026_06
gold_city_(akizakura_danzatrice)_(umamusume),character,2025|2026|2026_06
gold_cloth,general,2025|2026|2026_06
gold_footwear,general,2025
gold_magnet_(plants_vs_zombies),character,2025
gold_ranger,character,2025
gold_samurai_ranger_(mega_mode),general,2025
gold_shackles,general,2026|2026_06
gold_ship_(legend_of_king_uma_-_the_strongest_in_question)_(umamusume),character,2025
gold_ship_(run_revolt_launcher)_(umamusume),character,2025|2026|2026_06
gold_sleeve_cuffs,general,2025|2026|2026_06
gold_spikes,general,2026|2026_06
gold_throne,general,2025
goldem,general,2025|2026|2026_06
golden_bough_(limbus_company),general,2025|2026|2026_06
golden_fist_rin,character,2025
golden_god_superior_kaiser_(sd_gundam),character,2025|2026|2026_06
golden_goose_(grimm),character,2025
golden_knight_(granblue_fantasy),character,2025|2026|2026_06
golden_miocola,artist,2025
goldenemotionsart,artist,2025
goldenglow_(elite_ii)_(arknights),character,2026|2026_06
goldenglow_(party_in_the_garden)_(arknights)_(cosplay),general,2026|2026_06
goldfish_fate,artist,2025
goldilocks_(grimm),character,2025
goldmechanichor,general,2025|2026|2026_06
golf_daisy,character,2025
golf_pauline,character,2025
golf_peach,character,2025
golf_rosalina,character,2025
golshi's_first_place_pose,general,2025
gom_dd2,artist,2025
gomaramen888,artist,2025
gomato_(moruzohu),artist,2025
gomen50,artist,2025
gomibakaw,artist,2025
gomihitomi,artist,2025
gomtti53se,artist,2025
gomulgong,artist,2025
gong_cha,artist,2025|2026|2026_06
gong_chang_sheng,character,2025
gong_fu,artist,2025|2026|2026_06
gongs2017,artist,2025|2026|2026_06
gonta_(maria-sama),character,2025|2026
gonzaburo,artist,2025
gonzalo_reyes_(chalodillo),artist,2025
goo_peashooter,character,2025
good_kneehighs_day,general,2025|2026|2026_06
good_night_ojousama_(song),general,2025
good_stomach_day,general,2025|2026|2026_06
goodboideogie,artist,2026|2026_06
goodkheng,artist,2025|2026|2026_06
gooey_(darkmatter),character,2025
googoogaga733,artist,2025
goomba_yellow_toad_(mario),character,2025
goooodboy,artist,2025
goop,character,2025|2026|2026_06
gooroomee1130,artist,2025
gopinch,character,2025|2026|2026_06
gora-tendo,artist,2025|2026
goredolf_musik_(dragon_dance),character,2026|2026_06
goredolf_musik_(filler_flowers),character,2026|2026_06
goredolf_musik_(gof_special),character,2026|2026_06
goredolf_musik_(retravel),character,2026|2026_06
goredolf_musik_(sunday_dinner),character,2026|2026_06
goredolf_musik_(team_phoenix),character,2026|2026_06
gorgeous_irene_(character),character,2025
gorigo,artist,2025|2026|2026_06
gorii,artist,2025
gorilla+diamond_form_(best_match),general,2025|2026
gorira,artist,2025
gorka,general,2025|2026|2026_06
goro,artist,2025|2026|2026_06
goro5626,artist,2025
goro_(pixiv),artist,2025
goropain,artist,2025
gos_to_vi,artist,2025
goshatkach,artist,2025
gosmfl,artist,2025
gotcha,general,2025
gotcha_driver_(houtarou),general,2025|2026|2026_06
gotchardcalibur,general,2025|2026|2026_06
goth_chel,character,2025
goth_loli,character,2025|2026|2026_06
gothic_(module),general,2025|2026|2026_06
gothic_purple_(module),general,2025
gotland_(2022_zuiun_festival_race_queen_mode)_(kancolle),character,2025
gotland_(anniversary)_(kancolle),character,2026|2026_06
gotland_(christmas_mode)_(kancolle),character,2025
gotland_(fuji_speedway_race_queen_mode)_(kancolle),character,2025
gotland_(haregi_mode)_(kancolle),character,2025
gotland_(lawson_mode)_(kancolle),character,2025
gotland_(swimsuit_mode)_(kancolle),character,2025
gotland_(yukata_mode)_(kancolle),character,2025
gotland_andra_(2020_swimsuit_mode)_(kancolle),character,2025
gotland_andra_(2021_swimsuit_mode)_(kancolle),character,2025
gototsukasa_(gototukasa1),artist,2025
gotou_(nekocat),artist,2025
gotou_akira,artist,2025|2026|2026_06
gotou_matabei,character,2025
gotou_matabei_(cosplay),general,2025
gotovictory,artist,2025
gou_hibiki,character,2025
gouqi,general,2025
gours,general,2025
gozen_no_kocha,artist,2026|2026_06
gozu,character,2025|2026|2026_06
gozu_tenno,character,2025
gp,artist,2025
gp_01,artist,2025
grabbing_another's_ankle,general,2025|2026|2026_06
grabbing_another's_ankles,general,2025|2026|2026_06
grabbing_another's_horns,general,2025|2026|2026_06
grabbing_another's_leg,general,2026|2026_06
grabbing_another's_shoulder,general,2025|2026|2026_06
grabbing_another's_stomach,general,2025|2026|2026_06
grabbing_hands,general,2025
grabbing_own_ankles,general,2025|2026|2026_06
grabbing_own_foot,general,2025
grabbing_own_leg,general,2025|2026|2026_06
grabbing_own_sleeve,general,2025
grabbing_own_stomach,general,2025|2026|2026_06
grace_nocturne,general,2025
grace_nocturne_(idolmaster),general,2026|2026_06
gradient,general,2025|2026|2026_06
gradient_fingers,general,2025
gradient_footwear,general,2025
gradient_lips,general,2026|2026_06
graduated_cylinder,general,2025
graffiti_kingdom,copyright,2025
gragas,character,2025|2026|2026_06
grain,artist,2025|2026|2026_06
gran_maria,character,2025
granada,artist,2025
grand_caster_(fate)_(cosplay),general,2025|2026|2026_06
grand_highblood,character,2025
grand_zi-o_rider_watch,general,2025
grandmama_(addams_family),character,2025|2026|2026_06
grandmama_(addams_family)_(cosplay),general,2025|2026|2026_06
grandpa_(senpai_ga_uzai),character,2025|2026|2026_06
grandpa_(shiromanta),character,2025
grandpa_harley,character,2025|2026
granite,character,2025
grants_(ta_ga_tame_no_alchemist),character,2025
graph_(object),general,2025
grappler_(dungeon_and_fighter),character,2025
grappler_(dungeon_and_fighter)_(cosplay),general,2025
grass_knuckles_(plants_vs_zombies_heroes),character,2025
grass_wonder_(saint_jade_healer)_(umamusume),character,2025
grave_buster_(plants_vs_zombies),character,2025
grave_hag_(witcher),character,2025|2026|2026_06
graves,general,2025
graves_(league_of_legends),character,2025|2026|2026_06
gravity_(2013_film),copyright,2025
gravyalloverhim,artist,2025
gray_carpet,general,2025
gray_fox,character,2025|2026|2026_06
gray_fox_(animal),general,2026|2026_06
gray_fox_(cosplay),general,2025|2026|2026_06
gray_matter,character,2025|2026|2026_06
gray_necktie,general,2025
gray_whale,general,2025|2026|2026_06
grazhdanskaya_oborona_(band),copyright,2025
greap_(subspace_emissary),character,2025|2026|2026_06
grease_blizzard,character,2025
grease_fullbottle,general,2025|2026|2026_06
great_love_for_us,character,2025|2026|2026_06
great_lungmen_logo,general,2025|2026|2026_06
great_sabercat,character,2025
great_spirit_(league_of_legends),character,2026|2026_06
great_sunrise_(racehorse),character,2025
greatcoat,general,2025|2026|2026_06
greatdekutri,artist,2025|2026|2026_06
greater_demon_(warhammer),general,2025
grecale_(halloween_mode)_(kancolle),character,2025
grecale_(haregi_mode)_(kancolle),character,2025
grecale_(swimsuit_mode)_(kancolle),character,2025
grecale_(valentine_mode)_(kancolle),character,2025
greciiagzz,artist,2025|2026|2026_06
gredtrain,artist,2025|2026|2026_06
greek_key,general,2025|2026|2026_06
greek_legends_(ensemble_stars!),general,2025
green_(google_doodle),character,2025
green_aquarium,artist,2025
green_ball,general,2025|2026|2026_06
green_blindfold,general,2025
green_brooch,general,2025
green_card,general,2025|2026|2026_06
green_clouds,general,2025|2026|2026_06
green_collar_tabs,general,2025|2026|2026_06
green_footwear,general,2025
green_gemstone,general,2025|2026|2026_06
green_head_scarf,general,2025
green_headphones,general,2025
green_headwear,general,2025
green_innertube,general,2025|2026|2026_06
green_lantern_(film),copyright,2025
green_legwear,general,2025
green_lipstick_tube,general,2025|2026|2026_06
green_neckwear,general,2025
green_pepper,general,2025
green_pom_poms,general,2025
green_ponpoko_(module),general,2025
green_ranger,character,2025
green_ranger_(cosplay),general,2025
green_samurai_ranger,character,2025|2026|2026_06
green_samurai_ranger_(cosplay),general,2025
green_samurai_ranger_(prs),character,2026|2026_06
green_shadow_(plants_vs_zombies_heroes),character,2025
green_sleeve_cuffs,general,2025|2026|2026_06
green_soul_(undertale),character,2026|2026_06
green_square,general,2025
green_star,general,2025|2026|2026_06
green_stripes,general,2025
green_suspenders,general,2025|2026|2026_06
green_tea_reimu,artist,2025
green_turtleneck,general,2025
green_undershirt,general,2025
green_wetsuit,general,2026|2026_06
green_wrestling_outfit,general,2025
greendragon,artist,2025
greenpie,artist,2025|2026|2026_06
gregory_house_kidnap_a_child_(meme),general,2026|2026_06
grehmerl_(west),artist,2025
grein,character,2025|2026
grel_red,artist,2025
gremlins_(film),copyright,2025
grenadier,copyright,2025|2026|2026_06
grendize,general,2026|2026_06
gretel_(grimm),character,2025
gretel_(grimm)_(cosplay),general,2025
gretsch_6128b,general,2025
grey_(benghuai_xueyuan),character,2025|2026|2026_06
grey_99123,artist,2025
grey_brooch,general,2025
grey_card,general,2025|2026|2026_06
grey_curtains,general,2025
grey_ears,general,2025|2026|2026_06
grey_eyebrows,general,2025
grey_footwear,general,2025
grey_gemstone,general,2025|2026|2026_06
grey_hands,general,2025
grey_headphones,general,2025
grey_headwear,general,2025
grey_legwear,general,2025
grey_mourner,character,2025
grey_racing_suit,general,2026|2026_06
grey_raven,character,2026
grey_shark_(benghuai_xueyuan),character,2025|2026|2026_06
grey_sleeve_cuffs,general,2025|2026|2026_06
grey_sports_panties,general,2026|2026_06
grey_stripes,general,2025
grey_undershirt,general,2025
grey_visor,general,2025|2026|2026_06
grey_wall,general,2025|2026|2026_06
grey_wetsuit,general,2025|2026|2026_06
greyish,artist,2025
greypaladin,artist,2025
greypool,character,2025|2026|2026_06
greyscale_with_colored_eyes,general,2025
grian_(pixiv_1567406),artist,2025
gridman_(character)_(cosplay),general,2025
gridman_universe_(film),copyright,2025
griffin_(roco_kingdom:world),character,2025|2026|2026_06
griffmon98,artist,2025
griffon_mask,character,2025
griffon_mask_(cosplay),general,2025
grilled_squid,general,2025
grim_(dai_nana_oji),character,2025
grima_(fire_emblem),character,2025
grima_(fire_emblem)_(cosplay),general,2025
grimgerde,character,2025
grimm's_fairy_tales,copyright,2025
grimm_(re:zero),character,2025|2026|2026_06
grimmkin,character,2025
grimmoirre,artist,2025
grimmsteed,character,2025
grind_blade,general,2025
grintasia,artist,2025|2026|2026_06
grion,general,2025
gris_(vertigris),character,2025
grit_dust,general,2025|2026|2026_06
grizela,character,2025
grkoch,artist,2025
grn_byc,artist,2026|2026_06
grok,artist,2025
gromp,character,2025|2026|2026_06
groovegarage,artist,2025|2026|2026_06
groshik,artist,2025
grotiel_(benghuai_xueyuan),character,2025|2026|2026_06
groundcherry,character,2025
groundlion,artist,2025
growing_hair,general,2025|2026|2026_06
groza,artist,2025|2026|2026_06
grumpy_(snow_white),character,2025
grumpy_(snow_white)_(cosplay),general,2025
grundig,general,2025|2026|2026_06
grunt_(halo),general,2025
grunting,general,2025
grunty,character,2025|2026|2026_06
gs16_(chug),artist,2025
gsmb_(user_ypmu3388),artist,2025|2026|2026_06
gt,artist,2025
gtako,artist,2025
gtdu2548,artist,2025
gtxanimator,artist,2026|2026_06
gu,artist,2026|2026_06
gu-rahamu_omega_x,artist,2025|2026|2026_06
gu_da_gu,artist,2025
gu_zang_(aammss188),artist,2025
gu_zhen_ren,copyright,2025
guaiii,artist,2025
guan_di_xiamian,artist,2025
guan_ping,character,2025
guan_suo,character,2025
guan_xing,character,2025
guan_yu,character,2025|2026|2026_06
guanaqiu,artist,2025
guangguangjiang23946,artist,2025
guangmi_2_0,artist,2026|2026_06
guanlebameiyisi,artist,2025
guard_(final_fantasy_vi),character,2025|2026|2026_06
guard_leader_(ff6),character,2025|2026
guard_tower,general,2025
guardswoman,general,2025|2026
gucchie,artist,2025
gudaguda_ryuume_kiki_ippatsu!,general,2025
gude_crest,copyright,2025
guemsu,artist,2025
guest_(seiga54471363),artist,2025|2026
guest_1337_(forsaken),character,2025
guest_1337_(forsaken)_(cosplay),general,2025
guest_mii,character,2025|2026|2026_06
guguma,artist,2025|2026|2026_06
gui_mi_zhi_zhu_guan_fang_wei_bo_(weibo_7344384861),artist,2026|2026_06
guiche_piercing,general,2025|2026|2026_06
guigfreitas,artist,2026|2026_06
guilherme_freitas,artist,2025
guillem_dauden,artist,2025|2026|2026_06
guilty_(module),general,2025
guilty_gear_xx_accent_core,copyright,2025
guimp,artist,2025
guinevere,character,2025|2026|2026_06
guirm,artist,2025
guisa11139,artist,2025|2026|2026_06
guitar_girl_(video_game),copyright,2025|2026|2026_06
guitarfreaks,copyright,2025
guitarist_yui,artist,2025
guiwuyeti,artist,2025
gukr4322,artist,2025|2026|2026_06
gulanta,artist,2025|2026
gulisyan,artist,2025
gullivarrr_(animal_crossing),character,2025|2026|2026_06
gulluss-s,character,2025|2026|2026_06
gullwing_doors,general,2025|2026|2026_06
gulung_(epdlql30),artist,2025
gumdrop,artist,2025|2026|2026_06
guming_diban,artist,2025
guminjing,artist,2025
gummiemutt,artist,2026|2026_06
gummy_(kirakira_precure_a_la_mode),character,2025|2026|2026_06
gumnut_(plants_vs_zombies),character,2025
gun_in_mouth,general,2025|2026|2026_06
gun_to_ass,general,2025|2026|2026_06
gun_to_chest,general,2025|2026|2026_06
gun_to_chin,general,2026|2026_06
gun_to_head,general,2025|2026|2026_06
gun_to_mouth,general,2025|2026|2026_06
gun_to_neck,general,2025|2026|2026_06
gun_to_stomach,general,2026|2026_06
gunblader_(dungeon_and_fighter),character,2025
gundam_(live_action),copyright,2025
gundam_0079,general,2025
gundam_ab,artist,2025|2026
gundam_encounters_in_space,copyright,2025
gundam_f90_marine_type,general,2025|2026|2026_06
gundam_gp-03_dendrobium_(cosplay),general,2025
gundam_hathaway's_flash,copyright,2025|2026|2026_06
gundam_wing_frozen_teardrop,copyright,2025
gunner_(dungeon_and_fighter),character,2025
gunter_shulz,character,2025|2026|2026_06
gunvarel,character,2025
gunzi_(gunzi_miyuu_03),artist,2025|2026|2026_06
guo_huai,character,2025
gurasan_(happinesscharge_precure!),character,2025|2026|2026_06
gurasion_(gurasion),artist,2025|2026|2026_06
gures_l,artist,2025
guriko_arakawa,character,2025|2026|2026_06
gurinn,artist,2026|2026_06
gurinnpop,artist,2025|2026|2026_06
gurio_go_go,artist,2025|2026|2026_06
gurr_(megami_tensei),character,2025
guruff0121,artist,2025
gurung_(gulung),artist,2025
gustaf_h-24,character,2025|2026|2026_06
gustave_(clair_obscur:_expedition_33),character,2026|2026_06
gutt542,artist,2025|2026|2026_06
guu_koshikaw,artist,2025
guyinthesky,artist,2025
gvmmr,artist,2025|2026|2026_06
gwen_(league_of_legends),character,2025|2026|2026_06
gwen_(league_of_legends)_(cosplay),general,2025|2026|2026_06
gweon_sua,character,2025|2026|2026_06
gweon_sua_(1st_anniversary),character,2026|2026_06
gweon_sua_(cosplay),general,2025|2026|2026_06
gweon_sua_(summertime),character,2026|2026_06
gwyn_(trickcal),character,2025
gwzf2877,artist,2025
gy1966,artist,2025|2026|2026_06
gya_ran_run,artist,2025
gyakkyou_burai_kaiji:_ultimate_survivor,copyright,2026|2026_06
gyaku_(nixiangzisha),artist,2025|2026|2026_06
gyangyankue,artist,2025|2026|2026_06
gyari_(mairimashita!_iruma-kun),character,2025
gyaru_policewoman_(renge_(730)),character,2025
gyeongnam_jo,artist,2025
gym,general,2025|2026|2026_06
gym_leader_badge,general,2025
gym_outfit,general,2025|2026|2026_06
gym_pants,general,2025
gymnastics_ribbon,general,2025
gymnopedies_(benghuai_xueyuan),character,2025|2026|2026_06
gyokuto_b,artist,2025|2026|2026_06
gyorui_(user_ufvz7553),artist,2025
gyro,general,2025
gyun0508,artist,2025
gyuu_mao,character,2025
gyuu_mao_(cosplay),general,2025
gyyy8474,artist,2025
h&h,artist,2025
h&k_g3/sg1,general,2025
h0g0s0y0k,artist,2025|2026|2026_06
h0rtens1a,artist,2025
h11_n2,artist,2025
h20_(artist),artist,2025
h22t,artist,2026|2026_06
h2o,artist,2025
h3cn0,artist,2025
h3v1c3_5178,artist,2025|2026|2026_06
h45hm,artist,2025
h5migrx6ne78395,artist,2026|2026_06
h8r,artist,2025
h_a_n_a_maru87,artist,2025
h_cho3,artist,2025
h_i_k_a_r_i,artist,2026|2026_06
h_naka7,artist,2025
h_stone514,artist,2025
h_tsurara,artist,2025|2026
ha-chan_(mahou_girls_precure!),character,2025|2026|2026_06
ha-ru,artist,2025|2026|2026_06
ha-t-102_juggernaut,character,2025
ha-tan,character,2025
ha01ru28,artist,2025
ha1da,artist,2025
ha79121,artist,2025
ha_(user_efmy3542),artist,2025|2026|2026_06
ha_ru_ta_38,artist,2025|2026|2026_06
haaaaruka,artist,2025|2026|2026_06
haagen-dazs_vidar_jira,artist,2025
haagyu,artist,2025|2026|2026_06
haanja,character,2025
habataki_no_fortissimo_(ensemble_stars!),general,2025|2026|2026_06
habetrot_(secret_closet)_(fate),character,2026|2026_06
habetto_(jvzt7737),artist,2025|2026|2026_06
habi_(habi_140),artist,2025|2026|2026_06
habi_(kyuri_318),artist,2025|2026|2026_06
habibingka,artist,2025|2026|2026_06
habit,general,2025|2026|2026_06
hachi_shoku_mare,artist,2025|2026|2026_06
hachibee,artist,2025
hachidesuwa,artist,2025
hachidoriwanokuni,artist,2026|2026_06
hachiko_(statue),general,2025
hachikou_(dog),character,2025|2026|2026_06
hachimitsu_(tofu),artist,2025
hachimyaku,artist,2025|2026|2026_06
hachino_mugi,artist,2025|2026|2026_06
hachinuki_tetsuyo,artist,2025|2026|2026_06
hachisuka_(renka-1207),artist,2025
hachitarou,artist,2025
hachiwara,general,2025|2026|2026_06
hackwaltz,artist,2025
haco_original,artist,2025|2026|2026_06
hadasada1,artist,2025|2026|2026_06
hades_(benghuai_xueyuan),character,2025|2026|2026_06
hades_(crosscore),character,2025|2026|2026_06
hadoka_maki,artist,2025
haduki,artist,2025
haduki62,artist,2025|2026|2026_06
haebara_chinu,character,2025
haecha_t2,artist,2025
haedam_dayz,artist,2025
haejoon_goh,character,2025
haerisetome,artist,2026|2026_06
haga_(kono_sekai_wa_fukanzen_sugiru),character,2025
hagalaz,artist,2025|2026|2026_06
hagane-tetsu_(red_muffler),artist,2025
hagi_(saki226),artist,2025
hagihiyo_(artist),artist,2025
hagikaze_(yukata_mode)_(kancolle),character,2025
haginoco,artist,2025
hagiyoshi_(riron_jihen),artist,2025|2026|2026_06
hago_(85_p_46),artist,2025|2026|2026_06
hagoromo_toto,character,2025|2026|2026_06
hagoromoo,artist,2025|2026|2026_06
haguro_(jmsdf),general,2025|2026
haguruma,artist,2025|2026|2026_06
haha_musume_donburi_oppai_tokumori_bonyuu_shiru_dakude,copyright,2025
hahaha,artist,2025
hahahhhaaa07,artist,2025|2026|2026_06
hahanaruhaiji,artist,2025
hahi_hos,artist,2025
hahtte,artist,2025|2026|2026_06
haibra,general,2025
haichutksmaji,artist,2025|2026|2026_06
haiirosanrkgk,artist,2025|2026|2026_06
haikei_bibliophile_no_kimitachi_e_(trpg),copyright,2026|2026_06
haikimono,artist,2025
haileywithnoi,artist,2025
haily,artist,2025|2026|2026_06
hain_(user_katu7583),artist,2025
hair_bra,general,2025|2026|2026_06
hair_color_request,meta,2025
hair_flower_band,general,2025
hair_massive_sakura_flower,general,2025|2026
hairpin,general,2025|2026|2026_06
hairy_pichu,character,2025
haison_shoujo,copyright,2025
haitundm,artist,2025
hajime_taira,artist,2025
hakai_no_shito_jeanne,character,2025|2026|2026_06
hakeburashi,artist,2025
haki,general,2025
haki_applepie,artist,2025
hakimo,artist,2025
hakkasame,artist,2025
hakkinnpt001,artist,2025
hakkou1012,artist,2025
hako_(1a2b_i9),artist,2025|2026|2026_06
hakobe,character,2025|2026|2026_06
haku-1006,artist,2026|2026_06
haku_(coffeeandink_),artist,2025
hakua_ryoga,character,2026|2026_06
hakua_ryoga_(cosplay),general,2026|2026_06
hakuchou_mizunashi,character,2025|2026|2026_06
hakugeiken,artist,2025
hakuma_(hakuma_okyk),artist,2025
hakumei,character,2025
hakun_(hak_kun),artist,2025|2026|2026_06
hakurei_reimu_(lostwordlive2024),character,2025
hakurou_(tensei_shitara_slime_datta_ken),character,2025
hakushi_jakou,artist,2025
hakusui_kunogi,artist,2025
hakuto7u,artist,2025
hakuto_skiu_kk,artist,2025
hakutounomizu,artist,2025
hakyeong_sung,artist,2025
hal_(copyright),copyright,2025
hal_(pixiv2042201),artist,2025
hal_(pixiv8646347),artist,2025
halak0000,artist,2025
half-brother_and_half-sister,general,2025
half-brothers,general,2025
half-sisters,general,2025
half_capelet,general,2025|2026|2026_06
halglitch_42,artist,2025|2026|2026_06
halloween_cammy,character,2025|2026|2026_06
halloween_yi_yi,character,2025
hallu,artist,2025
halluci-sabbat-of-koishi,copyright,2025|2026
halo_effect,general,2025
halo_illusion,general,2025
halong_bay,general,2025
halumonica,artist,2026|2026_06
hama_(nicononerineri),artist,2025
hamachi-kuchiba,artist,2025
hamagurino_sakamushi,artist,2025
hamakaze_(valentine_mode)_(kancolle),character,2025
hamakaze_(yukata_mode)_(kancolle),character,2025
hamanami_(christmas_mode)_(kancolle),character,2025
hamanami_(halloween_mode)_(kancolle),character,2025
hamanora_000,artist,2025|2026|2026_06
hamatomo_rie,artist,2025
hamatsu_muneaki,artist,2025
hamberger_friend_(shirt),general,2025
hamecat,artist,2025
hamfish97,artist,2025
hamham_mee,artist,2025
hami_(user_knrz3848),artist,2025
hamil,artist,2025
hamingway777,artist,2025|2026|2026_06
hammer_tank,artist,2025|2026|2026_06
hammond,character,2025
hamo8129,artist,2025|2026|2026_06
hamon,general,2025|2026|2026_06
hampem7,artist,2025
hampster_dance,general,2025
hamster_kingdom,artist,2025
hamu_no_jin,artist,2025|2026|2026_06
hamukostill,artist,2025
hamura,artist,2025
hamuran927,artist,2025
hamuro_kei,artist,2025|2026|2026_06
han'ei_no_chocolate_gardens_of_babylon,general,2025
han_2792,artist,2026|2026_06
han_lingsha_(xianjian_qixian_zhuan_4),character,2025
hana20000920,artist,2025
hana_(den-o),character,2025
hana_(interstice),artist,2025|2026|2026_06
hana_(module),general,2025
hana_(pixiv_id:1169501),artist,2025
hana_(user_asmz2845),artist,2025|2026
hanababy91,artist,2025|2026|2026_06
hanabana_(bleuoeil7),artist,2025
hanabi_(akashic_chronicle),character,2025|2026|2026_06
hanadahajime,artist,2025
hanaeakikaze,artist,2025|2026|2026_06
hanafuki_yuuki,character,2025|2026|2026_06
hanagamigendai,artist,2025|2026|2026_06
hanaharu_emina,character,2025
hanahuda779,artist,2026|2026_06
hanako-san_(toire_no_hanako-san),character,2025
hanako-san_(toire_no_hanako-san)_(cosplay),general,2025
hanako_kusunoki,character,2025
hanamaki_kaeru_(pixiv92915),artist,2025
hanamaru_misopi,artist,2025
hanamaru_rulisu,character,2025
hanamiya_ai,artist,2025
hanamizuki_yuuki,artist,2025|2026|2026_06
hanamuko,artist,2025
hanamura_lily,character,2025
hanamura_tomoko,artist,2025
hananderu_0208,artist,2026|2026_06
hananoki_maru_(uniraid),character,2026|2026_06
hanaokand,artist,2025
hanasaki_(uchi_no_hime-sama),character,2025
hanasaki_00,artist,2025
hanasaki_miyabi_(6th_costume),character,2025
hanasaki_tomoyo_(uchi_no_hime-sama),character,2025
hanasaki_yurion,character,2025|2026|2026_06
hanataro_(sruvhqkehy1zied),artist,2025|2026|2026_06
hanato_(seonoaiko),artist,2025
hanavi_ruvi,character,2025
hanayami_emi,character,2025|2026|2026_06
hanayu_aa,artist,2025
hanazuki_(destroyer),general,2025|2026
hanbun,artist,2025|2026|2026_06
hand_around_waist,general,2025|2026|2026_06
hand_between_thighs,general,2025|2026|2026_06
hand_cultivator,general,2025|2026|2026_06
hand_fold,general,2025
hand_grater,general,2025|2026|2026_06
hand_in_panties,general,2025|2026|2026_06
hand_on_ankle,general,2025|2026|2026_06
hand_on_another_tail,general,2025|2026|2026_06
hand_on_bench,general,2025|2026|2026_06
hand_on_breast,general,2025|2026|2026_06
hand_on_breasts,general,2025|2026|2026_06
hand_on_forehead,general,2025
hand_on_hand,general,2025
hand_on_head,general,2025|2026|2026_06
hand_on_knees,general,2025|2026|2026_06
hand_on_leg,general,2025|2026|2026_06
hand_on_legs,general,2025
hand_on_own_horn,general,2025|2026|2026_06
hand_on_shoulder,general,2025
hand_on_thigh,general,2025
hand_on_thighs,general,2025
hand_on_visor,general,2025
hand_over_another's_hand,general,2025
hand_piecing,general,2026|2026_06
hand_shaped_hair,general,2025
hand_tentacles,general,2025|2026|2026_06
hand_under_leg,general,2025|2026|2026_06
hand_under_water,general,2025|2026
handanunu,artist,2025
handari,artist,2025|2026|2026_06
hander,general,2025
handkerchief_in_pocket,general,2025|2026|2026_06
handmaid,character,2025
hands,general,2025
hands_in_armpits,general,2025|2026|2026_06
hands_in_hair,general,2025
hands_on_another's_cheek,general,2025
hands_on_another's_horns,general,2026|2026_06
hands_on_ass,general,2025
hands_on_legs,general,2025
hands_on_own_breasts,general,2025|2026|2026_06
hands_on_shoulder,general,2025
hands_on_shoulders,general,2025
hands_on_stomach,general,2025
hands_on_thighs,general,2025
hands_out_of_frame,general,2025
hands_under_leg,general,2025
handsome_jack_(borderlands),character,2025
handsome_senshi,character,2025|2026|2026_06
haneda2007,artist,2025
hanekumo123,artist,2025
hani0610,artist,2025
hani_(yuricorno),artist,2025
hanif1807,artist,2025|2026|2026_06
haniwa31,artist,2025
haniwa_(70960764),artist,2025|2026|2026_06
haniwa_(8241427),artist,2025|2026|2026_06
hanning_(kinotaki),artist,2025
hanning_in,artist,2025
hanning_rolando,artist,2025
hanniya_gorou,artist,2025
hannya_ko,artist,2025
hannyabal,character,2025
hanokunoba,artist,2026|2026_06
hanrui,artist,2025
hans_(berl_to_okashi_no_ie),character,2025
hansel_(grimm),character,2025
hansel_(grimm)_(cosplay),general,2025
hanshi_reina,artist,2025|2026|2026_06
hanukara_(artist),artist,2025
hanurutte,artist,2025|2026|2026_06
hanzou_(pokemon_conquest),character,2025|2026|2026_06
hanzou_academy_uniform,general,2025
hao-kun_no_fushigi_no_tabi,copyright,2025
hao_asakura,artist,2025
haoya_shitang,artist,2025
haoyihe,artist,2025
hap,character,2025|2026|2026_06
hape,artist,2025|2026|2026_06
hapi_(fire_emblem)_(timeskip),character,2025
hapoi-docoro,artist,2025
happiness_in_slavery,copyright,2025|2026|2026_06
happuri_(forehead_armor),general,2025|2026|2026_06
happy_angel_(beatmania),character,2025
happy_candy_ooo,artist,2025|2026|2026_06
happy_hardcore,general,2025
happy_moo_year_(project_sekai),general,2025
happy_sun,general,2025
happycricketbox,artist,2025|2026|2026_06
happyrhodeslife,artist,2026|2026_06
hara_min_saimin_nakadashi_kozukuri_sengen,copyright,2025
hara_satoshi,artist,2025
harada,artist,2025|2026|2026_06
harada_(soft_monja),artist,2025
harada_daiki,artist,2025
harada_sanosuke,character,2025
haraguchi,character,2025|2026|2026_06
haraguro_sousu,character,2025|2026|2026_06
harakeya_sora,artist,2025
harakottsupe,artist,2025
haramizuki,artist,2025
harcana,artist,2025
hard-boiled_yoshiko,artist,2025
hard_rock_(module),general,2025
hardcore_syndrome,copyright,2025|2026|2026_06
hardcore_tano_c,copyright,2025|2026|2026_06
hareharusuki,artist,2025
hareta_artwork,artist,2025|2026|2026_06
hareuya_win,character,2025
harezora_lueur,artist,2026
harid_(romancing_saga_3),character,2025|2026|2026_06
harinezumi_(pixiv),artist,2025|2026|2026_06
haritoyomimasu,artist,2025
harleep_(baldur's_gate),character,2025
harley_quinn_(gold_dress),character,2025|2026|2026_06
harley_quinn_(injustice),character,2025|2026|2026_06
harley_quinn_(red_dress),character,2025|2026|2026_06
harley_quinn_(suicide_squad),character,2025|2026|2026_06
harley_quinn_(suicide_squad_isekai),character,2026|2026_06
harley_quinn_(the_suicide_squad),character,2025|2026|2026_06
harmonie_(elite_ii)_(arknights),character,2026|2026_06
harmony_(itou_keikaku),copyright,2025
harpie_carla,character,2025
harrow_the_ninth,copyright,2025|2026|2026_06
hart_floyd_(marching_band),character,2025|2026|2026_06
harth,character,2025|2026|2026_06
hartley_(choujin_x),character,2025|2026|2026_06
haru_(haruprm),artist,2025
haru_(hiyori-kohal),artist,2025
haru_(uchi_no_hime-sama),character,2025
haru_harugaya2,artist,2025|2026|2026_06
haru_hp25,artist,2025
haru_urara_(first_urara_saku_sakura)_(umamusume),character,2025|2026|2026_06
haru_urara_(uraraka_passion)_(umamusume),character,2025|2026|2026_06
harufuji_kana,artist,2025
haruichi_izumo,character,2025
haruka3721,artist,2025|2026|2026_06
haruka_(5885352),artist,2025|2026|2026_06
haruka_(charishearts),artist,2025
haruka_katsuragi,character,2025
harukan_(user_erc1010),artist,2025
harukaze_(swimsuit_mode)_(kancolle),character,2025
haruman-diary,artist,2025|2026|2026_06
harumi_(artist),artist,2025
harumita221,artist,2026|2026_06
haruna_(2016_swimsuit_mode)_(kancolle),character,2025
haruna_(2023_swimsuit_mode)_(kancolle),character,2025
haruna_(christmas_mode)_(kancolle),character,2025
haruna_(lawson_mode)_(kancolle),character,2025
haruna_(tensei_shitara_slime_datta_ken),character,2025
haruna_(tsuyu_mode)_(kancolle),character,2025
harunaga_makito,artist,2025
harunako,artist,2025|2026|2026_06
haruno_kasumi,character,2025|2026|2026_06
haruno_kasumi_(satou_kuuki),character,2026|2026_06
haruno_rikka,character,2025|2026|2026_06
harunok121,artist,2025|2026|2026_06
harunosuke_(dr_muraki128),artist,2025
harupico_oinari,artist,2025
harupuri913,artist,2025
harusame_(midautumn_mode)_(kancolle),character,2025
harutarou_(orion_3boshi),artist,2025|2026|2026_06
haruto_(artist),artist,2025
haruto_umezawa,artist,2025
haruyuki04,artist,2025
haruyuki_14,artist,2025|2026|2026_06
haruzo_genshin,artist,2025|2026|2026_06
harvester,copyright,2025|2026
harvestmen,general,2025|2026|2026_06
has_uncensored_revision,meta,2025|2026|2026_06
hasaki_masashi,artist,2025
hase_(berl_to_okashi_no_ie),character,2025
hasegawa_keiko,artist,2025
hasekura,artist,2025|2026|2026_06
hash2305,artist,2025
hash880,artist,2025
hashibami,artist,2025
hashibayachi,artist,2025
hashiko,artist,2025
hashimoto_chinami_(ichigo_100_percent),character,2025
hashimoto_kanna_(girlfriend),character,2025
hashratio,artist,2025
hassan_of_serenity_(merry_sheep)_(fate)_(cosplay),general,2025|2026|2026_06
hassan_of_the_cursed_arm_(secret_company_assassin)_(fate),character,2026|2026_06
hassy_(97197257),artist,2025
hassy_0225,artist,2025|2026|2026_06
hastings_(pokemon),character,2025
hasu,artist,2025|2026|2026_06
hasu_no_sora_fantasy,general,2025
hasu_no_sora_karuta_(love_live!),general,2025|2026|2026_06
hasumi_reia,character,2025
hat_covering_animal_ear,general,2025
hat_horns,general,2025
hat_on_antlers,general,2025|2026|2026_06
hat_rack,general,2025|2026|2026_06
hat_stand,general,2025|2026|2026_06
hatakeyama_yoshitaka,artist,2025|2026|2026_06
hatanoi_yushiro,artist,2025
hate_105,artist,2025
hate_rose_witch,character,2026|2026_06
hatejima_raichi,artist,2025|2026|2026_06
hatiaka,artist,2025
hatinoyu,artist,2025|2026|2026_06
hatomame,artist,2025
hatori_yo_(ao_no_orchestra),character,2025
hatowi,artist,2025
hatshepsut_(aoi_horus_no_mitomi),character,2026
hatsu1601,artist,2025
hatsu_(gintama),character,2025
hatsuga_(dmaigmai),artist,2025|2026|2026_06
hatsugai,character,2025|2026|2026_06
hatsukano_you,character,2025
hatsukano_you_(cosplay),general,2025
hatsukaze_(christmas_mode)_(kancolle),character,2025
hatsumoude,general,2025|2026|2026_06
hatsune815,artist,2025|2026
hatsupainting,artist,2025|2026|2026_06
hatsuyuki_(jmsdf),general,2025|2026|2026_06
hatsuzuki_(swimsuit_mode)_(kancolle),character,2025
hatsuzuki_(yukata_mode)_(kancolle),character,2025
hatsuzuru_ayaka,character,2025
hattori_(omegamega1001),artist,2025|2026|2026_06
hattori_hanzo,character,2025|2026|2026_06
hattori_hanzou,character,2025|2026|2026_06
hattori_hanzou_(cosplay),general,2025|2026
hattori_hanzou_(sengoku_musou),character,2025|2026|2026_06
hatusio_sizuki,artist,2025|2026|2026_06
hawawa-chan's_friend_(shiro_kuma_shake),character,2025
hawawa-chan's_sister_(shiro_kuma_shake),character,2025
hawawa-chan_(shiro_kuma_shake),character,2025
hawawa_chan's_mother_(shiro_kuma_shake),character,2025
hawk+diamond,general,2025|2026|2026_06
hawk+gatling_form_(best_match),general,2025|2026|2026_06
hawk+gattling_(black_hazard),general,2025
hawk_of_the_grand_prix,copyright,2025|2026
hawkeye_girl_(mechanical_buddy_universe),character,2025
hayabusa_(tfk5qaq),artist,2025|2026|2026_06
hayai,character,2025|2026|2026_06
hayakawa-dono_(sengoku_musou),character,2025|2026|2026_06
hayakawa_hayaka,artist,2026|2026_06
hayakawa_shiori,character,2026|2026_06
hayama_(ewzn7285),artist,2025
hayama_midori,artist,2025
hayama_sei,artist,2025|2026|2026_06
hayami_(baka_ni_kokuhaku),character,2026|2026_06
hayami_hina,character,2025|2026|2026_06
hayami_neruko,artist,2025|2026
hayanami_(christmas_mode)_(kancolle),character,2025
hayanami_(halloween_mode)_(kancolle),character,2025
hayasaka,artist,2025
hayasaka_kun,character,2025
hayasereku,artist,2025
hayashi_kentaro,artist,2025
hayashi_ryohei,character,2025
hayashikana,artist,2025|2026|2026_06
hayashimo_(christmas_mode)_(kancolle),character,2025
hayashimo_kai_ni_(christmas_mode)_(kancolle),character,2025
hayasui_(christmas_mode)_(kancolle),character,2025
hayate_(1034853996),artist,2025|2026|2026_06
hayonero_police,artist,2025|2026|2026_06
hayoou02,artist,2025
haysaca_a._smithee,character,2025
hayuki_106,artist,2025
hayuru,artist,2025
hazama555sasami,artist,2025
haze_(ohw8g),artist,2025
hazel_eyes,general,2025|2026|2026_06
hazesejso,artist,2026|2026_06
hazuein,artist,2025|2026|2026_06
hazuki_(hadukinoki0205),artist,2025|2026|2026_06
hazuki_shota,artist,2025
"hazure_skill_""kinomi_master"":_skill_no_mi_(tabetara_shinu)_wo_mugen_ni_taberareru_you_ni_natta_ken_nitsuite",copyright,2025
hazurine,artist,2025
hc-yhccz,artist,2025
hc2002,artist,2025
hd_(user_ecms4247),artist,2025|2026|2026_06
hdlyssie,artist,2025
hdo40675531,artist,2025|2026
hdw91v,artist,2025|2026|2026_06
he_he_di_hed,artist,2026|2026_06
he_is_unaware_of_what_is_occuring_on_his_head_(meme),general,2025|2026|2026_06
he_li_(pixiv_119522915),artist,2026|2026_06
he_niao_kou_zhi,artist,2026|2026_06
he_xiao_heng,artist,2025
head,general,2025
head_backwards,general,2025
head_on_another's_chest,general,2025
head_submerged,general,2025
head_up_skirt,general,2025|2026|2026_06
head_vulcans,general,2025
headless_guitar,general,2025
headpatsforklee69,artist,2026
healer,character,2025
hearlesssoul_(artist),artist,2025
heart-in_eyelashes,general,2025
heart-shaped_doughnut,general,2025
heart-shaped_goggles,general,2025
heart-shaped_mole,general,2025|2026|2026_06
heart-shaped_tattoo,general,2025
heart2833,artist,2025
heart_(home_sweet_home),character,2025|2026|2026_06
heart_belt,general,2025|2026|2026_06
heart_belt_buckle,general,2025|2026|2026_06
heart_bottle,general,2025|2026|2026_06
heart_hair,general,2025
heart_hairclip,general,2026|2026_06
heart_heels_duo,general,2025|2026|2026_06
heart_keyhole_panties,general,2025|2026|2026_06
heart_of_darkness_(video_game),copyright,2025|2026|2026_06
heart_panties,general,2025|2026|2026_06
heart_sex,general,2025
heart_shaped_sling_bikini,general,2025
heart_stickers,general,2025
heart_thief,artist,2025
heartpuff,artist,2025|2026|2026_06
heat_(film),copyright,2025
heat_haze_(module),general,2025
heath_(pokemon_ranger_2),character,2025
heavenrose150,artist,2025
heavenscale_smolder_(league_of_legends),character,2025
heavensmiles,copyright,2025
heavy_splatling_deco_(splatoon),general,2025|2026|2026_06
heavybowgun,general,2025|2026|2026_06
heavyshrimp,artist,2025
hebijo_academy_uniform,general,2025
hebimetako,character,2025
hecarim,character,2025|2026|2026_06
hecarim_(cosplay),general,2025|2026
hecate_(benghuai_xueyuan),character,2025|2026|2026_06
hecatoncheire_yadel,character,2026|2026_06
hechi_(mascot),character,2026|2026_06
hector_(emblem)_(fire_emblem),character,2026|2026_06
hector_ruiz,artist,2025|2026
hedy_lamarr_(half-life),character,2026
heel_stretch_(pose),general,2025|2026|2026_06
heenarashi,artist,2025
hei1905,artist,2025
hei_(ying_qian),character,2025|2026|2026_06
hei_b0810,artist,2025|2026|2026_06
hei_hua_shuang_shuang,artist,2026|2026_06
heian_(artist),artist,2025
heian_maru_(miko_mode)_(kancolle),character,2025
heian_maru_(spring_mode)_(kancolle),character,2025
heian_maru_(swimsuit_mode)_(kancolle),character,2025
heian_maru_(yukata_mode)_(kancolle),character,2025
heian_maru_kai_(christmas)_(kancolle),character,2026
heian_maru_kai_(christmas_mode)_(kancolle),character,2025
heian_maru_kai_(miko_mode)_(kancolle),character,2025
heibaise_jiangshi,artist,2025|2026|2026_06
heibonkerota,artist,2025
heicrosshong,artist,2025
heidegger_(final_fantasy),character,2025|2026|2026_06
heidi_(arknights)_(cosplay),general,2025
heidrun_(fire_emblem)_(new_year),character,2025
heigu,artist,2025
heihei,artist,2025|2026|2026_06
heiji-koumori,artist,2025
heiligershadowfax,artist,2025
heimdall_(benghuai_xueyuan),character,2025|2026|2026_06
heimerdinger,character,2025|2026|2026_06
heinrich_(tenku)_(grimms_notes),character,2025|2026
heisan777,artist,2025
heishujingzhang09133,artist,2025|2026|2026_06
heitang_baiyuan,artist,2025
heiyan,artist,2026|2026_06
heiyan97,artist,2025
heizle,character,2025|2026|2026_06
hej_(mugmnm51),artist,2025
heki_o_shizuku,artist,2026|2026_06
hekido_(tora_wa_ryuu_wo_mada_tabenai.),character,2025|2026|2026_06
hekiga_(freelot),artist,2025
hekiho_academy,general,2025
hekiho_academy_uniform,general,2025
hekikiri,artist,2025
hekk012,artist,2025
hel_(benghuai_xueyuan),character,2025|2026|2026_06
hel_(norse_mythology),character,2025
hel_(norse_mythology)_(cosplay),general,2025
hela_(marvel)_(empress_of_the_cosmos),character,2025
helem,character,2026|2026_06
helen_(rpo),character,2025
helen_phan,artist,2025
helena_(haregi_mode)_(kancolle),character,2025
helena_(spring_mode)_(kancolle),character,2025
helena_(swimsuit_mode)_(kancolle),character,2025
helena_blavatsky_(festival_outfit)_(fate)_(cosplay),general,2025
helena_blavatsky_(lostroom_outfit)_(fate)_(cosplay),general,2025
helena_blavatsky_(swimsuit_archer)_(fate),character,2025
helena_blavatsky_(swimsuit_archer)_(fate)_(cosplay),general,2025
helena_c_l,artist,2025
helenvitter,artist,2026|2026_06
helia.boke,artist,2025|2026|2026_06
helia_(honkai_impact),character,2025
helianthus_(armored_core_6),character,2025
heliozero,artist,2025
hell_barber_(grimms_notes),character,2025
hell_rising_hopper,general,2025
hellagur_(ambience_synesthesia)_(arknights),character,2025|2026|2026_06
hellangelz,artist,2025
hellblazer,copyright,2025
hellcircus,artist,2025
helldiver_(ash_arms),character,2025
hellfire_(videogame),copyright,2025|2026|2026_06
helliostarr,artist,2025
hello_good_night_(module),general,2025
hello_work,general,2025
hello_world,copyright,2025|2026|2026_06
hello_world.,copyright,2025|2026|2026_06
hello_world._(module),general,2025
helmet_strap,general,2025
help,general,2025|2026|2026_06
helz,character,2025|2026|2026_06
hemu_(hemublue9),artist,2025
hendry_zero,artist,2025
heng_yuan_zhi,character,2025
heng_yue_(chang'e),character,2025
henger_(monster_farm),character,2025|2026|2026_06
henry_jekyll_(glass_full_sweet_time)_(fate),character,2025
henry_jekyll_(you_after_the_rain)_(fate),character,2025
henry_model_1860,general,2025
hentai-foundry,copyright,2025|2026|2026_06
hentai-foundry_logo,general,2026
hentai-foundry_sample,meta,2025|2026|2026_06
hentai-foundry_username,general,2025|2026|2026_06
heo_changhyeon,character,2025|2026
heok_bam,artist,2025
hephaestion_(fate)_(non-official),character,2025
hephaistos,character,2025|2026|2026_06
her_(2013_film),copyright,2025
her_imperious_condescension,character,2025
her_tokyo,artist,2025|2026|2026_06
hera_(uchi_no_hime-sama),character,2025
herbstcorpuscle,artist,2025|2026|2026_06
hercules_(1997_film),copyright,2025
hercules_beetle_(yu-gi-oh),character,2025|2026|2026_06
hercus_zector,general,2026|2026_06
hereactivate,artist,2026|2026_06
heresy,general,2025|2026|2026_06
hericium,artist,2025|2026|2026_06
herio_1356,artist,2025|2026|2026_06
herman_carter,character,2025|2026|2026_06
hermes_(megami_tensei),character,2025
hermes_(persona_3),character,2025
hermesgildo,artist,2025
hero's_mom_(nakahira_guy),character,2025|2026|2026_06
hero's_mother_(shin_megami_tensei),character,2025|2026
hero_(shin_megami_tensei_i),character,2025|2026
heroine?_seijo?_ie_oruwakusu_maid_desu_(hoko),copyright,2025|2026|2026_06
heroine_(homicipher),character,2025
herrah_(hollow_knight),character,2025|2026|2026_06
herrah_(hollow_knight)_(cosplay),general,2026
herrinalexander,artist,2025
heruodo,artist,2025|2026
hesol,artist,2026|2026_06
hessian_(grail_league)_(fate),character,2025
hetangyuese61242,artist,2025|2026|2026_06
hetni,artist,2025
heure_(zi-o)_(cosplay),general,2025
hex_rkgk,artist,2025
hexakis_truncated_icosahedron,general,2025
hexelsafe,artist,2025|2026|2026_06
hey_yah!_(stand),character,2025
heywood_l._edwards_(tsuyu_mode)_(kancolle),character,2025
hezk5722,artist,2025
hfesbra,artist,2025
hg_illust,artist,2025
hgr_(higure),artist,2025|2026|2026_06
hh,artist,2025|2026|2026_06
hh_(hhsis2),artist,2025
hhaeraen,artist,2025|2026
hhhrama,artist,2025
hhly_jing,artist,2025|2026|2026_06
hi_club_(vocaloid),copyright,2025
hi_irim,artist,2025|2026|2026_06
hibachaaa779,artist,2025|2026|2026_06
hibachi,character,2025|2026|2026_06
hibachi_(dodonpachi),character,2025|2026|2026_06
hibakari_(bakari02272022),artist,2025
hibakichi,artist,2025
hibari_aida,artist,2025
hibarin_(hibari-chan),artist,2025
hibi_(dusrbinrat),artist,2025
hibi_nnn,artist,2025
hibiki_(change123),character,2025|2026|2026_06
hibiki_(jmsdf),general,2025|2026|2026_06
hibiki_aikawa,character,2025
hibiki_laytis,character,2025|2026
hibiki_rider_watch,general,2025
hida6_sork,artist,2025
hidarime02,artist,2025|2026
hidarimimi,artist,2025|2026|2026_06
hidden_kiss,general,2026|2026_06
hide1p,artist,2025
hideaki_takamura,artist,2025|2026|2026_06
hideandseek,artist,2025|2026|2026_06
hideki_(maximus9873),artist,2025
hidekiryouji,artist,2025
hideyasu_jounouchi,character,2025
hideyuki_makimura,character,2025
hidezaburo_kitaguchi,character,2025
hido_ren,artist,2025
hidoi,character,2025|2026|2026_06
hidoi_(cosplay),general,2025|2026
hidora,artist,2025
hidrico,artist,2025
hiduki-kk,artist,2025|2026|2026_06
hidukitigaii,artist,2025
higashi_kotaro,character,2025
higashiguch000,artist,2025
higashikanade_academy_uniform,general,2025
higashikata_josuke's_pose_(jojo),general,2025|2026|2026_06
higashimura,artist,2025
higashiwun_izumi,artist,2025|2026|2026_06
hige,character,2025|2026|2026_06
hige_kujira,artist,2025
higekiri,character,2026
higemaccho,artist,2025|2026|2026_06
higerurui,artist,2025
high-waist_lingerie,general,2025
high-waist_sideboob,general,2025|2026|2026_06
high_belt,general,2025|2026|2026_06
high_braid,general,2025|2026|2026_06
high_detail,general,2025|2026|2026_06
high_efficiency_video_coding,meta,2025
high_fever_(module),general,2025
highlander_railway_academy_student_(blue_archive),character,2025
highleg_skirt,general,2025
highleg_swimsuit,general,2025
highso_private_girls'_academy_uniform,general,2025
higu2moe1,artist,2025|2026|2026_06
higuchi_kaede_(10th_costume),character,2025|2026|2026_06
higuchi_kaede_(12th_costume),character,2025|2026|2026_06
higuchi_kaede_(13th_costume),character,2025|2026|2026_06
higuchi_kaede_(14th_costume),character,2025|2026|2026_06
higuchi_kaede_(15th_costume),character,2025|2026|2026_06
higuchi_kaede_(16th_costume),character,2025|2026|2026_06
higuchi_kaede_(17th_costume),character,2025|2026|2026_06
higuchi_kaede_(2nd_costume),character,2025|2026|2026_06
higuchi_kaede_(3rd_costume),character,2025|2026|2026_06
higuchi_kaede_(4th_costume),character,2025|2026|2026_06
higuchi_kaede_(5th_costume),character,2025|2026|2026_06
higuchi_kaede_(6th_costume),character,2025|2026|2026_06
higuchi_kaede_(7th_costume),character,2025|2026|2026_06
higuchi_kaede_(8th_costume),character,2025|2026|2026_06
higuchi_kaede_(9th_costume),character,2025|2026|2026_06
higuide_(biomega),character,2026
higuri_yuu,artist,2025
hihumiyoimu,artist,2025|2026|2026_06
hiiragi_hiiragi,artist,2025|2026|2026_06
hiiragi_makoto,character,2025|2026|2026_06
hiiragi_makoto_(girlfriend),character,2025
hiiragi_mana,character,2025
hiiragi_tadashi,artist,2025
hiiro_(bombergirl),character,2025
hiji94,artist,2025
hijikara_(da_gomito),artist,2025|2026
hijikata_(shiromanta),character,2025
hijikata_toshizou,character,2025|2026|2026_06
hijikata_toshizou_(cosplay),general,2025|2026|2026_06
hijikata_toshizou_(isshin),character,2025|2026|2026_06
hijiri_(hijiriririn),artist,2025
hijiri_(pixiv_86596119),artist,2025
hijiri_kanata,character,2025|2026
hikahdesuyo,artist,2025|2026|2026_06
hikaku,artist,2025
hikari_(haibane),character,2025
hikari_(haibane)_(cosplay),general,2025
hikari_(jpuk),artist,2025
hikari_(nyuu),character,2025
hikari_tanabe,character,2025
hikariko_(touhou),character,2025
hikariviny01,artist,2025|2026|2026_06
hikarizokusei_bishoujo_no_asahisan_ga_nazeka_maishuumatsu_orenoheyani_iribitaruyouni_nattaken,copyright,2025
hikaru_(hikaru_ga_shinda_natsu),character,2025
hikaru_genji,character,2025|2026|2026_06
hikaru_genji_(cosplay),general,2025|2026|2026_06
hikaru_yuzuki,artist,2025
hikaruyusi,artist,2025
hikawa_jun,character,2026
hiki_34,artist,2025|2026
hikienlaventana,artist,2025|2026|2026_06
hikikomori_no_ore_ga_kawaii_guild_master_ni_sewa_o_yakaremakuttate_betsu_ni_ii_darou?,copyright,2025
hikki,character,2025|2026
hiko_(xinjinjumin7714158),artist,2025
hiko_(ykhk_58),artist,2025|2026|2026_06
hikoero_(983197),artist,2025
hilda_(arknights),character,2025
hilda_(ff14),character,2025
hilda_(fire_emblem),character,2025|2026|2026_06
hilda_(fire_emblem)_(cosplay),general,2025|2026|2026_06
hildan,artist,2025
hildegard_grimmacht,character,2025|2026|2026_06
hildon,character,2025
hildr_(ring_the_bell)_(fate)_(cosplay),general,2026
hildr_(welcome_to_the_travelling_circus!)_(fate),character,2025
hilichurl_tattoo,general,2026|2026_06
hima_shokudo,copyright,2025|2026|2026_06
himanchu911,artist,2025
himari_(benghuai_xueyuan),character,2025|2026|2026_06
himari_(bodysuit)_(blue_archive),character,2026|2026_06
himawari_(module),general,2025
hime_(kininatteru_hito_ga_otoko_ja_nakatta),character,2025
hime_kishi_tame,copyright,2025
hime_kishi_wa_orc_ni_tsukamarimashita,copyright,2025|2026|2026_06
himeeda_yuuto,artist,2025
himeiya_mari_(gachon_jirou),character,2025
himeji_sara,character,2025
himeka,artist,2025
himekishi_ga_class_mate!,copyright,2026|2026_06
himeko_(sky-freedom),character,2025|2026|2026_06
himemiya_tori_(black_secret),character,2025|2026|2026_06
himemiya_tori_(doggy_park_picnic),character,2025
himemiya_tori_(koikoi_love_cafe),character,2025|2026|2026_06
himemiya_tori_(stormcloud_fumble),character,2025|2026|2026_06
himemori_luna_(4th_costume),character,2025
himeno-chan_(min),character,2025
himenogawa_(artist),artist,2025
himezaki_aoi,character,2025
himezaki_aoi_(cosplay),general,2025
himezawa_kokoa,character,2025
himika,character,2025|2026|2026_06
himiko_damashii,general,2025
himitsu_sentai_goranger,copyright,2025
himiya_toharu,general,2025|2026
himmel_(beatmania_iidx),character,2025
himono_hinata,artist,2025
himopan,artist,2025|2026|2026_06
himori_kiko,artist,2025
himuraanzu,artist,2025
hina_(sabrina_to_muryoku_na_tamashii),character,2026
hina_hedgehog,artist,2025|2026|2026_06
hina_kawahara,character,2025|2026|2026_06
hina_pleiades,artist,2025
hinagi_k,artist,2025
hinako_(hinako_alter),artist,2025
hinako_yaotose,character,2025
hinaminoworks,artist,2026|2026_06
hinano,artist,2025
hinano_(sky-freedom),character,2025|2026|2026_06
hinanonano,artist,2025
hinaru_taihitou,artist,2025|2026|2026_06
hinasaki_miku's_mother,character,2025
hinasakura0303,artist,2025
hinasera_aya,artist,2025|2026|2026_06
hinata_(user_rjkt4745),artist,2025|2026|2026_06
hinata_ema,character,2025
hinata_habi_ss,artist,2025
hinata_mirun,artist,2025
hinatsu_01,artist,2026|2026_06
hinayua_r18,artist,2025|2026|2026_06
hinazeru,artist,2025
hinazuki_suzuho_(tsukimoto_kizuki),character,2026|2026_06
hinekureru,artist,2025|2026|2026_06
hing_(pixiv_93969166),artist,2025|2026|2026_06
hinna-chan,artist,2025|2026|2026_06
hino_888,artist,2025|2026|2026_06
hino_akane_(smile_precure!),character,2025|2026|2026_06
hino_akane_(smile_precure!)_(cosplay),general,2025|2026|2026_06
hino_yoriko,artist,2025
hinoharaf_(14310486),artist,2025|2026|2026_06
hinokawa_riko_(amano_hikari),character,2025|2026|2026_06
hinoki_(5540960),artist,2025
hinomiya_andy,character,2025
hinomiya_shiyou_(ly05yy),artist,2025
hinxminx,artist,2025
hiomaika,artist,2025
hiperionno1,artist,2026
hippo_boy,general,2025|2026|2026_06
hippo_ears,general,2025|2026|2026_06
hippo_girl,general,2025|2026|2026_06
hippyi,artist,2025
hiragi_akira,artist,2025
hiraisu_(evxv5354),artist,2025|2026|2026_06
hiraizumi_koto,artist,2025
hirakago_yukie,artist,2025
hiraki_azi,artist,2025
hiramera,character,2025
hiramoto_(yamadaiwa),artist,2025
hirano_masatosh,artist,2025
hirano_shin,character,2025|2026
hirata_youhei,character,2026|2026_06
hirato_(summer_mode)_(kancolle),character,2025
hirato_(tsuyu_mode)_(kancolle),character,2025
hiro-arts,artist,2025
hiro-chan,artist,2025
hiro150106,artist,2025
hiro_(vrss5888),artist,2025|2026|2026_06
hiro_aoiro,artist,2025
hiro_atx,artist,2025
hiro_mago,artist,2025
hiroaki_yayoi,artist,2025
hiroe,artist,2025
hirohana_yukiko,character,2025
hiroki_(hirokiart),artist,2025|2026|2026_06
hiroki_katsumata,artist,2025
hiromitwo,artist,2025
hironori_(hironori),artist,2025
hiroshi_(manjia_li),artist,2025
hiroshige_awa,artist,2025
hirota_(user_fpkz5727),artist,2025
hirotaka_(hrtk990203),artist,2025|2026|2026_06
hirotatsu,artist,2025
hiroto_(kari),artist,2025
hiroto_(tegaki),artist,2025
hiroton,artist,2025
hiroyuki_hatake,artist,2025
hiroyuki_nishimura_(artist),artist,2025
hiroyuki_nishimura_(morenatsu),character,2025
hiruel,artist,2025
hirune_(user_jtfv4527),artist,2025|2026|2026_06
hiryang,artist,2025|2026|2026_06
hiryuu_(ff5),character,2025|2026|2026_06
hiryuu_(kana_h),artist,2025
hiryuu_(swimsuit_mode)_(kancolle),character,2025
hisagi_(hisagi00),artist,2025|2026|2026_06
hisagi_akitsugu,artist,2025
hisamatomoki,artist,2025
hiseu_22,artist,2026
hishi_akebono_(taking_the_first_bite)_(umamusume),character,2025
hishnl144376,artist,2025|2026|2026_06
hissa_yossa,artist,2025|2026|2026_06
historical_revisionism,general,2025
hisui_minarf,artist,2026|2026_06
hisuisai_e5,artist,2025
hitachi_(shun_soku),character,2025|2026|2026_06
hitaren_illust,artist,2026|2026_06
hitmans_wifes_bodyguard,copyright,2025
hito_(maruhito_),artist,2025
hito_ribuki,artist,2025
hitodama_print,general,2025|2026|2026_06
hitomi97,artist,2025
hitomi_tomoko_(satsuki),character,2025|2026|2026_06
hitonathu,artist,2025
hitori_desu,copyright,2026|2026_06
hitoshi_ichimura,artist,2025
hitoshi_okuda,artist,2025
hitotaba,artist,2025|2026|2026_06
hitotsumea_(pixiv482349),artist,2025
hitsugi_sosuke,character,2025
hitsujimaiw7,artist,2025
hitsuwara_yamato,character,2025|2026
hitujigumo,artist,2025
hive_mecha_(metroid_prime),character,2025
hiyama_kiyoteru_(vocaloid4),character,2025
hiyaya,artist,2025
hiyoko_(hiyo_koiro),artist,2025
hiyoko_at,artist,2025|2026|2026_06
hiyon99x,artist,2025
hiyori_(wakana_hanabi),character,2025
hiyoriii,artist,2026|2026_06
hiyu_(kakeobi),artist,2025
hiyuri,artist,2025|2026|2026_06
hiyutan_(hiyuka11),artist,2025
hizake,artist,2025
hjb,artist,2025
hjhockey,artist,2025
hjo2499,artist,2025
hjp_monaka,artist,2025
hkkmrbscs,artist,2025
hks,copyright,2025|2026|2026_06
hlophouse,artist,2025
hmas_perth,general,2025
hmas_perth_(ffh-157),general,2026|2026_06
hms_daring_(d32),general,2025|2026|2026_06
hms_invincible,general,2025
hms_tiger,general,2025
hmyp4243,artist,2025|2026|2026_06
hno3,artist,2025
hnzwakira,artist,2025|2026|2026_06
ho02_02,artist,2025|2026|2026_06
ho_(artist),artist,2025
ho_kiho,artist,2025
ho_wb76863,artist,2026|2026_06
hoanhan07,artist,2025|2026
hoban_rkgk,artist,2025
hobbit,general,2025
hobby_0203159,artist,2025|2026|2026_06
hobgoblin,character,2025|2026|2026_06
hobie_brown,character,2025
hobo_(font),general,2025
hocheeeesekie,artist,2025
hochikisu,artist,2025
hochiya_kiwai,character,2026|2026_06
hodonaruru,artist,2025
hoederer_(courtyard_of_contemplation)_(arknights),character,2025
hoehoe3,artist,2025
hoenn_mother,character,2026|2026_06
hoenn_route_112,general,2025
hogumacake,artist,2025
hoho_oc,artist,2025|2026|2026_06
hohoemii,artist,2025
hohohohokkaido,artist,2025
hoi_teppie,artist,2025|2026|2026_06
hoihoi,artist,2025
hoimiii,artist,2025
hoirn,artist,2025
hokan,general,2025|2026|2026_06
hokkairo_(nwpt4752),artist,2026|2026_06
hokkarigame32,artist,2025|2026|2026_06
hokucha,artist,2025
hokuto_kensei_(kenseihokuto),character,2025
hokuto_vega_(jpn),character,2025
hokuyukis,artist,2025|2026|2026_06
holding_another's_thighs,general,2025|2026|2026_06
holding_another's_tongue,general,2025|2026|2026_06
holding_armband,general,2025|2026|2026_06
holding_baby,general,2025
holding_beam_cannon,general,2026|2026_06
holding_bonesaw,general,2026|2026_06
holding_bowling_ball,general,2026|2026_06
holding_candle_stand,general,2025
holding_cape,general,2025
holding_carton,general,2025|2026|2026_06
holding_chastity_cage,general,2025|2026|2026_06
holding_cherry,general,2025|2026|2026_06
holding_croissant,general,2026|2026_06
holding_curtain,general,2025
holding_digital_media_player,general,2025|2026|2026_06
holding_disposable_cup_holder,general,2026|2026_06
holding_doughnut,general,2025
holding_drawing_book,general,2025|2026|2026_06
holding_drunk,general,2025
holding_eye,general,2025|2026|2026_06
holding_footwear,general,2025
holding_golf_ball,general,2025|2026|2026_06
holding_graduated_cylinder,general,2025
holding_grape,general,2025|2026|2026_06
holding_hacksaw,general,2025|2026|2026_06
holding_hair_elastic,general,2026|2026_06
holding_hat,general,2025
holding_heat_hawk,general,2026|2026_06
holding_helmet,general,2025
holding_hoop,general,2025|2026|2026_06
holding_ice_cream_scoop,general,2025
holding_jacket,general,2025|2026|2026_06
holding_karambit,general,2026|2026_06
holding_leg,general,2025|2026|2026_06
holding_lemon,general,2025|2026|2026_06
holding_lightsaber,general,2025
holding_lightstick,general,2025|2026|2026_06
holding_miniperson,general,2025
holding_monster,general,2026|2026_06
holding_necktie,general,2025|2026|2026_06
holding_orange,general,2025|2026|2026_06
holding_own_arm,general,2025|2026|2026_06
holding_own_breasts,general,2025|2026|2026_06
holding_own_horn,general,2025|2026|2026_06
holding_palette,general,2025
holding_pipette,general,2025
holding_potato,general,2025|2026|2026_06
holding_ray_gun,general,2025|2026|2026_06
holding_rod,general,2025|2026|2026_06
holding_scabbard,general,2025
holding_scarf,general,2025
holding_shaker,general,2025
holding_shell,general,2025|2026|2026_06
holding_shinai,general,2025
holding_shoe,general,2025
holding_snack,general,2025
holding_steering_wheel,general,2025
holding_stone,general,2025
holding_suit,general,2025
holding_taiyaki,general,2026|2026_06
holding_teddy_bear,general,2025
holding_trident,general,2025
holding_unworn_socks,general,2025
holding_watermelon,general,2025|2026|2026_06
holding_with_thighs,general,2026|2026_06
holding_yellow_card,general,2025
hole_house,general,2025
hole_in_panties,general,2025
holhorse_(205574),artist,2025
holiday_cammy,character,2025|2026|2026_06
holliberry,artist,2025
hollowed_skirt,general,2025|2026|2026_06
holly_(artist),artist,2025|2026|2026_06
holo_tape,artist,2025
holographic_bag,general,2025|2026|2026_06
holographic_clothing,general,2025|2026|2026_06
holographic_fins,general,2025|2026|2026_06
holographic_hair,general,2025|2026|2026_06
holographic_harness,general,2025|2026|2026_06
holographic_thigh_strap,general,2025|2026|2026_06
holographic_umbrella,general,2025|2026|2026_06
holosub_trainee,artist,2025|2026|2026_06
holy_goddess_(module),general,2025
holy_lancer_(module),general,2025
holy_light,artist,2025
homer_(dq11),character,2025
homestuck_2,copyright,2025
hometaba,artist,2025|2026|2026_06
homeworld_lapis_lazuli_uniform,general,2026|2026_06
homeworld_quartz_uniform,general,2026|2026_06
homommyintown,artist,2026|2026_06
homuhomu1208,artist,2025
honami_(pixiv86346152),artist,2025|2026|2026_06
honami_sayaka,character,2025
honchkrow_print,general,2025|2026|2026_06
honda_tadakatsu,character,2025|2026|2026_06
hondy_(user_gcxa2842),artist,2025|2026|2026_06
hone_(hellcircus),artist,2025
honesty_ag,artist,2025
honey_cake_(doughnut),general,2025
honey_sweet,character,2025|2026|2026_06
honey_trap_share_house,copyright,2025
honeybee94,artist,2025
honeyberry_(elite_ii)_(arknights),character,2026|2026_06
honeycrud,artist,2025
honeylounge,artist,2025
honeymooners_(pokemon),character,2025
honeyworks_828,artist,2026|2026_06
hong_eun-chae,character,2025|2026|2026_06
hong_hu,artist,2025
hongo_kazuto,character,2025|2026|2026_06
hongou,character,2025
honing_seeker:_eclipse,character,2026|2026_06
honjou_nia_(cosplay),general,2025
honkai:_star_rail_eidolon_parody_(meme),general,2025
honkai:_star_rail_sticker_redraw_(meme),general,2025|2026|2026_06
honkai_impact_3rd_icon_parody,general,2025
honkai_impact_3rd_sticker_redraw_(meme),general,2025|2026|2026_06
honketsu,artist,2025|2026|2026_06
honnoji_academy_uniform,general,2025
hono_riki,character,2025|2026|2026_06
honoka_kokushikan,character,2026|2026_06
honolulu_(swimsuit_mode)_(kancolle),character,2025
honomi,general,2025|2026|2026_06
hononos,artist,2025
hood_lift,general,2025|2026|2026_06
hoojiro_(found1093)_(sketch),artist,2025
hoozuki_jinpachi,character,2025|2026|2026_06
hoozuki_yasaka,artist,2025|2026|2026_06
hop,character,2025|2026|2026_06
hoparts,artist,2025
hoppy_hopscotch_(poppy_playtime),character,2025
hopurai,general,2025|2026
horanhoran,artist,2025
horizon_(video_game),copyright,2025|2026|2026_06
horizontal-striped_apron,general,2025
horizontal-striped_armband,general,2025
horizontal-striped_bikini,general,2025
horizontal-striped_bodysuit,general,2025
horizontal-striped_bow,general,2025|2026|2026_06
horizontal-striped_capelet,general,2025
horizontal-striped_cardigan,general,2025
horizontal-striped_choker,general,2025
horizontal-striped_clothes,general,2025|2026|2026_06
horizontal-striped_coat,general,2025
horizontal-striped_collar,general,2025|2026|2026_06
horizontal-striped_dress,general,2025|2026|2026_06
horizontal-striped_eyewear,general,2025
horizontal-striped_footwear,general,2025
horizontal-striped_gloves,general,2025
horizontal-striped_hairband,general,2025
horizontal-striped_hakama,general,2025
horizontal-striped_hanbok,general,2025
horizontal-striped_headwear,general,2025|2026|2026_06
horizontal-striped_hood,general,2025
horizontal-striped_hoodie,general,2025
horizontal-striped_jacket,general,2025
horizontal-striped_jumpsuit,general,2025
horizontal-striped_pants,general,2025|2026|2026_06
horizontal-striped_ribbon,general,2025|2026|2026_06
horizontal-striped_scarf,general,2025|2026|2026_06
horizontal-striped_shorts,general,2025
horizontal-striped_skirt,general,2025|2026|2026_06
horizontal-striped_sleeve_cuffs,general,2025|2026|2026_06
horizontal-striped_sleeves,general,2025|2026|2026_06
horizontal-striped_socks,general,2025|2026|2026_06
horizontal-striped_strap,general,2025
horizontal-striped_swimwear,general,2025
horizontal-striped_thighhighs,general,2025|2026|2026_06
horizontal-striped_towel,general,2025
horizontal-striped_turtleneck,general,2025
horizontal-striped_wristband,general,2025
horn-shaped_hair,general,2025|2026|2026_06
horn_grab,general,2025|2026|2026_06
horn_hair_ornament,general,2025
horned_rat,character,2025
hornedoness,artist,2026
hornisse,artist,2025|2026
horny_lemon7,artist,2025
horse-drawn,general,2025|2026|2026_06
horseshoe_removed,general,2025
horusu,artist,2026|2026_06
hoshi_(hoshitanu_210),artist,2025|2026|2026_06
hoshi_(pixiv61907525),artist,2025|2026|2026_06
hoshi_25f,artist,2025
hoshi_man,artist,2025
hoshi_san,character,2025|2026|2026_06
hoshiguma_(ambience_synesthesia)_(arknights),character,2025|2026|2026_06
hoshikawa_sara_(5th_costume),character,2025|2026|2026_06
hoshikawa_yayoi_(pixiv),artist,2025|2026|2026_06
hoshimachi_suisei_(old_design)_(dress-up_ver.),character,2025
hoshimachi_suisei_(school_uniform),character,2025
hoshimi_miyabi_bangboo,character,2025
hoshimiya_mukuro_(cosplay),general,2025
hoshinami_(tnku8237),artist,2025
hoshinekodo_(vtuber),character,2025
hoshino_(pixiv),artist,2025
hoshino_miyako,character,2025|2026|2026_06
hoshino_terror_(blue_archive)_(cosplay),general,2025|2026|2026_06
hoshinokami,artist,2025|2026|2026_06
hoshinostars,artist,2025
hoshirube_sho_(vta),character,2025
hoshitsukiseino,artist,2025|2026|2026_06
hoshiumi_yuzuko,artist,2025
hoshizaki_ayane,character,2025|2026|2026_06
hoshizora,artist,2025|2026|2026_06
hoshizoradoru,artist,2025
hoshizuku_komako,character,2025
hosiman,artist,2025
hosimiya846,artist,2025|2026|2026_06
hosizora188,artist,2025|2026|2026_06
hosokawa_gracia,character,2025|2026|2026_06
hosokawa_gracia_(sengoku_musou),character,2025|2026|2026_06
hosokawa_okiaki,character,2025
hospital_visit_(ensemble_stars!),general,2025|2026|2026_06
hotaruuu_1027,artist,2025|2026|2026_06
hotebi,artist,2025
hotke,artist,2025
hoto_rina,artist,2026|2026_06
hotoke_(idolmaster),character,2025|2026|2026_06
hotori_(neverness_to_everness),character,2026|2026_06
hotoritan,artist,2025
hotosoka_(user_nxja5583),artist,2025
houdi,artist,2025
houdini_damashii,general,2025|2026|2026_06
houjou_(ff7),character,2025
houjou_ujiyasu_(sengoku_musou),character,2025|2026|2026_06
houk1sei,artist,2025
houkago_mode_(module),general,2025
houkai_girl_(benghuai_xueyuan),character,2025|2026|2026_06
houkiri_nemu,artist,2025|2026|2026_06
hound1130,artist,2025
houou_(princess_connect),character,2026|2026_06
hououmon_x,character,2025|2026|2026_06
hourai-victim,artist,2025
houshou_margo,character,2025
houshou_marine_(8th_costume),character,2025
houshou_marine_(loungewear),character,2025
houston_(swimsuit_mode)_(kancolle),character,2025
houston_kai_(swimsuit_mode)_(kancolle),character,2025
houtou,character,2025
houtou_(cosplay),general,2025
how_are_you_feeling_today_beer_(meme),general,2026|2026_06
how_the_grinch_stole_christmas,copyright,2025|2026|2026_06
howeirong,artist,2025
howl_pendragon,character,2026|2026_06
howl_pendragon_(cosplay),general,2026|2026_06
hppu8734,artist,2025|2026|2026_06
hqtake11,artist,2026|2026_06
hraesvelgr_(fire_emblem)_(new_year),character,2025
hrfr318,artist,2025|2026|2026_06
hrxw8287,artist,2025
hs_(user_hvww8443),artist,2025
hsk_pad,artist,2025
hss_sub,artist,2025
hstwlily,artist,2025|2026|2026_06
hsxxx,artist,2025|2026|2026_06
ht1nez,artist,2025
ht_user_ruja8272,artist,2025
htr_it,artist,2026
httk7782,artist,2025
htwbjqdg8actmq6,artist,2025
htwoo_guo_ninggu,artist,2025
hu_guang,artist,2025|2026|2026_06
hu_jing_tang_shi_zhong,artist,2025
hu_tao_(impression_series),character,2025|2026|2026_06
hua_hua_de_fu_yu,artist,2025|2026|2026_06
hua_man,character,2025
hua_miao_(srrs7842),artist,2025|2026|2026_06
hua_tuo_(shin_sangoku_musou),character,2025|2026|2026_06
hua_xia_mingyue,artist,2025
hua_zha_chao_rou,artist,2025
huakaifugui,artist,2025
hualianye,artist,2025|2026|2026_06
huaman,character,2025
huang_baoling,character,2025
huang_baoling_(cosplay),general,2025
huang_gai,character,2025
huang_gai_(sangoku_hime),character,2025
huang_quan_zan_bu_jie_gao_ing,artist,2025
huang_rong_(she_diao_ying_xiong_zhuan),character,2025
huanzibc,artist,2025
hub_(sendusend),artist,2025
hubert_(limbus_company),character,2025
hubert_ozwell,character,2025|2026|2026_06
hubert_ozwell_(butler_suit),character,2025|2026|2026_06
hubert_ozwell_(cosplay),general,2025|2026|2026_06
hubert_ozwell_(head_hall_monitor),character,2025|2026|2026_06
hubert_ozwell_(modern_youth),character,2025|2026|2026_06
hubert_ozwell_(six-eyes),character,2025|2026|2026_06
hubert_ozwell_(strahtan_avenger),character,2025|2026|2026_06
hubertus_101,artist,2026|2026_06
hudo_shin,artist,2025|2026|2026_06
huf,general,2025
huge_cannon_(armored_core),general,2025
huge_missile_(armored_core),general,2025
huge_thighs,general,2025|2026|2026_06
hugo_weasley,character,2025|2026|2026_06
hugop_arts,artist,2025|2026|2026_06
huh_yun-jin,character,2025|2026|2026_06
huhu_fufu,character,2025
hui_shuijiao_de_yu,artist,2025|2026|2026_06
huinian_aoye_huagea,artist,2026|2026_06
huixing,artist,2025
hukhuk2,artist,2025|2026|2026_06
hukikojyakku,artist,2025
human08,artist,2025
human_(elf_comic),character,2025
human_comedy_(ensemble_stars!),general,2025|2026|2026_06
human_penis,general,2025|2026|2026_06
humiliation_for_two_male_high_school_students_as_they_are_forced_to_hold_hands_as_a_punishment_for_fighting_(meme),general,2025|2026|2026_06
humiyou,artist,2025
hummingbird_(blitzcore),character,2025|2026|2026_06
hummy_(suite_precure),character,2025|2026|2026_06
hummy_(suite_precure)_(cosplay),general,2025|2026|2026_06
humphrey,character,2025
hunanag,artist,2025
hundun_(benghuai_xueyuan),character,2025|2026|2026_06
hungnya,artist,2025|2026|2026_06
huntaku222,artist,2025
hunter-class_gunship,character,2025
hunter_(half_life),character,2025|2026|2026_06
hunter_(hollow_knight),character,2025
hunter_action_gamer_level_5,general,2025
hunter_biker_gamer_level_5,general,2025
hunter_quest_gamer_level_5,general,2025
hunter_shooter_gamer_level_5,general,2025
huntress_diary,artist,2025
huntsman,character,2025
huntsman_(cosplay),general,2025
huntsman_(grimm),character,2025
huohahahahahaha,artist,2025
huozhejiushiweileanteku,artist,2025
hurricane_(crosscore),character,2026|2026_06
hurricane_dragon,character,2025
hurricane_slash,general,2025
hurricane_style,character,2025
hurumizuya,artist,2025
hush_(batman),character,2025|2026|2026_06
hutaoyingying65626,artist,2025|2026|2026_06
huuri_(ragnador),character,2025
huusenuri,artist,2025
hux-a7-13,character,2025|2026|2026_06
huyao_xiao_hongniang,copyright,2025
huyukai_higeta,artist,2025
huzhou_ken5983,artist,2025
hw_1008,artist,2025
hwang_dong-su,character,2025
hwangabi,character,2025
hwasan_gwihwan,copyright,2025
hwei_(league_of_legends),character,2025|2026|2026_06
hwei_(league_of_legends)_(cosplay),general,2025|2026|2026_06
hxhln,artist,2025
hyakkiyako_alliance_academy_student_(blue_archive),character,2025
hybrid_sight,general,2025|2026|2026_06
hydlop,artist,2025
hydra_(kamen_rider),character,2025|2026|2026_06
hydwamacroph,artist,2025|2026|2026_06
hyemalequisetum,artist,2025|2026|2026_06
hyo(shhonsr),artist,2025
hyou_(pixiv3677917),artist,2025|2026|2026_06
hyouzou,character,2025
hyper_pibici,artist,2025
hyper_zector,general,2025
hyperion_(benghuai_xueyuan),character,2025|2026|2026_06
hyperubutsimp,artist,2025|2026|2026_06
hypno-shroom_(plants_vs_zombies),character,2025
hypnos_(mythology),character,2026|2026_06
hypocrite,general,2025|2026|2026_06
hysteric_humanoid_(ensemble_stars!),general,2025|2026|2026_06
hyuding,artist,2025|2026|2026_06
hyun_(kzze3232),artist,2026|2026_06
hyuni_(vtuber),character,2026|2026_06
hyuu_(lblank27),artist,2025|2026|2026_06
hzy_0102,artist,2025
i'm_watching_you,general,2025
i-201_(halloween_mode)_(kancolle),character,2025
i-201_(swimsuit_mode)_(kancolle),character,2025
i-201_(valentine_mode)_(kancolle),character,2025
i-203_(valentine_mode)_(kancolle),character,2025
i-36_(christmas_mode)_(kancolle),character,2025
i-36_(round_one)_(kancolle),character,2025|2026|2026_06
i-400_(yukata_mode)_(kancolle),character,2025
i-401_(festival_mode)_(kancolle),character,2025
i-401_(haregi_mode)_(kancolle),character,2025
i-401_(sasebo)_(kancolle),character,2025|2026|2026_06
i-401_(schoolgirl)_(kancolle),character,2025|2026|2026_06
i-401_(schoolgirl_mode)_(kancolle),character,2025
i-47_(halloween_mode)_(kancolle),character,2025
i-47_(haregi_mode)_(kancolle),character,2025
i-47_(saury_festival)_(kancolle),character,2025|2026|2026_06
i-47_(swimsuit_mode)_(kancolle),character,2025
i-503_(valentine_mode)_(kancolle),character,2025
i-8_(christmas_mode)_(kancolle),character,2025
i._r._baboon,character,2025|2026|2026_06
i0qqsm,artist,2025
i529112,artist,2026|2026_06
i561992,artist,2025
i_(black-chips),artist,2025
i_am_atomic_(meme),general,2025|2026|2026_06
i_crave_dess,artist,2025
i_hakua,artist,2025|2026|2026_06
i_love_you,copyright,2025
i_love_you_colonel_sanders,copyright,2025
i_miss_my_wife_(meme),general,2025|2026|2026_06
i_something_and_nothing,artist,2025|2026|2026_06
i_want_5_quadrillion_yen!,general,2025
i_witch_you_a_happy_halloween_(ensemble_stars!),general,2025|2026|2026_06
ia-02:_ice_worm,character,2025
iamzio,artist,2025
ian_(shingeki_no_kyojin),character,2025|2026|2026_06
ian_mc_conville,artist,2025
iana_(mirrormaze)_(rainbow_six),character,2025
iana_(rainbow_six),character,2025
ianzhouart,artist,2025|2026|2026_06
ibara_ibu,character,2025
ibaraki_douji_(first_ascension)_(fate),character,2026|2026_06
ibaraki_douji_(second_ascension)_(fate),character,2026|2026_06
ibaraki_douji_(swimsuit_lancer)_(fate),character,2025
ibaraki_douji_(tactics),character,2025
ibasabi_ary,artist,2025
ibis-series_cel-240,character,2025
ibuki_douji_(swimsuit_berserker)_(fate)_(cosplay),general,2025|2026|2026_06
ibuki_you,artist,2025
ibuko,artist,2025
icaimes,artist,2025|2026|2026_06
ice-lollyyyyy,artist,2025
ice-shroom_(plants_vs_zombies),character,2025
ice_&_choco,copyright,2025
ice_aptx,artist,2025
ice_cream_scoop,general,2025
ice_fog_(module),general,2025
ice_mingwei,artist,2025|2026|2026_06
icebangbang,artist,2025
icecream_9999,artist,2025
icedream(user_rcjh4485),artist,2025|2026|2026_06
icedrop,artist,2025|2026|2026_06
iceman550787,artist,2025
iceschillendrig,character,2025
iceschillendrig_(cosplay),general,2025
icesky,artist,2025|2026|2026_06
icezipper,artist,2025
iceztiq,artist,2025
ichan-desu,artist,2025
ichi_isumi,artist,2025|2026|2026_06
ichi_no_sakura_oka_(module),general,2025
ichiba_c,artist,2025
ichigo-tan,artist,2025
ichigo_000,artist,2025
ichigo_100_percent,copyright,2025
ichigo_kanno,artist,2025
ichigogari_pi,artist,2025
ichigoprin15,artist,2026|2026_06
ichii_mairu,character,2025|2026|2026_06
ichijiku_kadenokouji,character,2025
ichijou_aona_(karaage_bou),character,2025
ichijouma_mankitsu_gurashi,copyright,2025|2026|2026_06
ichika_(ichi_ka0),artist,2025
ichika_hana,artist,2025
ichika_lucifer,artist,2025
ichikawa_ryunosuke,artist,2025
ichikura_kei,artist,2025
ichill_okuzaki,artist,2025
ichimiya,artist,2025
ichinisan326,artist,2026|2026_06
ichinomiya_kantaro,artist,2025
ichinose_kanade,artist,2025
ichiro_(ms_pigtails),character,2025|2026|2026_06
ichita_(yixisama-shihaohaizhi),artist,2025
icicle_crash,general,2025|2026|2026_06
ick0838,artist,2025
icksi,artist,2025|2026|2026_06
icy,artist,2025|2026|2026_06
icyymir,artist,2025|2026|2026_06
id_:invaded,copyright,2025
ida_kyoya,character,2025
ideura_shizuri_(neet_de_otaku_na_kunoichi_to_naze_ka_dousei_hajimemashita),character,2025
idijust,artist,2025|2026|2026_06
idol_corp,copyright,2025
idol_heart_brooch,general,2025
idol_mahjong_final_romance_2,copyright,2025|2026|2026_06
idol_uouzu,copyright,2025
idol_wars_z,copyright,2025|2026|2026_06
idola_avorn,character,2025
idola_avorn_(cosplay),general,2025
idolish7_(idolish7),general,2025|2026|2026_06
idsuru,artist,2025|2026|2026_06
idun_(benghuai_xueyuan),character,2025|2026|2026_06
idun_(norse_mythology),character,2025
ie_naki_ko,copyright,2025
ieasty11,artist,2026|2026_06
ienai_(hswm5323),artist,2025
ietaro00,artist,2025
if_you_want_to_become_a_godly_artist_(trend),general,2026|2026_06
ife_(meretseger),character,2025|2026|2026_06
iga,artist,2025
igafujino,artist,2025
igarashi_(skulligarashi),artist,2025
igarashi_futaba_(shiromanta),character,2025
igarashi_futaba_(shiromanta)_(cosplay),general,2025
igarashi_vistamp,general,2025
ignatov_numa,artist,2025|2026|2026_06
igni_tion,artist,2025|2026|2026_06
ignorabimus,artist,2025
igonik,artist,2025
igonnaswing,artist,2025
igor_artyomenko,artist,2025
igoshowgi,artist,2025
igulxxx,artist,2025
igurumi_00128,artist,2025|2026|2026_06
igurumi_4242564,artist,2025
igusa_paseri,artist,2025
iha_tobu,artist,2025
ihala_(kfgn2837),artist,2025|2026|2026_06
iharu_furuhashi,character,2025
ihei_hairu,character,2025
ii_naomasa,character,2025|2026|2026_06
ii_naotora,character,2025|2026|2026_06
iicecall,artist,2025|2026|2026_06
iiekahp,artist,2025
iiiiv.,artist,2025
iijima_isao,character,2025|2026
iim_qum,artist,2025
iio_uo,artist,2025
iiumiarts,artist,2025
iizuka_chisa,character,2025
iizuki_lilia,character,2025
ijkelly,artist,2025
ika,artist,2025
ika_(japaan_ikari),artist,2025
ika_(taiko_no_tatsujin),character,2026|2026_06
ika_shicomcom,artist,2025|2026|2026_06
ikachan,copyright,2025
ikachangenema,artist,2025|2026|2026_06
ikakko_shinobu,artist,2025
ikari,artist,2025
ikarin,artist,2025|2026|2026_06
ikarosu,artist,2025
ikazuchi_(jmsdf),general,2025|2026|2026_06
ikazuchi_(yukata_mode)_(kancolle),character,2025
ike_(emblem)_(fire_emblem),character,2025|2026|2026_06
ikeda_mana,artist,2025
ikedausao,artist,2025
ikenergi,artist,2025|2026|2026_06
ikesho0612,artist,2025|2026|2026_06
iketsuyang,artist,2025|2026|2026_06
ikhlh2,artist,2025|2026|2026_06
iki_(iyowa),character,2025|2026|2026_06
ikiki_gonbo,copyright,2026|2026_06
ikinarhythm,artist,2025
ikka_(bilibili_28683530),artist,2025|2026|2026_06
ikkei_(pop'n),character,2025
iko_(ico_ma2501),artist,2025
ikoria,general,2025
ikramelazhari,artist,2025
iks+,artist,2025|2026|2026_06
iku_(wtu6pma7),artist,2025|2026|2026_06
iku_aldena,artist,2025
ikuine_iku,character,2025|2026|2026_06
ikuno_dictus_(beloved_friends_get-together)_(umamusume),character,2025|2026|2026_06
ikuradon_tabeti,artist,2025
ikurage_(namakurage_13),artist,2025|2026|2026_06
ikutata_kanon,artist,2025
ikuyasu,artist,2025|2026
ikyo,artist,2025
il_2539,artist,2025
ilaria,artist,2025
ilbanseomin,artist,2025
ilchillilgong,artist,2025
ili_(ili104),artist,2025
ilikecookies2,artist,2025|2026|2026_06
iliope_l,artist,2025|2026|2026_06
iliza_lancaster,character,2025
illane,artist,2025|2026|2026_06
illaoi,character,2025|2026|2026_06
illbewaiting,artist,2025|2026|2026_06
illia_(honkai:_star_rail),character,2025
illicticsart,artist,2025
illu_zn,artist,2025
illuminati_office_lady_(april_fools_day),character,2025
illumination,general,2025|2026|2026_06
illusia_(tensei_shitara_dragon_no_tamago_datta),character,2025
illusionist_of_jongleurghoul,character,2025|2026|2026_06
illust_sucong,artist,2025|2026|2026_06
illustoekaki,artist,2025
illustratorneal,artist,2025|2026|2026_06
illyana_rasputina,character,2025
illyasviel_von_einzbern_(archer_install)_(cosplay),general,2025|2026|2026_06
illyasviel_von_einzbern_(choco_angel)_(cosplay),general,2025|2026|2026_06
illyasviel_von_einzbern_(dress_of_heaven)_(cosplay),general,2025|2026|2026_06
illyasviel_von_einzbern_(lancer_install)_(cosplay),general,2025|2026|2026_06
illyasviel_von_einzbern_(swimsuit_archer),character,2025
illyasviel_von_einzbern_(swimsuit_archer)_(cosplay),general,2025
illyasviel_von_einzbern_(swimsuit_archer)_(first_ascension)_(cosplay),general,2025|2026|2026_06
illyasviel_von_einzbern_(swimsuit_archer)_(second_ascension)_(cosplay),general,2025|2026|2026_06
illyasviel_von_einzbern_(type-moon_racing)_(cosplay),general,2025|2026|2026_06
iloforma,artist,2025
ilovelobco777,artist,2025
ilse_langner,character,2025|2026|2026_06
iltina_dana_strict,character,2025
ily_sakuya,artist,2025
im_(one_piece),character,2025
im_(one_piece)_(cosplay),general,2025
im_so_fucking_scared_(meme),general,2026|2026_06
image_in_speech_bubble,general,2025|2026|2026_06
image_in_thought_bubble,general,2025|2026|2026_06
imaginationcat26,artist,2026
imai_mizuki,artist,2025
imaiku_19,artist,2025
imas_poplinks,artist,2025|2026|2026_06
imavizard,artist,2025|2026|2026_06
imawano_hyou,character,2025
imawano_raizou,character,2025
imbel_md-97,general,2025
imcarbrrrrrrrr,artist,2026|2026_06
imhel1_1,artist,2025|2026|2026_06
imitater_(plants_vs_zombies),character,2025
imkyonyuu,artist,2025
immature_blue,artist,2025
imminent_face_licking,general,2025|2026|2026_06
imminent_insertion,general,2025
imminent_neck_licking,general,2025|2026|2026_06
imminent_nipple_licking,general,2025|2026|2026_06
imminent_stomping,general,2025|2026|2026_06
immorticia_(plants_vs_zombies_heroes),character,2025
immybisou,artist,2026|2026_06
imo,artist,2025|2026|2026_06
imoimoimori_ura,artist,2025|2026|2026_06
imoko_(neeko's_sister),character,2025|2026|2026_06
imoko_331,artist,2025|2026|2026_06
imomushi_(pixiv_9001433),artist,2025|2026|2026_06
imomuya,artist,2025
imoraisu_subu,artist,2026|2026_06
imotaro_gorira,character,2025
imotaro_gorira_(cosplay),general,2025
imouto_(karory),character,2025
imp_(plants_vs_zombies),character,2025
impaler,character,2025
imperial_one_(font),general,2025
impermanence_heron,character,2026
implied_anal,general,2025
implied_cum,general,2026|2026_06
implied_doggystyle,general,2025
implied_foreplay,general,2025
implied_gender_transitioning,general,2025
implied_self-mutilation,general,2025
impregnated,general,2025|2026
imprint_(font),general,2025
imtyousei,artist,2025|2026|2026_06
imu_(one_piece),character,2025|2026|2026_06
imu_(one_piece)_(cosplay),general,2026|2026_06
in_60min,general,2025|2026|2026_06
in_mouth,general,2025
in_shadow,general,2025|2026|2026_06
in_the_rose_garden_(ensemble_stars!),general,2025|2026|2026_06
ina397,artist,2025
inaba_haneru_(10th_costume)_(animare),character,2025|2026|2026_06
inaba_haneru_(11th_costume)_(animare),character,2026|2026_06
inaba_haneru_(1st_costume)_(animare),character,2025|2026|2026_06
inaba_haneru_(2nd_costume)_(animare),character,2025|2026|2026_06
inaba_haneru_(3rd_costume)_(animare),character,2025|2026|2026_06
inaba_haneru_(4th_costume)_(animare),character,2025|2026|2026_06
inaba_haneru_(5th_costume)_(animare),character,2025|2026|2026_06
inaba_haneru_(6th_costume)_(animare),character,2026|2026_06
inaba_haneru_(7th_costume)_(animare),character,2026|2026_06
inaba_haneru_(8th_costume)_(animare),character,2026|2026_06
inaba_haneru_(9th_costume)_(animare),character,2026|2026_06
inaba_haneru_(animare),character,2025|2026|2026_06
inaba_haneru_(animare)_(cosplay),general,2025|2026|2026_06
inaba_haneru_mama,character,2025|2026|2026_06
inaeda_kei,artist,2025|2026|2026_06
inagi_(christmas_mode)_(kancolle),character,2025
inagi_(halloween_mode)_(kancolle),character,2025
inagi_kai_ni_(christmas_mode)_(kancolle),character,2025
inahime,character,2025|2026|2026_06
inahime_(sengoku_musou),character,2025|2026|2026_06
inai,character,2025|2026|2026_06
inair,artist,2025|2026|2026_06
inaku,artist,2025
inamori_(tamacolle),character,2025
inanekochan_(artist),artist,2026|2026_06
inari_(benghuai_xueyuan),character,2025|2026|2026_06
inari_(user_ttmv5728),artist,2025
inari_one_(inari_yukari_edomurasaki)_(umamusume),character,2026|2026_06
inaro,artist,2025
inase,artist,2025|2026|2026_06
inazuma_(en-eins),character,2025
inazuma_(jmsdf),general,2025|2026|2026_06
inazuma_(yukata_mode)_(kancolle),character,2025
inbagzlzl,artist,2025
incarnation_(benghuai_xueyuan),character,2025|2026|2026_06
incognito_sus,artist,2026
incoming_attack,general,2025|2026|2026_06
incoming_bandaid,general,2025|2026|2026_06
incoming_fist_bump,general,2025|2026|2026_06
incoming_food,general,2025|2026|2026_06
incoming_forehead_flick,general,2025|2026|2026_06
incoming_headpat,general,2025|2026|2026_06
incoming_injection,general,2025|2026|2026_06
incoming_kick,general,2025|2026|2026_06
incoming_kiss,general,2025|2026|2026_06
incoming_pocky_kiss,general,2025|2026|2026_06
incoming_poke,general,2025|2026|2026_06
incoming_punch,general,2025|2026|2026_06
inconvenient_antlers,general,2025
independence_day_(1996_film),copyright,2025
indian,general,2025|2026|2026_06
indian_clothes,general,2025|2026|2026_06
indie_anime,copyright,2026
indigo_(module),general,2025
indigo_academy_uniform,general,2025
indigo_fox_(module),general,2025
indigo_pants,general,2025
indigo_shirt,general,2025
indra,character,2025|2026|2026_06
indra_(ambience_synesthesia)_(arknights),character,2025|2026|2026_06
indra_(benghuai_xueyuan),character,2025|2026|2026_06
indy_(pokemon),character,2026
ine_(vtuber),character,2025|2026|2026_06
inej,character,2025
ines_fujin_(all-time_fever)_(umamusume),character,2026|2026_06
inferno_phoenix,general,2025|2026|2026_06
inferno_rider,character,2026
infi-nut_(plants_vs_zombies),character,2025
inflatable_buttplug,general,2025|2026|2026_06
infra_red44,artist,2025
infusion_set,general,2026|2026_06
ing_sae,artist,2025
ingi07,artist,2025
ingward_(dark_souls),character,2025
ingyanggang_201,artist,2025
iniajeer,artist,2025
inis_(vtuber)_(white),character,2026|2026_06
initial_d_(2005_film),copyright,2025
injured_eye,general,2025
injured_tail,general,2025
injuu_seisen:twin_angels,copyright,2025
ink_01,artist,2025
inkbooba,artist,2025
inkershike,artist,2025|2026|2026_06
inknijiharaa,artist,2025|2026
inlay,general,2025|2026|2026_06
inner_frame,general,2025
inner_workings,general,2025
innerboob,general,2025
inno_(innoamp),artist,2025
innocence_(2004_film),copyright,2025
innocent_(module),general,2025
innofance,artist,2025|2026|2026_06
ino_eye,artist,2026|2026_06
ino_shinokawa,artist,2025|2026|2026_06
inoino_(neko_saffron),artist,2025
inokun_geek,artist,2025
inomo_0v0,artist,2025
inomori_(tamacolle),character,2025
inori_(artist),artist,2026|2026_06
inori_(benghuai_xueyuan),character,2025|2026|2026_06
inose_(murphy),artist,2025|2026|2026_06
inosisinoko24,artist,2025|2026|2026_06
inoue,artist,2025
inozi44,artist,2025|2026|2026_06
inpurezonbi_(synthesizer_v),copyright,2025
insaneisane,artist,2025
insect_background,general,2025
insect_cage,general,2025
insect_hair,general,2025
insect_hood,general,2025
insect_in_container,general,2025
insect_trap,general,2025
insectophilia,general,2025|2026|2026_06
insein_crazycat,artist,2025
insemination,general,2025
inside_object,general,2025|2026|2026_06
insidecrocodile,artist,2025|2026|2026_06
instagram-san,character,2025
instantaseternity,artist,2025
intblue_(sunnudagur),artist,2025
interface_headset,general,2025
interior,general,2025
international_bunny_day,general,2025
interviewers_(pokemon),character,2025
intrarectal_onahole_intercourse,general,2026|2026_06
intravaginal_onahole_intercourse,general,2026
inu_(togainu_no_chi),general,2025|2026|2026_06
inu_lin,artist,2025|2026|2026_06
inu_neko_inu,artist,2025
inu_no_huguri,artist,2025|2026|2026_06
inu_no_sakuya,copyright,2025
inu_tokage,artist,2025|2026|2026_06
inu_totemo,artist,2025|2026|2026_06
inuboe,artist,2025|2026|2026_06
inugami_korone_(8th_costume),character,2025
inugami_korone_(loungewear),character,2025
inui,character,2025|2026|2026_06
inui_toko_(2nd_costume),character,2025
inui_toko_(3rd_costume),character,2025
inui_toko_(4th_costume),character,2025
inui_toko_(5th_costume),character,2025
inui_toko_(6th_costume),character,2025
inui_toko_(7th_costume),character,2025
inui_toko_(8th_costume),character,2025
inujerr,artist,2025
inukun,artist,2025
inumaru_(dog.),artist,2025|2026
inunekokonenui,artist,2025
inuttm_sk,artist,2025
invader_ace,artist,2025|2026|2026_06
inventor,general,2025
inventory,general,2025
inverted_triangle_mouth,general,2026|2026_06
invess,general|character,2025|2026
investigator_(amelia_watson),character,2025
invicible_(wow),character,2025
invicta_solar,artist,2025|2026|2026_06
invisible_tentacle,general,2025|2026|2026_06
invisiblegentleman,artist,2025
invocation,character,2025|2026|2026_06
inyuu,artist,2026|2026_06
io_(cottie),artist,2025
io_(far_tattoo),character,2025
io_(megami_tensei),character,2025
ioeri,artist,2025
ioi_qq,artist,2025|2026|2026_06
ioleta_russell,character,2025|2026|2026_06
iolite_(personification),character,2025
iori_mokamoka,artist,2025
ioroi_renzu,character,2025
iosys_parody,general,2025
iotaectoplasm,artist,2025
iowa_(haregi_mode)_(kancolle),character,2025
iowa_(swimsuit_mode)_(kancolle),character,2025
iowa_state_flag,general,2026|2026_06
iox7y8wrsv7vhii,artist,2025
ip_police_tsuduki_chan,copyright,2025|2026|2026_06
ipad947064,artist,2025
ipengin,artist,2025
iplepee,artist,2025|2026
ippan_tsuka_otaku,artist,2025
ippeityann,artist,2025|2026|2026_06
ips_cells,general,2025
ipu,artist,2025
ira_(34112290),artist,2025
ira_(dokidoki!_precure),character,2025|2026|2026_06
iracebeth,character,2025
iraicheezz,artist,2025|2026|2026_06
irako_(christmas_mode)_(kancolle),character,2025
irako_(swimsuit_mode)_(kancolle),character,2025
iranian_army,general,2025|2026
iras17514,artist,2025|2026|2026_06
iravioliii,artist,2025|2026
irelia,character,2025|2026|2026_06
irelia_(cosplay),general,2025|2026|2026_06
irena_(escalation_heroines),character,2025|2026|2026_06
irene_(panpanirene),character,2025
irene_(starseed),character,2025|2026|2026_06
irene_lavazza,character,2025
irigoma_46,artist,2025|2026|2026_06
iriko_301,artist,2025|2026|2026_06
irina_kushu,character,2025
irina_kushu_(christmas_costume),character,2025
iriomot_aoneko,artist,2025
iris_heart,character,2025
iris_heart_(cosplay),general,2025
irish_mythology,copyright,2025|2026|2026_06
irisl,artist,2025|2026|2026_06
irisquot,artist,2025|2026|2026_06
irma_ingrid_(benghuai_xueyuan),character,2025|2026|2026_06
iro_(boo_iro),artist,2025
iro_hikasetsu,artist,2025|2026|2026_06
iro_na,general,2025
iroacairo,artist,2025|2026|2026_06
iroha_(nicoseiga97312726),artist,2025
iroha_natsume,character,2025
iroiro_(1616k_iro),artist,2025
irokawara_naomitsu,artist,2025
iromonia,artist,2025
iron_maiden_(benghuai_xueyuan),character,2025|2026|2026_06
ironashi_(pixiv34517100),artist,2025|2026|2026_06
irono_ha,artist,2025|2026|2026_06
ironplate,artist,2025
ironscrewy,artist,2025
irotsuku_monochrome,copyright,2025
irregular_nation,copyright,2025|2026|2026_06
irroi_arts,artist,2025
iruha_(littwick35),artist,2025
iruka_(id=1093358028794015744),artist,2025
iruru_(enosutasuke),artist,2025|2026|2026_06
irys_(succubus_affection),character,2025|2026|2026_06
is_aoto,artist,2025|2026|2026_06
isa_(hachinan_tte_sore_wa_nai_deshou!),character,2025
isa_(insaneisane),artist,2025
isaac_(brown_dust_2),character,2025|2026|2026_06
isabella_swan,character,2026|2026_06
isago_(sagognsn),artist,2025|2026|2026_06
isahnas,artist,2025
isamu_interiorn,artist,2025|2026|2026_06
isao_hayasshi,artist,2025
isc,artist,2025
ise_(jmsdf),general,2025|2026|2026_06
isei_(zhuanqi45),artist,2025
isekai_chouji_sensou,copyright,2025
isekai_de_gojiin_o_aita_kedo_naze_ka_darehitori_sudatou_to_shinai_ken,copyright,2025
ish_(limeariee),artist,2025|2026|2026_06
ishhi,artist,2025
ishibori_eregomos,artist,2025|2026|2026_06
ishida_(ishidam),artist,2025
ishida_mitsunari,character,2025|2026|2026_06
ishige_rie,artist,2025
ishigo,general,2025|2026
ishikawa_emi,artist,2025
ishikawa_kayoko,artist,2025
ishikawa_kazuto,artist,2025
ishikawa_ken_(illustrated),character,2025
ishikori-dome,character,2025|2026|2026_06
ishimura_reizi,artist,2025|2026|2026_06
ishiyumi,artist,2025
ishizaka_midori,character,2025|2026|2026_06
ishoku_hada,general,2025
ishtar_(fgo_x_lawson_2018)_(fate),character,2026|2026_06
ishtar_(fgo_x_lawson_2020)_(fate),character,2026|2026_06
ishtar_(fire_emblem)_(echoing_thunder),character,2025
ishtar_(formal_dress)_(fate)_(cosplay),general,2025|2026|2026_06
ishtar_(swimsuit_rider)_(fate)_(cosplay),general,2025|2026|2026_06
ishu_tani,artist,2025|2026|2026_06
ishukone_(eve_online),general,2025
isis_(benghuai_xueyuan),character,2025|2026|2026_06
iskandar_(third_ascension)_(fate),character,2025
isla_(tales_of_xillia),character,2025|2026|2026_06
iso,artist,2025|2026|2026_06
isonami_(photographer_mode)_(kancolle),character,2025
isonami_(train_conductor_mode)_(kancolle),character,2025
isoroku,artist,2025
isoty,artist,2025
israel_flag_bikini,general,2025|2026|2026_06
israel_putnam,character,2025|2026
issana,character,2025|2026
issho_(fujitora),character,2025
issin.,artist,2025|2026|2026_06
istasaaan,artist,2025
isuka_hakozaki,artist,2025
isuku_amako,artist,2025|2026|2026_06
isuzu_kai_ni_(swimsuit_mode)_(kancolle),character,2025
it,artist,2025
it's_not_you_sit_down,general,2025
it_has_to_be_this_way_(music),general,2026|2026_06
it_is_a_mystery,general,2025|2026|2026_06
ita_(1_oonly),artist,2025|2026|2026_06
ita_(roh_anima),character,2025
itadakimasu_art,artist,2025
itadori_yuuji,character,2025|2026|2026_06
itadori_yuuji_(cosplay),general,2025|2026|2026_06
itai,character,2025|2026|2026_06
italia_(swimsuit_mode)_(kancolle),character,2025
italia_(valentine's_mode)_(kancolle),character,2025
itchy_&_scratchy,copyright,2025|2026|2026_06
itidonido,artist,2025
itigokuruiza,copyright,2025|2026|2026_06
itininosub,artist,2025
itisdoibs,artist,2025
ito,artist,2025|2026|2026_06
ito_emiho,character,2025|2026|2026_06
ito_kunio,character,2025|2026|2026_06
ito_ryoma,artist,2025
ito_san135,artist,2025|2026|2026_06
ito_yoshiyuki,artist,2025
itoh_(doukutsu_monogatari),character,2025
itoh_mamoru,artist,2025
itoi_box,artist,2025|2026|2026_06
itoito,artist,2025
itokazutaiga,artist,2025
itokei,artist,2025
itomaki-toi,artist,2025
itommy,artist,2025
itoriyo,artist,2025|2026|2026_06
itosugijou,artist,2025|2026|2026_06
itosuzu_huuro,character,2025|2026|2026_06
itota_art,artist,2025
itou_boh,artist,2025
itou_korosuke,artist,2025
itou_setsuo,artist,2025
its_still_kuno,artist,2025|2026|2026_06
its_tsuica,artist,2026|2026_06
itsbearvt,character,2025|2026|2026_06
itsmaybesuyo,artist,2026|2026_06
itsokogi,artist,2025
itsuka_(pixiv90988220),artist,2025|2026|2026_06
itsuka_shidou,character,2025
itsuki_(digimon),character,2025
itsuki_(ms_pigtails),character,2025|2026|2026_06
itsuko_(hell_o_hevean),artist,2025
itsutaa,artist,2025
itta_obujekuto,artist,2025
ittan-momen,character,2025
iue_(artist),artist,2025|2026|2026_06
iuew,artist,2025
ivancyxic,artist,2025
ivern,character,2025|2026|2026_06
ivizard93,artist,2025
ivolisa,artist,2025
ivorywraith-nightlight,artist,2026|2026_06
ivy-alive,artist,2025
ivy_cat's-eye_(module),general,2025
ivy_phantom_(module),general,2025
ivy_tomcat_(module),general,2025
ivya_(benghuai_xueyuan),character,2026|2026_06
iwabuchi501,artist,2025|2026|2026_06
iwaida_kaho,artist,2025
iwaki_saori,artist,2025
iwaly404,artist,2025
iwasaki_masahiro,artist,2025
iwasaki_shouta,artist,2025
iwasaki_youko,artist,2025
iwasawa_shiuri,artist,2025
iwase2n,artist,2025
iwasi_29,artist,2025|2026|2026_06
iwonn,artist,2025
ix_elizabetta,character,2025
ix_freesia,artist,2026|2026_06
ixerx,artist,2025
ixjackiexx,artist,2025
ixs_(kuro_no_kiseki),character,2025
iya_maid,character,2025|2026|2026_06
iyaa_hhhh18,artist,2025
iyojic,artist,2025|2026|2026_06
izanagi_(uchi_no_hime-sama),character,2025
izave,artist,2025|2026|2026_06
izayoi_sounosuke,character,2025
izayoi_sounosuke_(cosplay),general,2025
izefia938,artist,2025
izukoatami,artist,2025|2026|2026_06
izumi_(ezzm3832),artist,2025|2026|2026_06
izumi_(nangoku_sodachi),character,2025|2026|2026_06
izumi_hina_(neet_de_otaku_na_kunoichi_to_naze_ka_dousei_hajimemashita),character,2025
izumi_iko,artist,2025
izumi_nekotsuki,artist,2025
izumi_riko,character,2025
izumi_yuki_(heaven_burns_red),character,2025|2026|2026_06
izumiico,artist,2025
izumikuma,artist,2025
izuminanase,artist,2025
izumino_820,artist,2026|2026_06
izuminokami_kanesada,character,2026
izumiyuhina,artist,2025
izunome,character,2025|2026|2026_06
izuru_hino,character,2025|2026|2026_06
izuu_min,artist,2025
izuya_ww,artist,2025
j-warf,artist,2025
j.ho,artist,2025
j30_gn,artist,2025
j_coeb,artist,2025|2026|2026_06
ja-punkster,artist,2025|2026|2026_06
jabber_wongar,character,2025
jabob_grimm_(grimms_notes),character,2025
jack-o'-lantern_weapon,general,2025
jack31233,artist,2026
"jack_(""good_child"")_(identity_v)",character,2025|2026|2026_06
jack_(doukutsu_monogatari),character,2025
jack_armstrong_(font),general,2025
jack_howl_(birthday_boy),character,2025
jack_stand,general,2025
jack_the_ripper_(a_moment_of_silence)_(fate)_(cosplay),general,2025
jack_the_ripper_(berserker)_(fate),character,2025
jack_the_ripper_(little_little_bullet)_(fate),character,2026|2026_06
jack_the_ripper_(summer_little)_(fate)_(cosplay),general,2025
jacker,general,2025
jacket_over_dress,general,2026|2026_06
jacket_under_skirt,general,2026|2026_06
jackfreak1994,artist,2025
jackie-kawaii,artist,2025
jacky_(288210),artist,2025
jacky_knee-san,artist,2025
jacob_jones,character,2025
jacobv,artist,2025
jacques_de_molay_(foreigner)_(method_to_walk_on_the_stars)_(fate),character,2025
jacques_de_molay_(foreigner)_(third_ascension)_(fate)_(cosplay),general,2025
jade_fusion_(steven_universe),character,2025
jade_leech_(apprentice_chef),character,2025
jade_leech_(birthday_boy),character,2025
jade_leech_(birthday_jacket),character,2025
jae.ashlee,artist,2025
jae_haru,artist,2025|2026
jaffar_(grimms_notes),character,2025|2026|2026_06
jagariko,general,2025
jagd_hund_(grimms_notes),character,2026|2026_06
jaguar_print,general,2025
jaguarman_(third_ascension)_(fate)_(cosplay),general,2025
jaimerun,artist,2026|2026_06
jaimiee,artist,2025
jake.jr_(adventure_time),character,2025
jake_murray,artist,2025
jakedaknight,artist,2025
jakelovesswomen,artist,2025|2026|2026_06
jakfldk2,artist,2025
jako_gnsn,artist,2025
jakob_(genshin_impact),character,2025
jakoukyoku,artist,2025|2026|2026_06
jakuichi_e,artist,2025
jalapeno_(plants_vs_zombies),character,2025
jalbhenn,artist,2025
jam_jam_odoro,artist,2025
jamato_(kamen_rider_geats),character,2025|2026|2026_06
jamato_rider,character,2025|2026|2026_06
james_buchanan_barnes,character,2025
james_moriarty_(archer)_(fgo_fes._2023)_(fate),character,2025
james_moriarty_(fgo_x_pasela_resorts)_(fate),character,2026|2026_06
james_moriarty_(gray_collar)_(fate)_(cosplay),general,2025|2026|2026_06
james_moriarty_(ruler)_(dream_portrait)_(fate),character,2025
james_moriarty_(ruler)_(winter_party)_(fate),character,2025
james_pardee,artist,2025
jamesloves_art,artist,2025|2026|2026_06
jamiedraws,artist,2025|2026|2026_06
jamil,character,2025
jamil_(magi_the_labyrinth_of_magic),character,2025
jamil_viper_(birthday_boy),character,2025
janelvalle,artist,2025
janet_vanrock,character,2025
jang_schna,character,2025|2026|2026_06
jankajanka2018,artist,2025
janna_(league_of_legends),character,2025|2026|2026_06
janome,character,2025|2026
janoukyo19,artist,2025|2026|2026_06
januslad,artist,2025
japamatic,artist,2025
japanese_badger_(kemono_friends_guidebook),character,2025
japanese_quince,general,2025|2026|2026_06
japari_symbol_print,general,2025|2026|2026_06
japasu,artist,2025|2026|2026_06
japu_(pu_san_love),artist,2025
jar-jar_binks,character,2025
jara_(arknights),character,2025
jaralloart,artist,2025|2026|2026_06
jared_(subway),character,2025
jareun,artist,2025
jarvan_iv_(league_of_legends),character,2025|2026|2026_06
jashinslayer,artist,2025|2026
jason_(constellor),character,2025
jason_(forsaken),character,2025
jason_(forsaken)_(cosplay),general,2025
jason_(grand_theft_auto),character,2025
jason_bourne_(film),copyright,2026
jason_scott_(remake),character,2025
jasper_(post-corruption)_(steven_universe),character,2026|2026_06
jasper_(species)_(steven_universe),general,2026|2026_06
jasumin_cha,artist,2025
javelin_(autumn_mode)_(kancolle),character,2025
javier_martinez_correa,artist,2025
javol_kopiy,general,2026|2026_06
jawbreakers,general,2025|2026|2026_06
jax_(league_of_legends),character,2025|2026|2026_06
jay_j05,artist,2025|2026|2026_06
jayce_(league_of_legends),character,2025|2026|2026_06
jayden_(brown_dust_2),character,2025|2026|2026_06
jayllustrates,artist,2025
jazz9207,artist,2025
jazzy,character,2025
jcnjulian,artist,2025
jd_onsen._eroero_dynamite_joshi_daisei_to_no_onsen_seikatsu.,copyright,2025
jds_asashio_(ss-562),general,2026|2026_06
jeanne_(gerd),character,2025
jeanne_d'arc_(a_perfect_new_year)_(fate),character,2026|2026_06
jeanne_d'arc_(april_magical)_(fate)_(cosplay),general,2025|2026|2026_06
jeanne_d'arc_(capsule_servant)_(fate)_(cosplay),general,2025|2026|2026_06
jeanne_d'arc_(distant_pilgrimage)_(fate),character,2025
jeanne_d'arc_(fgo_x_pasela_resorts)_(fate),character,2026|2026_06
jeanne_d'arc_(girl_from_orleans)_(fate)_(cosplay),general,2025|2026|2026_06
jeanne_d'arc_(happy_x3_order)_(fate),character,2026|2026_06
jeanne_d'arc_(lostroom_outfit)_(fate)_(cosplay),general,2025
jeanne_d'arc_(mystery_treasure)_(fate)_(cosplay),general,2025
jeanne_d'arc_(ruler)_(fate)_(cosplay),general,2025|2026|2026_06
jeanne_d'arc_(swimsuit_archer)_(fate),character,2025
jeanne_d'arc_(swimsuit_archer)_(fate)_(cosplay),general,2025
jeanne_d'arc_(swimsuit_archer)_(first_ascension)_(fate)_(cosplay),general,2025|2026|2026_06
jeanne_d'arc_(swimsuit_archer)_(second_ascension)_(fate)_(cosplay),general,2026|2026_06
jeanne_d'arc_(third_ascension)_(fate)_(cosplay),general,2025|2026|2026_06
jeanne_d'arc_(type-moon_racing)_(fate)_(cosplay),general,2025|2026|2026_06
jeanne_d'arc_(white_cruising)_(fate)_(cosplay),general,2025|2026|2026_06
jeanne_d'arc_alter_(avenger)_(fate)_(cosplay),general,2025|2026|2026_06
jeanne_d'arc_alter_(avenger)_(third_ascension)_(fate)_(cosplay),general,2025
jeanne_d'arc_alter_(fgo_x_takarazuka_kinen)_(fate),character,2026|2026_06
jeanne_d'arc_alter_(mystery_treasure)_(fate)_(cosplay),general,2025
jeanne_d'arc_alter_(ver._shinjuku_1999)_(fate)_(cosplay),general,2025|2026|2026_06
jeanne_de_leblan,character,2025|2026|2026_06
jeannie_(mario_+_rabbids),character,2025|2026|2026_06
jedd,character,2025|2026|2026_06
jeff_albertson,character,2025|2026|2026_06
jeff_hung,artist,2025
jehanaruto13,artist,2025
jehanne_d'arc,character,2025|2026|2026_06
jehovah_(bible),character,2025|2026|2026_06
jekyll_and_hyde_(fgo_fes._2019)_(fate),character,2025
jekyll_and_hyde_(noisy_obsession)_(fate),character,2025
jekyll_and_hyde_(you_after_the_rain)_(fate),character,2025
jelly_(pluvioprince),artist,2025
jelly_(roco_kingdom:world),character,2026
jelly_doughnut_(food),general,2025
jelly_fish,artist,2025
jelly_hoshiumi_(2nd_costume),character,2025|2026|2026_06
jelly_hoshiumi_(3rd_costume),character,2025|2026|2026_06
jelly_pop_beans,general,2025
jellyfish_(spongebob_squarepants),character,2025
jemma,artist,2025|2026|2026_06
jen_(mecome96),artist,2025|2026|2026_06
jenet_behrn,character,2025
jenet_behrn_(cosplay),general,2025
jenga_(character),character,2025|2026
jenice,character,2025|2026|2026_06
jenjamik,artist,2025
jennifer_hernandez,artist,2026
jenny_(pokemon),character,2025|2026|2026_06
jenny_(pokemon)_(cosplay),general,2025|2026|2026_06
jenowinder,artist,2025
jeny_(duel_masters),character,2025
jeomona,artist,2025
jerkdouglas,artist,2026|2026_06
jerome_097,character,2025|2026|2026_06
jerry_(totally_spies),character,2025|2026|2026_06
jersey_(module),general,2025
jerukperaz,artist,2025
jessica's_outfit,general,2025|2026|2026_06
jessica_(kuzukago),character,2025|2026|2026_06
jessica_elwood,artist,2025
jessica_schwartz,character,2025
jessicattios,artist,2025
jessjadejess,artist,2025|2026|2026_06
jesssssid,artist,2025|2026
jesterromut,artist,2025|2026
jet,general,2025
jetix-tan,character,2025
jetto_(pixiv130203),artist,2025
jeungi,artist,2025
jevsk,artist,2025
jewel_(umamusume),general,2025
jeweled_lotus_(mtg),general,2025
jewelvtuber_(artist),artist,2025|2026
jewish,general,2025|2026|2026_06
jezebel,character,2025|2026|2026_06
jh,artist,2025|2026|2026_06
jhaysie,artist,2025|2026|2026_06
jhin,character,2025|2026|2026_06
jhin_(cosplay),general,2025|2026|2026_06
jhin_0215,artist,2025
jhmv3547,artist,2025|2026|2026_06
jhon_trick,artist,2025|2026|2026_06
jhyu0418,artist,2025
ji_gudi,artist,2025
ji_nian,artist,2025|2026|2026_06
ji_ou_ou,artist,2025
ji_wo_tuo_si_bai_huo,artist,2025
ji_yuuyuu,artist,2025|2026|2026_06
jia_(zyesumire44315),artist,2025
jia_chong,character,2025
jia_family_(identity)_(project_moon),general,2026|2026_06
jia_xiao,artist,2025
jia_xu,character,2025|2026
jian_1016,artist,2025|2026|2026_06
jiang_beixi,character,2025|2026|2026_06
jiang_man_(meng_po),character,2025
jiang_xitong,character,2026|2026_06
jiang_ziya_(eiyuu_senki),character,2025|2026|2026_06
jiang_ziya_(film),copyright,2025
jiangkang_meizi,artist,2025
jiao_zhi_straight,artist,2025|2026|2026_06
jiaolebao,artist,2026|2026_06
jiayi,artist,2025
jiayulong,artist,2025
jiban_(character),character,2025|2026|2026_06
jichou_senshi,artist,2025|2026|2026_06
jidianzhonglingqiuninle,artist,2025|2026|2026_06
jidou_hanbaiki_ni_umarekawatta_ore_wa_meikyuu_wo_samayou,copyright,2025
jidu_que_mi_de_xiao_caocao,artist,2025
jie_bao_dajiji,artist,2025
jiege,artist,2025
jiejiejiejiejie993,artist,2025|2026|2026_06
jigoku_no_tsukai,character,2025
jigoku_no_tsukai_(cosplay),general,2025
jiguang_zhi_aoluola,artist,2025|2026|2026_06
jijimemecat,artist,2025
jijitetokaikui,artist,2025
jikanme_no_venus,copyright,2025|2026
jikiru_haido,character,2025
jikochuu_(dokidoki!_precure),character,2025|2026|2026_06
jikongmingxi_suliuguang,artist,2025
jikuno,artist,2025|2026|2026_06
jikuuin_joubu,character,2025|2026|2026_06
jilanzhijing,artist,2026|2026_06
jill_sandwich_(meme),general,2025
jim_beattie,artist,2025|2026
jimi_kyonyuu_megane_(96nokimihito),character,2025
jimiee2022,artist,2025|2026
jimip,artist,2025
jimmy2929,artist,2025|2026|2026_06
jimmy_(harvester),character,2025
jin_(jjj),artist,2025|2026|2026_06
jin_enjoji,character,2025
jin_grey_paladin,artist,2025|2026|2026_06
jin_jian,artist,2025|2026|2026_06
jin_jiao,character,2025|2026|2026_06
jin_woo_choi,artist,2025
jin_xi_liu,artist,2025
jin_yuyao_(queen_mother),character,2025
jinchuangen,artist,2025
jinchuanue_(sakeyyyy),artist,2025
jing-geul,artist,2025
jing_(0155498),artist,2025
jing_(wangzhe_rongyao),character,2025|2026|2026_06
jing_ke_(secret_company_assassin)_(fate),character,2026|2026_06
jing_shu,artist,2025
jing_zhi_(mirage1999),artist,2025|2026|2026_06
jingei_(christmas_mode)_(kancolle),character,2025
jingei_(halloween_mode)_(kancolle),character,2025
jingei_(haregi_mode)_(kancolle),character,2025
jingei_(race_queen_mode)_(kancolle),character,2025
jingei_(spring_mode)_(kancolle),character,2025
jingei_(swimsuit_mode)_(kancolle),character,2025
jingei_(yukata_mode)_(kancolle),character,2025
jingi43305902_(snack),artist,2025|2026|2026_06
jingle_abel_meuniere_(filler_flowers),character,2026|2026_06
jingle_abel_meuniere_(gof_special),character,2026|2026_06
jingle_abel_meuniere_(retravel),character,2026|2026_06
jingle_abel_meuniere_(sunday_dinner),character,2026|2026_06
jingle_abel_meuniere_(team_phoenix),character,2026|2026_06
jingle_bell_tail,general,2025|2026|2026_06
jingmang,artist,2025
jingwei,character,2025
jingxin_zhi_yun,artist,2025
jingzhaowhale,artist,2025|2026|2026_06
jinhongnabi,artist,2025|2026|2026_06
jinmakoto1,artist,2025
jinmennmen,artist,2025|2026|2026_06
jinmuxi_(user_pvha4443),artist,2025|2026|2026_06
jinnai_kyosuke,character,2025|2026|2026_06
jinnichirou,artist,2025
jinrou,artist,2025
jinsei_life,artist,2025
jinsoulsan,artist,2025
jinsuono_shenqi,artist,2025
jintian_gan_qi_wan_fan,artist,2026|2026_06
jintiandeminghunyijiuxianyu,artist,2025|2026|2026_06
jintianyeshibaikaishui,artist,2025|2026|2026_06
jintsuu_(swimsuit_mode)_(kancolle),character,2025
jinx_(league_of_legends),character,2025|2026|2026_06
jinx_(league_of_legends)_(cosplay),general,2025|2026|2026_06
jiro_azuma,character,2025
jirooo_2,artist,2025|2026
jirou_mika,character,2025
jishaku,artist,2025
jisi_si,artist,2025
jitsuni_ii_i,artist,2025
jiu_mi_hun_miao_ji,artist,2025
jiu_qiansui,artist,2025|2026|2026_06
jiulian,artist,2025|2026
jiumaoling,artist,2025
jiushi_shijiu,artist,2025|2026|2026_06
jiutiaoguang,artist,2025|2026|2026_06
jiuweihu,general,2025|2026|2026_06
jiwoo_(girl_crush),character,2025|2026|2026_06
jiwoo_owo9,artist,2025
jixing,artist,2025|2026|2026_06
jixizi703,artist,2025|2026|2026_06
jiyamig,artist,2026|2026_06
jj,artist,2025
jj7_yuki,artist,2026|2026_06
jj_(artist),artist,2025
jjba_kk,artist,2025|2026|2026_06
jji_gtk,artist,2025|2026|2026_06
jjirit_96,artist,2025
jjkf2874,artist,2025|2026|2026_06
jjoail,artist,2025
jksfs,artist,2025
jnpz,artist,2025
jo05156,artist,2025|2026|2026_06
jo_gul_(return_of_the_mount_hua_sect),character,2025
joaquin_martinez,artist,2026
joazzz2,artist,2026|2026_06
jobs,character,2025|2026|2026_06
jobs_(crazy_raccoon),character,2026
jobureka,artist,2025|2026|2026_06
jodytsengart,artist,2025|2026|2026_06
joel_gear,character,2025|2026|2026_06
joey_(dead_by_daylight),character,2025
johanna_(persona_5),character,2025
john31533733105,artist,2025|2026|2026_06
john48625555mkii,artist,2025
john_a_zoidberg,character,2025|2026|2026_06
john_berkey,artist,2025
john_dimayuga,artist,2025|2026|2026_06
john_f._kennedy,character,2025|2026|2026_06
john_f._kennedy_(cosplay),general,2025|2026|2026_06
john_smith_(cid_kagenou),character,2025|2026|2026_06
john_walker,character,2025
john_walker_(cosplay),general,2025
john_wallin_liberto,artist,2025
johnny_joestar's_pose_(jojo),general,2025|2026|2026_06
johnston_(halloween_mode)_(kancolle),character,2025
johnston_(haregi_mode)_(kancolle),character,2025
johnston_(swimsuit_mode)_(kancolle),character,2025
johnston_(wa_waitress_mode)_(kancolle),character,2025
johnston_kai_(swimsuit_mode)_(kancolle),character,2025
joi_official,copyright,2025
jojimageorgenft,artist,2025|2026|2026_06
jojoyu91360361,artist,2025|2026|2026_06
joker_(fu'un),character,2025|2026|2026_06
joker_(persona_5)_(cosplay),general,2025
joker_(smile_precure!),character,2025|2026|2026_06
joker_(smile_precure!)_(cosplay),general,2025|2026|2026_06
joko_jmc,artist,2025
jolda_(kuro_no_kiseki),character,2025
joli-oeur_(ie_naki_ko_remi),character,2025
jolly,character,2025|2026|2026_06
jonaart,artist,2025
jonah_marshall_(mandela_catalogue),character,2026
jonaspikun6,artist,2025|2026|2026_06
jonathan_joestar's_pose_(jojo),general,2025|2026|2026_06
jonboy2312,artist,2025
jong_yoon_(return_of_the_mount_hua_sec),character,2025
jonglopoggyeog1,artist,2026|2026_06
jontaigus,artist,2025
jora-bora,artist,2025
jord,character,2025
jorei,character,2025|2026|2026_06
jorenran,general,2026
jorge_cabellos,artist,2025|2026
jorge_m_velez,artist,2025
joringel_(tenku)_(grimms_notes),character,2025|2026|2026_06
jorunnav,character,2025|2026|2026_06
jos_lolita,general,2025
jose32551,artist,2025
jose_rodriguez,character,2025|2026
jose_tomas,artist,2025
josef,character,2025|2026|2026_06
joseph_(gospels)_(bible),character,2025
"joseph_desaulniers_(""ambassador"")",character,2025|2026|2026_06
"joseph_desaulniers_(""amber"")",character,2026|2026_06
"joseph_desaulniers_(""tyrant"")",character,2025|2026|2026_06
joseph_joestar's_pose_(jojo),general,2025|2026|2026_06
josephine_(uchi_no_hime-sama_ga_ichiban_kawaii),character,2025
josette,character,2025|2026|2026_06
josh_(that-bleach-fan),artist,2025
josh_anarky,artist,2025
josh_lesnick,artist,2025
joshik_ank,artist,2025|2026|2026_06
joshimatsuji,artist,2025|2026|2026_06
joshmckelvey,artist,2025
joshuadunlop,artist,2025
jou_(15388646),artist,2025
jougasaki_noa,character,2025
jounji,artist,2025
joutarou,artist,2025
jouzai_(song),copyright,2025|2026|2026_06
joy_(pokemon),character,2025|2026|2026_06
joy_(pokemon)_(cosplay),general,2025|2026|2026_06
joy_boy,artist,2025
joy_emoji,general,2025|2026|2026_06
joy_fufu,character,2026|2026_06
joycelyn_ong,artist,2025
joyeuse_(crosscore),character,2025|2026|2026_06
jozu,character,2025
jp4g6kfhb842057,artist,2026|2026_06
jp_mrldoll_yy,artist,2025
jpeg_artifacts_on_purpose,general,2025|2026|2026_06
jperrott123,artist,2025
jpl-animation,artist,2025
jpt_arts,artist,2025|2026|2026_06
jpyee48,artist,2025
jq,artist,2025
jrcp4372,artist,2025
jrrwindsaor,artist,2025|2026|2026_06
js_abukuma_(kancolle),character,2025|2026|2026_06
js_akebono_(kancolle),character,2025|2026
js_akizuki_(kancolle),character,2025|2026|2026_06
js_amatsukaze_(kancolle),character,2025|2026
js_ariake_(kancolle),character,2025|2026|2026_06
js_asahi,general,2025
js_asakaze_(kancolle),character,2025|2026|2026_06
js_asashio_(harushio-class)_(kancolle),character,2025
js_asashio_(kancolle),character,2025
js_ashigara_(kancolle),character,2025|2026|2026_06
js_atago_(kancolle),character,2025|2026|2026_06
js_ayanami,general,2025
js_chihaya,general,2025|2026|2026_06
js_chiyoda_(kancolle),character,2025|2026|2026_06
js_chougei_(kancolle),character,2025|2026|2026_06
js_choukai_(kancolle),character,2025|2026|2026_06
js_fuyutsuki_(kancolle),character,2025|2026|2026_06
js_haguro_(kancolle),character,2025|2026|2026_06
js_haruna_(kancolle),character,2025|2026|2026_06
js_harusame_(2nd)_(kancolle),character,2025|2026|2026_06
js_hatakaze_(kancolle),character,2025|2026|2026_06
js_hatsuyuki_(kancolle),character,2025|2026|2026_06
js_hibiki_(kancolle),character,2025|2026|2026_06
js_hiei_(kancolle),character,2025|2026|2026_06
js_hyuuga,general,2025|2026|2026_06
js_hyuuga_(kancolle),character,2025|2026|2026_06
js_ikazuchi_(ikazuchi-class)_(kancolle),character,2025|2026|2026_06
js_ikazuchi_(murasame-class)_(kancolle),character,2025|2026|2026_06
js_inazuma_(ikazuchi-class)_(kancolle),character,2025|2026|2026_06
js_inazuma_(murasame-class)_(kancolle),character,2025|2026|2026_06
js_ise_(kancolle),character,2025|2026|2026_06
js_izumo_(azur_lane),character,2025|2026
js_izumo_(kancolle),character,2025|2026|2026_06
js_jingei_(kancolle),character,2025|2026|2026_06
js_kaga_(azur_lane),character,2025|2026|2026_06
js_kaga_(kancolle),character,2025|2026|2026_06
js_katori_(kancolle),character,2025|2026|2026_06
js_kirishima_(kancolle),character,2025|2026|2026_06
js_kitakami_(kancolle),character,2025|2026|2026_06
js_kongou,general,2025|2026|2026_06
js_kongou_(kancolle),character,2025|2026|2026_06
js_kumano_(kancolle),character,2025|2026|2026_06
js_maya_(kancolle),character,2025|2026|2026_06
js_mogami_(kancolle),character,2025|2026|2026_06
js_murakumo_(kancolle),character,2025|2026|2026_06
js_murasame,general,2025
js_myoukou_(kancolle),character,2025|2026|2026_06
js_noumi_(kancolle),character,2025|2026|2026_06
js_ooi_(kancolle),character,2025|2026|2026_06
js_ooshio_(kancolle),character,2025|2026|2026_06
js_samidare_(kancolle),character,2025|2026|2026_06
js_sawagiri_(kancolle),character,2025|2026|2026_06
js_sendai_(kancolle),character,2025|2026|2026_06
js_shiranui_(kancolle),character,2025|2026|2026_06
js_souryuu,general,2025|2026|2026_06
js_souryuu_(kancolle),character,2025|2026|2026_06
js_suzutsuki_(kancolle),character,2025|2026|2026_06
js_taigei_(kancolle),character,2025|2026|2026_06
js_takanami_(kancolle),character,2025|2026|2026_06
js_teruzuki,general,2025|2026|2026_06
js_teruzuki_(kancolle),character,2025|2026|2026_06
js_unryuu_(kancolle),character,2025|2026|2026_06
js_yahagi_(kancolle),character,2025|2026|2026_06
js_yukikaze_(kancolle),character,2025|2026|2026_06
js_yuubari_(kancolle),character,2025|2026|2026_06
js_yuudachi_(1st)_(kancolle),character,2025|2026|2026_06
js_yuudachi_(2nd)_(kancolle),character,2025|2026|2026_06
jsknomal,artist,2025
jsm_100,artist,2025|2026|2026_06
jtcw8253,artist,2025
jtooner_(pixiv_63486063),artist,2025
jts_imas,artist,2025
juan_arrabel_hernandez,artist,2025
juan_miguel_collado,artist,2025
juan_salvador_escobar,artist,2025
jubjubjedi,artist,2025|2026|2026_06
jubjujedi,artist,2025
judaru,artist,2025
judas,character,2025
judge_the_hard,character,2025
judgement_(module),general,2025
judgement_dragon,character,2025
judgment_(tarot),general,2025
judith_(benghuai_xueyuan),character,2025|2026|2026_06
judith_ranster,character,2025
judith_ranster_(cosplay),general,2025
jue_leo_li,artist,2025
jue_qu_ling,artist,2025|2026|2026_06
jue_qu_ling_di_yi_ke_ai_tu_bao,artist,2025|2026|2026_06
juhcreates,artist,2025|2026|2026_06
jujeong,artist,2025|2026
juju_f18,artist,2025|2026|2026_06
jujuba's_mom,character,2026
jujutsu_kaisen_mojuro,copyright,2026|2026_06
jukebox_priest_(mechanical_buddy_universe),character,2025
jules,artist,2025|2026|2026_06
julia_(idolmaster)_(meteor_bright_star),character,2025
julia_(punk)_(idolmaster),character,2026|2026_06
julia_gonzalez,artist,2025|2026
julia_lepitt,artist,2025|2026|2026_06
julian_(joryp9),artist,2025
julian_naul,character,2025|2026|2026_06
julian_vanist,artist,2025
julius_cowan,artist,2025
julius_quignard,character,2025|2026|2026_06
juliya,character,2025
july_sp,artist,2025|2026|2026_06
jumbo,character,2025|2026|2026_06
jump_2_stars_(idolmaster),general,2025|2026|2026_06
jump_square,copyright,2025|2026|2026_06
jumping_flash,copyright,2025
jun'iku,character,2025
jun'iku_(cosplay),general,2025
jun_(rand),artist,2025
jun_galaxyrun,artist,2025
junako,artist,2025|2026|2026_06
junco,artist,2025
june_(vnxg2738),artist,2025
junedxu,artist,2025
junggeun_yoon,artist,2026|2026_06
jungsae,artist,2025|2026|2026_06
juni_(sakura_fox_adventure),character,2025
junichi_alter,artist,2025
junichiroro,artist,2025
junil-owl,artist,2025
juninho_albert,artist,2025|2026|2026_06
junior_(film),copyright,2025
juniper_(gomulgong),character,2026|2026_06
junipershiki,artist,2025
junjam,artist,2025|2026|2026_06
junki_(powdur),character,2025
junko_(touhou)_(fox),character,2025|2026|2026_06
junnichi,artist,2025
juno_(megami_tensei),character,2025
juno_bernal,character,2025
junseok_kwon,artist,2025
junshin_miracle_100_percent,copyright,2025
juri-arima,artist,2025
juse_(simasmasi),artist,2025
just-a-drawing-cat,artist,2025
just98,artist,2025|2026|2026_06
just_shoes,general,2025
justcalorline01,artist,2025|2026|2026_06
justin_(arknights),character,2025
justin_chan,artist,2025
justin_m._durden,artist,2025|2026|2026_06
justine_(counter:side),character,2025
juu_roku_gen,artist,2025|2026|2026_06
juuen,artist,2025|2026|2026_06
juufuu_&_hiori,artist,2025
juuhachi_kin_(anthonyy1821),artist,2025
juujjuli,artist,2025|2026|2026_06
juuliew,artist,2025
juvenile_animal,general,2025|2026|2026_06
juya,artist,2025
juyamaru_(zooerastia),artist,2025
juyun_(sangyufeiwan697),artist,2025
juzi900505,artist,2025|2026|2026_06
juzizhixiang,artist,2025
jw,artist,2025
jwetefmgyvhlxqn,artist,2025
jyahnar_(benghuai_xueyuan),character,2025|2026|2026_06
jyaraya,artist,2025
jyeri_(pgi6798),artist,2025|2026|2026_06
jyouzenjyakusui,artist,2025
jyuri,artist,2025
jyutei_senki,copyright,2025
jzzdq,artist,2025
k'sante_(league_of_legends),character,2025|2026|2026_06
k-arena,general,2025
k-artworks,artist,2025
k-n,artist,2025|2026|2026_06
k-nashi,artist,2025|2026|2026_06
k._ohnishi,artist,2025
k.f.d.,artist,2025
k/a,artist,2025
k/da_all_out_seraphine,character,2025
k0a,artist,2025|2026|2026_06
k0debreaker,artist,2025
k12ioo,artist,2025
k27i7n,artist,2026|2026_06
k2aor,artist,2025|2026|2026_06
k3taota,artist,2025
k4z0927,artist,2025|2026|2026_06
"k9_-_#00_""hound""",character,2025|2026|2026_06
k9_-_#00_lupus,character,2025|2026|2026_06
"k9_-_#17_""ripper""",character,2025|2026|2026_06
k9_-_#17_izuna,character,2025|2026|2026_06
k9_-_#66a_yokuru,character,2025|2026|2026_06
k9_-_#66b_lantern,character,2026|2026_06
k_(drawfag),artist,2025
k_(kousei_mz),artist,2025|2026|2026_06
k_corp_class_3_staff_(limbus_company),character,2025|2026|2026_06
k_i_r_i_p_o,artist,2025|2026|2026_06
k_rough,artist,2025|2026|2026_06
ka-neito,artist,2025
ka_(marukogedago),artist,2025
ka_(pixiv),artist,2025
ka_ice_ha,artist,2025
ka_ku_yi_de_xiao_gege,artist,2025|2026|2026_06
ka_ni2_08,artist,2025|2026|2026_06
kaalakiota_(eve_online),general,2025
kaamos,artist,2025
kabaya_yumiko,artist,2025|2026|2026_06
kabe_sakana,artist,2025|2026|2026_06
kabier,artist,2025|2026
kabotya_slime,artist,2025
kabujinuo,artist,2025|2026|2026_06
kaburiburi,artist,2025|2026|2026_06
kabuto_rider_watch,general,2025
kachidoki_arms,character,2025|2026
kachimachi_kosuzu_(gigo),character,2025
kachimachi_kosuzu_(walking_diary),character,2025
kada,character,2025
kado_(rotate_deg),artist,2025|2026|2026_06
kadoc_zemlupus_(grail_league)_(fate),character,2025
kadoc_zemlupus_(korean_ver._7th_anniversary),character,2026|2026_06
kae_animation,artist,2025
kaede_(user_pmsz5258),artist,2025
kaede_acer,artist,2025|2026|2026_06
kaede_shymko,character,2025|2026|2026_06
kaedehiroki,artist,2025
kaela_kovalskia_(business_casual),character,2025
kaeos_art,artist,2025
kaeru_(pixiv),artist,2025
kafei_shiba_du,artist,2025|2026|2026_06
kafuukamiya,artist,2025|2026|2026_06
kaga_(883cv1942kaga),artist,2025
kaga_(haregi_mode)_(kancolle),character,2025
kaga_mi,artist,2025
kaga_mimochi,artist,2025
kagami_kyousuke,character,2025
kagami_mimi,character,2025|2026|2026_06
kagamiman,artist,2025|2026|2026_06
kagamine,artist,2025
kagamine1717,artist,2025
kagamisama29,artist,2025|2026|2026_06
kagari_kamaitachi,character,2025|2026
kagari_tomoe,character,2025
kagariflame,artist,2025
kagawaraifu,artist,2025
kage_no_kuni_no_maitoukai,general,2025
kage_shaojie_teki_ku,artist,2025
kagehira_mika_(anniversary_love),character,2025|2026|2026_06
kagehira_mika_(charm),character,2025|2026|2026_06
kagehira_mika_(dark_romance),character,2025
kagehira_mika_(hermitage),character,2025
kagehira_mika_(machina),character,2025
kagehira_mika_(poison_a_la_mode),character,2025
kagehira_mika_(puffy_bunny),character,2025|2026
kagehira_mika_(snow_globe),character,2025|2026|2026_06
kagehira_mika_(tale_of_antique),character,2025
kagematsu0023,artist,2025|2026|2026_06
kagemiya_shinobu,artist,2025
kagemusha_(kvvy5582),artist,2025
kagerou_ii,copyright,2025|2026|2026_06
kagerou_trap_girls,copyright,2025|2026|2026_06
kagetourou,artist,2025|2026|2026_06
kagetsu_(hagepoke123),artist,2025
kageyama_izumi,artist,2025|2026|2026_06
kageyama_shien_(6th_costume),character,2025
kageyanon,artist,2025
kagi_shirabe,artist,2025|2026|2026_06
kagin_(kagou_shita_nanika),artist,2025
kago_yo,general,2025
kagome's_mother,character,2025
kagura_(akashic_chronicle),character,2025|2026|2026_06
kagutsuchi_(uchi_no_hime-sama),character,2025
kaguya_(benghuai_xueyuan),character,2025|2026|2026_06
kaguya_(granblue_fantasy),character,2025|2026|2026_06
kaguya_(granblue_fantasy)_(cosplay),general,2025|2026|2026_06
kaguya_(power_pros),character,2025|2026
kaguya_(vtuber),character,2026|2026_06
kaguyamaou,artist,2025
kaharaite,artist,2025
kahideto,artist,2025|2026|2026_06
kahoru_(artist),artist,2025|2026|2026_06
kai,artist,2025
kai'sa,character,2025|2026|2026_06
kai'sa_(cosplay),general,2025|2026|2026_06
kai_(den-o),character,2025
kai_(pokemon_conquest),character,2025|2026|2026_06
kai_schren,character,2025|2026|2026_06
kaibokan,artist,2025
kaiboukan_no._22_(swimsuit_mode)_(kancolle),character,2025
kaiboukan_no._22_(yukata_mode)_(kancolle),character,2025
kaiboukan_no._30_(hinamatsuri_mode)_(kancolle),character,2025
kaiboukan_no._4_(autumn_yukata_mode)_(kancolle),character,2025
kaiboukan_no._4_(christmas_mode)_(kancolle),character,2025
kaiboukan_no._4_(hinamatsuri_mode)_(kancolle),character,2025
kaiboukan_no._4_(spring_mode)_(kancolle),character,2025
kaiboukan_no._4_(summer_yukata_mode)_(kancolle),character,2025
kaiboukan_no._4_(tsuyu_mode)_(kancolle),character,2025
kaibundou,artist,2025|2026|2026_06
kaicchin,artist,2025|2026|2026_06
kaido_(kaido_ggg),artist,2026|2026_06
kaidou_(na10ki3wa7),artist,2025|2026|2026_06
kaifuku_lotion_de_maou_wo_taosu_koto_ni_natta._~isekai_byurubyuru_kouryakuki~,copyright,2025
kaihime_(sengoku_musou),character,2025|2026|2026_06
kaiji,copyright,2025|2026|2026_06
kaijin_(tensei_shitara_slime_datta_ken),character,2025
kaijumilk_(milkchaotea),artist,2025
kaijuu_seiniku_kumiai,artist,2025|2026|2026_06
kaiko,character,2025
kaiko_(cosplay),general,2025
kaikou_(trpg_scenario),copyright,2025|2026|2026_06
kainen_vtuber,artist,2025
kainushi,artist,2025|2026|2026_06
kaipon_(jcwh7854),artist,2026|2026_06
kaiponi,artist,2025
kairos,character,2025
kaischidennmk2,artist,2026|2026_06
kaisei,character,2025|2026|2026_06
kaiser_ceo_(blue_archive),character,2025
kaiser_pmc_president_(blue_archive),character,2025
kaitei_gunkan_(tokusatsu),copyright,2025|2026|2026_06
kaiten_nekohige,artist,2025|2026|2026_06
kaitlin.exe_(artist),artist,2025
kaito_(meropaka),character,2025
kaito_(sp),character,2025
kaito_takagi,character,2025
kaitou_mitsuko,character,2025|2026
kaitoyimono,artist,2025|2026|2026_06
kaitsushin,artist,2026|2026_06
kaitzitt,artist,2025
kaiya_(vtuber),character,2025
kaiyou_hinagiku,character,2025|2026|2026_06
kaja_vartmann,character,2025|2026|2026_06
kajisaosamu,artist,2025
kajiwara_kagetoki,character,2025
kajol203520,artist,2025|2026|2026_06
kaka_kaka_(2kaka_kaka6),artist,2025
kakago,artist,2025|2026|2026_06
kakaolikeslegs,artist,2025
kakemi_(eksu7855),artist,2025|2026|2026_06
kakerayuri,artist,2025
kakine_teitoku_(dark_matter),character,2025
kakiss,artist,2025|2026|2026_06
kakitesaikou,artist,2025
kakiyakee_(k_key_5),artist,2025|2026|2026_06
kako_(summer_mode)_(kancolle),character,2025
kakouen,character,2025
kakouen_myousai,character,2025|2026|2026_06
kakouton,character,2025
kakouton_(cosplay),general,2025
kakouton_genjou,character,2025|2026|2026_06
kaku,artist,2025
kaku_(hexieshizhe),artist,2025
kaku_bunwa,character,2025|2026|2026_06
kakuchou_no_ou,artist,2025|2026|2026_06
kakurenbo,copyright,2025|2026|2026_06
kakuwashi,artist,2025
kakyoin_noriaki's_pose_(jojo),general,2025|2026|2026_06
kal'tsit_(ambience_synesthesia)_(arknights),character,2025|2026|2026_06
kala10_kala,artist,2025|2026|2026_06
kala_nemi_(megami_tensei),character,2025
kali_(thugkali),artist,2025
kalista,character,2025|2026|2026_06
kall1,artist,2025
kallen_kaslana_(sin_hunter),character,2025|2026|2026_06
kalxto_(artist),artist,2025
kama_(fgo_x_lawson_2023)_(fate),character,2026|2026_06
kama_(first_ascension)_(fate),character,2025
kama_(mistake)_(fate),character,2025
kama_(mistake)_(fate)_(cosplay),general,2025
kama_(second_ascension)_(fate),character,2025
kama_(swimsuit_avenger)_(fate),character,2025
kama_(swimsuit_avenger)_(fate)_(cosplay),general,2025
kama_(third_ascension)_(fate),character,2025
kamaitachi,character,2025|2026
kamen_norida,character,2025
kamen_rider_accel_(trial_form),character,2025
kamen_rider_agito_(sword_form),character,2025
kamen_rider_ark_thouser-one,character,2025
kamen_rider_beast_(hyper),character,2025
kamen_rider_black_sun_(character),character,2025
kamen_rider_blades_king_daisenki,character,2025
kamen_rider_brave_(fantasy_gamer_level_50),character,2025
kamen_rider_brave_(legacy_gamer_level_100),character,2025
kamen_rider_build_(rabbit+rabbit_form),character,2025
kamen_rider_build_(rabbit+tank_form),character,2025
kamen_rider_chalice_(wild_form),character,2025
kamen_rider_demons_trooper,character,2025
kamen_rider_drive_(type_chou_dead_heat),character,2025
kamen_rider_evol_(blackhole_form),character,2025
kamen_rider_faiz_(accel_form),character,2025
kamen_rider_gold_drive,character,2025
kamen_rider_gotchard_cross_ufox,character,2026|2026_06
kamen_rider_gotchard_cross_x-rex,character,2026|2026_06
kamen_rider_kuuga_(rising_form),character,2025
kamen_rider_lazer_bike_gamer_level_2,character,2026|2026_06
kamen_rider_mad_rogue,character,2025
kamen_rider_ryugen_(yomotsuheguri_arms),character,2025|2026|2026_06
kamen_rider_saber_elemental_dragon,character,2025
kamen_rider_zangetsu_shin_(melon_arms),character,2026
kamen_rider_zerozero_one,character,2025|2026
kamen_rider_zi-o_ouma,character,2025
kamen_rider_zo_(manga_version),copyright,2025
kami-sama_(303_goushitsu_no_kamisama),character,2025
kami_(bright7),artist,2025|2026|2026_06
kamigakari_(trpg),copyright,2025|2026|2026_06
kamihamuu,artist,2025|2026|2026_06
kamijima871,artist,2025|2026|2026_06
kamijou_rui,character,2025|2026|2026_06
kamijou_touka_(toaru_majutsu_no_index),character,2025|2026|2026_06
kamikaze_(swimsuit_mode)_(kancolle),character,2025
kamikaze_(valentine_mode)_(kancolle),character,2025
kamina_(shiren_the_wanderer),character,2025|2026|2026_06
kamino_(toaru_kagaku_no_mental_out),character,2025
kaminose_(user_veum4325),artist,2025|2026|2026_06
kamiokande_zero,artist,2025
kamioosaki_uruka's_sister,character,2026|2026_06
kamiroku211,artist,2025|2026|2026_06
kamishina_jun,character,2025|2026|2026_06
kamishiro_(rsg10679),artist,2025
kamishiro_miku,character,2025|2026|2026_06
kamishiro_saya,character,2025
kamitoenpitu,artist,2025
kamitsune28rita,artist,2025
kamiya_kouichi,character,2025
kamiya_tomomi_(artist),artist,2025
kamiya_yumi,artist,2025
kamiyama_reo,character,2025|2026|2026_06
kamo860,artist,2025
kamo_sachiko,artist,2025|2026|2026_06
kamogawa_kohei,character,2025|2026|2026_06
kamokamo_yanagi,artist,2025
kamome_(shironeko_project),character,2025
kamonankun,artist,2025
kamota_(momokomati),artist,2025|2026|2026_06
kamotaro_itou,character,2025
kamoto_re75,artist,2025|2026|2026_06
kamugatari,artist,2025
kamukamu810,artist,2025
kamuspiral,artist,2025
kamuy-mosir,character,2025
kan'u_unchou,character,2025|2026|2026_06
kan'u_unchou_(cosplay),general,2025|2026|2026_06
kan0817011,artist,2025|2026|2026_06
kana_(female)_(fire_emblem),character,2025
kana_(female)_(fire_emblem)_(cosplay),general,2025
kana_(female)_(rising_sunlight)_(fire_emblem),character,2025
kana_(fire_emblem),character,2025
kana_(haibane),character,2025
kana_(haibane)_(cosplay),general,2025
kana_(kanna_runa0620),artist,2025|2026|2026_06
kana_(male)_(fire_emblem),character,2025
kana_(male)_(fire_emblem)_(cosplay),general,2025
kana_(male)_(rising_dragon)_(fire_emblem),character,2025
kanabun_bun1,artist,2025|2026|2026_06
kanade_(10_ko_nama),artist,2025
kanade_(inkou_haden_amatsu),character,2025|2026|2026_06
kanade_izuru_(6th_costume),character,2025
kanade_rindou,character,2025
kanadesu25,artist,2025|2026|2026_06
kanae_(akatsuki_blitzkampf),character,2025
kanae_(akatsuki_blitzkampf)_(cosplay),general,2025
kanae_inorin,artist,2025
kanaecookierun,artist,2025
kanaetecho,artist,2025|2026|2026_06
kanagon_(denebu00),artist,2025|2026|2026_06
kanai_(benghuai_xueyuan),character,2025|2026|2026_06
kanamafukana,artist,2025|2026|2026_06
kanami_(madoka_magica),character,2025
kanan_ria333,artist,2025
kanari_dekai,artist,2025
kanaria_(bocmn),artist,2025
kanashiiliquid,artist,2025
kanaso529,artist,2025|2026|2026_06
kanayanagi_takashi,artist,2025
kanbou,artist,2025
kanchigai,artist,2025|2026|2026_06
kanda_ryusei,character,2025|2026|2026_06
kandake,artist,2025
kandoppy,character,2025
kandzome_penguin,artist,2025
kane_(dream_bbq)_(joel_g),character,2025
kanechika_harumi,character,2025|2026|2026_06
kaneda_ichi,artist,2025
kanenone,artist,2025
kanetsugu_(pokemon),character,2025|2026
kanezuru-kun,artist,2025|2026|2026_06
kang2025,artist,2025
kang_hakeem,artist,2025|2026|2026_06
kangaruu_(momotk1109),artist,2025
kangjini0248,artist,2025|2026|2026_06
kangoshichou_(sakusei_byoutou),character,2025
kangyaosasuke,artist,2025|2026|2026_06
kangyorai,artist,2026|2026_06
kani220t,artist,2025|2026|2026_06
kaniikoo,artist,2026
kanikaniland,artist,2025|2026|2026_06
kaninoki_rikka,character,2025
kanji,general,2025|2026|2026_06
kanjuro,character,2025
kanmi_mikan_02,artist,2025
kanna-chan_(white_yoke),character,2025
kanna0827,artist,2025|2026|2026_06
kanna_(benghuai_xueyuan),character,2025|2026|2026_06
kanna_rhei,character,2025
kannei,character,2025
kanno_youko,copyright,2025
kano-qaq,artist,2025
kano_ruri,character,2025|2026|2026_06
kano_yasuhiro,artist,2025
kanoe_nagi,artist,2025
kanoe_yuushi,artist,2025
kanohara_(63xmrr),artist,2025
kanojo_de_kitakedo_osananajimi_heroine_to_doukyo_shitemasu,copyright,2025
kanoko,artist,2025|2026|2026_06
kanome_(meropaka),character,2025
kanon's_sister_(idolmaster),character,2025|2026|2026_06
kanon_(amamin),character,2026|2026_06
kanon_(user_rrhr4244),artist,2026|2026_06
kanon_(user_zrda7327),character,2025
kanou_kanae,character,2025|2026|2026_06
kanpachi_(doukutsu_monogatari),character,2025
kanpei,character,2025|2026|2026_06
kanro_t,artist,2025|2026
kansouimoumasug,artist,2025
kanta077,artist,2025
kantarou_01,artist,2025
kanto_mother_(lgpe),character,2025|2026|2026_06
kanto_mother_(rgby/frlg),character,2025|2026|2026_06
kanzaki_mikoto_(girlfriend_kari),character,2025
kanze_mizu,general,2025|2026|2026_06
kaogu,artist,2026|2026_06
kaohom503_2,artist,2025|2026|2026_06
kaori11667,artist,2025|2026|2026_06
kaori_(sky-freedom),character,2025|2026|2026_06
kaorou_chi_wo,artist,2025|2026|2026_06
kaosketch,artist,2025|2026|2026_06
kapela_um,artist,2025
kapibaradon0405,artist,2025|2026|2026_06
kapiheartlilly,artist,2025
kapiora,artist,2025
kapiyarou,artist,2025
kapoli_marton,artist,2025
kappa_ioshigin,artist,2025
kappa_spark,artist,2025|2026
kappateki,artist,2025|2026|2026_06
kappei_jin,character,2025|2026|2026_06
kara_(vertigris),character,2025
karaage_bou,artist,2025
karaage_no_niku,artist,2025
karadynn1,artist,2025
karajyuu1125,artist,2025|2026|2026_06
karamazov_(untitled_nyalra_anime),character,2025|2026|2026_06
karasama_kuroe,character,2025
karasu_100,artist,2025
karasuma_kuraha,artist,2025
karat_the_beach_bunny,character,2025|2026|2026_06
karate8284,artist,2025
kare_ep,artist,2025
kare_ido,artist,2025
kare_no_na_wa_dante,general,2025|2026|2026_06
karen_(artist),artist,2025|2026|2026_06
karen_(ffmq),character,2025
karen_(spongebob_squarepants),character,2025
karen_el,character,2025
karia,artist,2025|2026|2026_06
karikumu,character,2025|2026|2026_06
karin_(sanma_(tabet_)),character,2025
karin_izumi,character,2025|2026|2026_06
karinaga_raizan,artist,2025
karino_hasume,artist,2025
karipo,artist,2025
karl_liversidge,artist,2025
karla_featherstone,artist,2025
karma_(league_of_legends),character,2025|2026|2026_06
karna_(fate/extella_link_x_treevillage)_(fate),character,2026|2026_06
karna_(fgo_x_lawson_2023)_(fate),character,2026|2026_06
karna_(fgo_x_pasela_resorts)_(fate),character,2026|2026_06
karoll_ann,artist,2025
karon_official,copyright,2025
karthus,character,2025|2026|2026_06
karthus_(cosplay),general,2025|2026|2026_06
kartp,artist,2026
karubi_(ongeki),character,2026|2026_06
karubolion,artist,2025
karumi_jpg,artist,2025
karuranabaru,artist,2025
karurotta,character,2025
karutaa2,artist,2025
kasaaaaka,artist,2025
kasabuu_(sentai_red_ga_isekai_de_boukensha_ni_naru),character,2025|2026|2026_06
kasai_(feguimel),character,2025|2026|2026_06
kasasagi07,artist,2025
kaseinosakana,artist,2025
kasempan,artist,2025
kasha_(module),general,2025
kashi_(83327928),artist,2025
kashima_(christmas_mode)_(kancolle),character,2025
kashima_izumi_(anonymous),character,2025|2026|2026_06
kashin,character,2025
kashiro_(ruri_dragon),character,2025
kashiwa_(sorrow-orgel),artist,2025
kashiwagi2555,artist,2025|2026|2026_06
kashiwagi_airi,character,2026
kashiwagi_yuzu@ruruka_kyoto,artist,2025
kashiwasa_karune,artist,2025
kashmimo,artist,2026|2026_06
kasiwamoti11,artist,2025
kasque,character,2025|2026|2026_06
kass_(jtsp0),artist,2025
kassadin,character,2025|2026|2026_06
kastraz,artist,2025
kasuga_(24628),artist,2025
kasuga_ae,artist,2026|2026_06
kasuga_haruhi,artist,2025|2026|2026_06
kasuga_hiyoko,artist,2025
kasuga_maru_(swimsuit_mode)_(kancolle),character,2025
kasuga_mirai's_father_(idolmaster),character,2025|2026|2026_06
kasuga_mirai's_mother_(idolmaster),character,2025|2026
kasugano_urara_(yes!_precure_5),character,2025|2026|2026_06
kasugano_urara_(yes!_precure_5)_(cosplay),general,2025|2026|2026_06
kasugano_urara_(yes!_precure_5)_(lafary),character,2026|2026_06
kasuhami,artist,2026|2026_06
kasuka_tamashiine,artist,2025
kasumi_kai_ni_(swimsuit_mode)_(kancolle),character,2025
kasumi_no_ayanosuke,character,2025
kasumi_saika,artist,2025
kasuparofu,artist,2025
kasuterastellar,artist,2025
kat_cloudair,artist,2025
kata_00bfff,artist,2025|2026|2026_06
kataage_imotaro,artist,2025|2026|2026_06
katagiri_(a1466502),artist,2025
katagiri_katsumoto,character,2025
katagiri_kiyu,artist,2025
katagiri_oekaki,artist,2025
katagirinanoka,artist,2025
katakura_ako,artist,2025
katakura_kojuurou,character,2025|2026|2026_06
katakuriko_matsudaira,character,2025
katamikoi_mizue_(artist),artist,2025
katanose,artist,2025
katanose_(user_hjrw5873),artist,2025
kataoka_shuuji,character,2025
katar_assa_child,character,2025
katarina_(league_of_legends),character,2025|2026|2026_06
katarina_(league_of_legends)_(cosplay),general,2025|2026|2026_06
kataude_cyborg,artist,2025
katawa_shoujo_2:_rise_of_kenji,copyright,2025|2026
kataya_minep,artist,2025
kate_serafin,artist,2025
kate_zzz,artist,2025
kategurey,artist,2025|2026|2026_06
katharine_ohare,character,2025
katia_naumann,character,2025|2026|2026_06
kato_(fkgme),artist,2025
kato_kiyomasa,character,2025
kato_kuroko,artist,2025
kato_kyoka0330,artist,2025
kato_mizuki,artist,2025
katou_ai,artist,2025
katou_fumi,artist,2025|2026|2026_06
katou_kiyomasa,character,2025|2026|2026_06
katou_kiyomasa_(sengoku_musou),character,2025|2026|2026_06
katou_riko,character,2025|2026|2026_06
katr5878,artist,2025|2026|2026_06
katri_(unwilling_orc),character,2025|2026|2026_06
katrina_(romancing_saga),character,2025|2026|2026_06
katsu,artist,2025
katsu_kaishu_(fate),character,2026|2026_06
katsuboys,artist,2025|2026|2026_06
katsuhiko_(bone_hiko),artist,2025
katsuji_matsuoka,character,2025
katsuki_yuuri,character,2025|2026|2026_06
katsuki_yuuri_(cosplay),general,2025|2026|2026_06
katsumi_(tamamo),character,2025|2026|2026_06
katsuragi_souma,character,2025
katsuragi_takumi_(re:kinder),character,2025
katsushika_hokusai_(fgo_x_kyoto_rikyuen)_(fate),character,2025|2026|2026_06
katsushika_hokusai_(swimsuit_saber)_(fate)_(cosplay),general,2025|2026|2026_06
katsushika_hokusai_(traveling_outfit)_(fate)_(cosplay),general,2025
katsute_game_creator_o_mezashiteta_ore_kaisha_o_yamete_gyaru_jk_no_shachiku_ni_naru.,copyright,2025
katsutomohira,artist,2025
katsuyuki_tamura,artist,2025
katts_anarang,artist,2025
katya_(re:zero),character,2025|2026|2026_06
katz_kobayashi,character,2025
kawa-kun,character,2025|2026|2026_06
kawa_(250781),artist,2025
kawada_izumi,artist,2025
kawadomajisan,artist,2025|2026|2026_06
kawagami_raito,artist,2025|2026|2026_06
kawai_mariko,artist,2025
kawaii_tentacle,artist,2025
kawaiimocho,artist,2025
kawaiine_airi,artist,2025
kawakami_princess_(bride-to-be!!)_(umamusume),character,2025
kawakami_princess_(hurrah_princess)_(umamusume),character,2025|2026|2026_06
kawakamihoshi,artist,2025|2026
kawakaze_(christmas_mode)_(kancolle),character,2025
kawakaze_(yukata_mode)_(kancolle),character,2025
kawamochi_(tddm3573),artist,2025|2026|2026_06
kawamoto_yukiyo,artist,2025
kawamura_akiko,artist,2025
kawano_rikopin,artist,2025
kawano_toshiya,artist,2025
kawarnc,artist,2025
kawasaki_p2j,general,2025
kawasan,artist,2025
kawasemi27,artist,2025
kawasemi_(pocorit),artist,2025|2026|2026_06
kawashina_(momen_silicon),artist,2025|2026|2026_06
kawato_(kawaaa73979352),artist,2025
kawaty,artist,2025|2026|2026_06
kaworunakano,artist,2025
kay924026,artist,2025|2026|2026_06
kaya777,artist,2025|2026|2026_06
kaya_magnolia,artist,2026|2026_06
kayama_akira,character,2025
kayamori_hina,character,2025
kayede,artist,2025
kayin_amoh_(battle_arena_toshinden),character,2025|2026
kayla_marquez,artist,2025|2026|2026_06
kayle_(league_of_legends),character,2025|2026|2026_06
kaylee_(anuket),character,2025
kayn_(league_of_legends),character,2025|2026|2026_06
kayna,character,2025
kayne_west,character,2025
kayo_(46996116),artist,2025
kayun_(yarihoo),artist,2025
kayuu,character,2025
kaz,character,2025
kaz_(cosplay),general,2025
kaz_(twilight_kn),artist,2025
kazagumo_(swimsuit_mode)_(kancolle),character,2025
kazagumo_kai_ni_(comiket)_(kancolle),character,2025
kazagumo_kai_ni_(swimsuit_mode)_(kancolle),character,2025
kazama_hiro,character,2025
kazami_ok,artist,2025
kazami_windy,artist,2025|2026|2026_06
kazane_minazumi_(hanikami_kanojo),general,2025
kaze233,artist,2025|2026|2026_06
kaze_(2kaze5),artist,2025
kazekage555,artist,2025
kazekyoutekito,artist,2025
kazuaki-mori,artist,2026|2026_06
kazue,artist,2025
kazuha_fukami,artist,2025
kazuhito_sakagami,character,2025
kazuhitodesu,artist,2025|2026|2026_06
kazuma_g-version,artist,2025
kazuma_ishida,artist,2025
kazuna_(farangi),artist,2025|2026|2026_06
kazunoko_(crazy_raccoon),character,2026
kazunoko_(genome),artist,2025
kazuo-sama,artist,2025|2026|2026_06
kazusa,artist,2025
kazusa_(halloween)_(blue_archive)_(cosplay),general,2025
kazushi_(nicoseiga),artist,2025
kazushi_shimao,artist,2025
kazuto_ishikawa,artist,2025
kazuya_minekura,artist,2025
kazz-curaudo,artist,2025
kb-5,artist,2025|2026|2026_06
kbal98,artist,2025
kcah4552,artist,2025
kckhsrrr,artist,2025|2026|2026_06
kd_(kdh45689),artist,2025
kdsgame02,artist,2025
ke_(pixiv_84996172),artist,2025
kebab,general,2025
kebei,artist,2025
kedama_p4,artist,2025
kegasareta_natsu,copyright,2025|2026|2026_06
kei-waza,artist,2025
kei_(hotaru),artist,2025
kei_(new_body)_(blue_archive),character,2026|2026_06
kei_(nicoseiga),artist,2025
kei_(robot)_(blue_archive),character,2025|2026|2026_06
kei_(robot)_(blue_archive)_(cosplay),general,2025|2026|2026_06
kei_(seiga),artist,2025
kei_hinagi,artist,2025
kei_kisaragi,character,2025|2026|2026_06
keiboxy,artist,2025
keibu_sensei_(sbk),artist,2025|2026
keigin_aluminium,artist,2025
keiji_(pokemon),character,2025|2026|2026_06
keiko_noriko,artist,2025
keikoku_(kujira),artist,2025
keintsu,artist,2025
keiondou,artist,2025
keiou_dentetsu,copyright,2025
keisuke,artist,2025
keita_(kmfirstday),artist,2025
keita_wakui,character,2025|2026|2026_06
keita_wiz,artist,2025
keitenstudio,artist,2025
keith_(pokemon_ranger_2),character,2025
keith_starmer,character,2025
keivan,character,2025
keke_qiu,artist,2025|2026|2026_06
kekkou,character,2025
kel's_dad_(omori),character,2025|2026|2026_06
kel's_mom_(omori),character,2025|2026|2026_06
kelheor,artist,2025
kelongzi,artist,2025
kelsea-chan,artist,2025
kelso-san,artist,2025
kemasuurutt,artist,2025|2026|2026_06
kemo,artist,2025
kemo24vv,artist,2025|2026|2026_06
kemo_(pokka),artist,2025
kemono_tamashii_sentai_juusoruja,copyright,2025|2026|2026_06
kemoo29,artist,2025
kemunpasu_(keeen),artist,2025|2026|2026_06
kemushi_(chi380723698581),artist,2025|2026|2026_06
ken-1,artist,2025
ken725011186,artist,2025|2026|2026_06
ken_(1057168252),artist,2025
ken_(claralaine),character,2025
ken_(inui_toko),character,2025
ken_ken,artist,2025|2026
ken_tontan,artist,2025
kenahisu,artist,2025
kendallhaleart,artist,2025
kendo_(pixiv30475),artist,2025
kenji17,artist,2025
kenji_maeba,artist,2025
kenmochi_touya_(7th_costume),character,2025|2026|2026_06
kennel,artist,2025|2026|2026_06
kennel_(animal),general,2026|2026_06
kennen,character,2025|2026|2026_06
kennydotpng,artist,2025|2026|2026_06
keno_(dkdltm4),artist,2025|2026|2026_06
kenomotsu_yukuwa,artist,2025
kenshi_(mortal_kombat),character,2025|2026|2026_06
kenshi_(mortal_kombat)_(cosplay),general,2025|2026|2026_06
kenshin_(shinrabanshou),character,2025|2026|2026_06
kenshouen_(amai_no_eat),artist,2026|2026_06
kentaro_hayashi,artist,2025
kentaro_takekuma,artist,2025
kentei,character,2025
kentsdesign,artist,2025
kep_(kuyo2suru),artist,2025
kepi_0331,artist,2026|2026_06
kera_us,artist,2025
keran_yezi_dong,artist,2025
kerensoniconly,artist,2025|2026|2026_06
kerfus,character,2025|2026|2026_06
kernel-pult_(plants_vs_zombies),character,2025
kero_liu,artist,2025|2026|2026_06
kero_official,copyright,2025
keropi_(pixiv_90429052),artist,2025
kerry_shyver,artist,2025
keru_(artist),artist,2025
kesha,artist,2025|2026|2026_06
keshi273,artist,2025|2026|2026_06
kessen!_dokapon_oukoku_iv:_densetsu_no_yuusha_tachi,copyright,2025
kesuwuception,character,2025
ketaros_zector,general,2026|2026_06
keto_(funrei_doryoku),artist,2025
ketorice,artist,2025
ketsu_juuji_killer_(kejuki),artist,2025|2026|2026_06
ketushi,artist,2025
keuliseu,artist,2025
kevin_(sv),character,2025
kewminus,artist,2025
key+dragon_form_(best_match),general,2025|2026|2026_06
key-san,artist,2025|2026|2026_06
key_on_anklet,general,2026
key_trash,artist,2025
keychain_(artist),artist,2025
keyhole_panties,general,2026|2026_06
kezukuroi_kissa,artist,2025
kfpm7234,artist,2025
kfr_tomew,artist,2026|2026_06
kfufu_(shy),character,2025
kgbnr18g,artist,2025
kgr_1622,artist,2025|2026|2026_06
kh_kyo_hibiki,artist,2025
kha'zix,character,2025|2026|2026_06
khaid_shiden,artist,2025|2026|2026_06
khaki_pants,general,2025|2026|2026_06
khaonasher,artist,2025
khm12345678,artist,2025|2026|2026_06
khnum,character,2025|2026|2026_06
khoa,artist,2025
ki_syou_ten_ketu,artist,2025
kia_(tumblr),artist,2025
kia_yuki,artist,2025
kiai,character,2025|2026|2026_06
kiba,character,2025|2026|2026_06
kibami,character,2025
kibatan,artist,2025
kiboshin,artist,2025
kic_ko,artist,2025|2026|2026_06
kichaa,artist,2025
kick_theecan,artist,2025|2026|2026_06
kickin_hawk,character,2025|2026|2026_06
kicking_gummy,general,2025
kicks0u,artist,2025
kid_icarus_of_myths_and_monsters,copyright,2025|2026|2026_06
kidd_(kancolle),character,2025
kidou_senshi_gundam_iden_24-sai_shokugyou_ol_tenseisaki_de_kycilia_yattemasu,copyright,2025|2026|2026_06
kidou_shinji,character,2025
kidou_shinji_(cosplay),general,2025
kiela_dairalt,artist,2025
kiera_(barbie),character,2025
kifli_ro,artist,2026|2026_06
kiha,general,2025
kihon-shi,artist,2025
kiichi_hougen_(fate),character,2025
kiichi_hougen_(fate)_(cosplay),general,2025
kiichi_hougen_(pinky_beach)_(fate),character,2025
kiikiiv2,artist,2025
kiimo,artist,2025
kiiro_ex,artist,2025
kiiroku06,artist,2025
kiiru_(tw),artist,2025|2026|2026_06
kijita_shoya,character,2025|2026|2026_06
kijitora_nukoji,artist,2025
kijo_kouyou_(second_ascension)_(fate)_(cosplay),general,2025
kijo_kouyou_(third_ascension)_(fate)_(cosplay),general,2025
kijo_urasue,character,2025
kikai,character,2025|2026|2026_06
kikipop,artist,2025
kikka_kokushikan,character,2026
kikkawa_motoharu,character,2025|2026|2026_06
kiko,artist,2025|2026|2026_06
kikujira,artist,2025
kikuo_(style),general,2025
kikyou_(youtouden),character,2025
kill2kiss,artist,2026|2026_06
kill_blue,copyright,2025|2026|2026_06
killbus_spider_fullbottle,general,2026|2026_06
killer-tune_(yu-gi-oh!),general,2026
killer-tune_clip,character,2026|2026_06
killer-tune_cue,character,2026|2026_06
killer_bee_cammy,character,2025|2026|2026_06
killer_machine,character,2025
killer_machine_(dragon_quest),character,2025
killer_machine_2_(dragon_quest),character,2025
killer_queen's_pose_(jojo),general,2025|2026|2026_06
killer_queen_(jojolion)_pose,general,2025
killer_tune-mix,character,2026|2026_06
killer_tune-reco,character,2026|2026_06
killer_tune_redseal,character,2026|2026_06
killer_tune_track_maker,character,2026|2026_06
killice_bloodless,character,2025|2026|2026_06
killing,artist,2025
killmark,general,2025
killy_doodle,artist,2025
kilo_the_cadenceborn,character,2025|2026|2026_06
kilo_weibo,artist,2025|2026|2026_06
kim_chae-won,character,2025|2026|2026_06
kim_de_john,character,2025|2026|2026_06
kimama807070414,artist,2025|2026|2026_06
kimber_the_deer,character,2025|2026|2026_06
kimberly_hart_(remake),character,2025
kimdiki,artist,2025|2026|2026_06
kimeraesi4357,artist,2025|2026|2026_06
kimi_ga_hoeru_tame_no_uta_o,copyright,2025
kimichinoname,artist,2025
kimidori_tokusa,artist,2025
kimimarolove,artist,2025
kimino_sakurano,artist,2025
kimisoba,artist,2025
kims1825,artist,2025
kimuchi_raumen,artist,2025
kimyona_jagariko,artist,2025
kin_(kin_dayo),artist,2025
kin_(nicoseiga),artist,2025
kinaginagi,artist,2025
kinala6490098,artist,2025|2026|2026_06
kinbara1099,artist,2025
kindred_(league_of_legends),character,2025|2026|2026_06
kindred_(league_of_legends)_(cosplay),general,2025|2026|2026_06
kinen,artist,2025|2026|2026_06
king0banana,artist,2025
king_(doukutsu_monogatari),character,2025
king_arthur_(sword_in_the_stone),character,2025
king_eric_(barbie),character,2025
king_gojuras,character,2025|2026|2026_06
king_halo_(noble_white_cheer_attire)_(umamusume),character,2025|2026|2026_06
king_halo_(take_part_in_a_waltz_this_evening)_(umamusume),character,2025
king_hassan_(secret_company_assassin)_(fate),character,2026|2026_06
king_ish,character,2025|2026|2026_06
king_of_lo$ers,artist,2025|2026|2026_06
king_of_the_beasts,character,2025
king_pig,character,2025|2026
king_radovid,character,2025|2026|2026_06
kingdom0615,artist,2026|2026_06
kingdom_hearts_3d_dream_drop_distance,copyright,2025
kingdom_hearts_chain_of_memories,copyright,2025
kingdom_hearts_melody_of_memory,copyright,2025
kingdom_of_kazimierz_logo,general,2025|2026|2026_06
kingdom_of_victoria_logo,general,2025|2026|2026_06
kinggargantuas,artist,2025|2026|2026_06
kingheipo,artist,2025
kingofhighlands,artist,2025
kingpin_(marvel),character,2025|2026
kings_of_power_4_billion_percent,copyright,2025
kingsmould,character,2025
kingstar,character,2025|2026|2026_06
kingstone_driver,general,2025
kinjou_emi,character,2025|2026
kinjou_nanae,character,2025|2026|2026_06
kinkan_no_electrum,character,2025
kinno0515,artist,2025
kino707,artist,2025
kino_asuka,artist,2025|2026|2026_06
kinoeneko,artist,2025
kinokopirafu,artist,2025|2026|2026_06
kinomoto_sakura_(alice_in_wonderland_costume),character,2025
kinomoto_sakura_(blue_jester_costume),character,2025
kinomoto_sakura_(blue_pom_pom_costume),character,2025
kinomoto_sakura_(blue_sheep_costume),character,2025
kinomoto_sakura_(crystal_feather_dress),character,2025
kinomoto_sakura_(final_judgment_costume),character,2025
kinomoto_sakura_(flame_harem_costume),character,2025
kinomoto_sakura_(frog_raincoat),character,2025
kinomoto_sakura_(fruits_candy_costume),character,2025
kinomoto_sakura_(gentleman_penguin_costume),character,2025
kinomoto_sakura_(green_fairy_costume),character,2025
kinomoto_sakura_(green_jester_costume),character,2025
kinomoto_sakura_(harlequin_bat_costume),character,2025
kinomoto_sakura_(magic_dream_costume),character,2025
kinomoto_sakura_(marine_jester_costume),character,2025
kinomoto_sakura_(musical_costume),character,2025
kinomoto_sakura_(orange_jester_costume),character,2025
kinomoto_sakura_(pastel_lotus_costume),character,2025
kinomoto_sakura_(pink_battle_costume),character,2025
kinomoto_sakura_(pink_feather_costume),character,2025
kinomoto_sakura_(pink_jacket_costume),character,2025
kinomoto_sakura_(pink_kitty_costume),character,2025
kinomoto_sakura_(pink_nurse_costume),character,2025
kinomoto_sakura_(pink_rabbit_costume),character,2025
kinomoto_sakura_(pink_ribbon_dress),character,2025
kinomoto_sakura_(platinum_star_dress),character,2025
kinomoto_sakura_(prince_costume),character,2025
kinomoto_sakura_(puffy_pink_costume),character,2025
kinomoto_sakura_(red_cape_costume),character,2025
kinomoto_sakura_(red_rabbit_costume),character,2025
kinomoto_sakura_(remembrance_dress),character,2025
kinomoto_sakura_(silver_star_costume),character,2025
kinomoto_sakura_(starry_yellow_dress),character,2025
kinomoto_sakura_(warrior_costume),character,2025
kinomoto_sakura_(winged_egg_crown_costume),character,2025
kinomoto_sakura_(witch_costume),character,2025
kinomoto_sakura_(yellow_star_costume),character,2025
kinomoto_sakura_(yellow_umbrella_costume),character,2025
kinonenosiitake,artist,2025
kinosaki_jack,artist,2025
kinsatsu_(grizzled),artist,2025
kintaro_miyano,artist,2025
kintoki-douji,character,2025
kintoki-douji_(cosplay),general,2025
kinu_(christmas_mode)_(kancolle),character,2025
kinugasa_(haregi_mode)_(kancolle),character,2025
kinugasa_(round_one)_(kancolle),character,2025|2026|2026_06
kinugasa_(swimsuit_mode)_(kancolle),character,2025
kinugasa_kai_ni_(christmas)_(kancolle),character,2025|2026|2026_06
kinugasa_kai_ni_(swimsuit_mode)_(kancolle),character,2025
kinya_(mamorukun_curse!),character,2026|2026_06
kinzou_inari,artist,2025
kiobarts,artist,2026
kioler_kai,artist,2025
kiomi_(criss-chan),character,2025
kiora_(mtg),character,2025
kira_(gomulgong),character,2026|2026_06
kira_kabosu,artist,2025
kira_yoshikage's_pose_(jojo),general,2026|2026_06
kira_yoshikage_(bite_the_dust)_(pose),general,2025
kirai_y,artist,2025|2026|2026_06
kiran_(female)_(fire_emblem),character,2025
kiran_(male)_(fire_emblem),character,2025
kirara,character,2025|2026|2026_06
kirara_(elite_ii)_(arknights),character,2026|2026_06
kirara_(pop'n),character,2025
kiraracia,artist,2025|2026|2026_06
kirashion,artist,2025
kirby's_super_star_stacker,copyright,2025|2026|2026_06
kirby:_battle_royale,copyright,2025
kirby:_right_back_at_ya,copyright,2025
kirby:_star_allies,copyright,2025
kirby_and_the_amazing_mirror,copyright,2025
kirby_canvas_curse,copyright,2025
kirby_d_a,artist,2025
kirby_squeak_squad,copyright,2025
kirbysound,artist,2025
kiri-san,character,2025|2026|2026_06
kiri_iam,artist,2025
kiri_riri,artist,2026|2026_06
kiri_taberenai,artist,2026|2026_06
kiri_tai,artist,2025
kirieroido,character,2025|2026|2026_06
kirigayawin,artist,2025|2026|2026_06
kirikiri,artist,2025|2026|2026_06
kiriko774,artist,2025
kiriko_(kuon_no_kizuna),character,2025
kiriku_(ele6c),artist,2025|2026|2026_06
kirima_(user_danf8787),artist,2025|2026|2026_06
kirin023jp,artist,2025
kirin3939,artist,2025
kirin_(kirin1023),artist,2025
kirin_(lurio-n),artist,2025
kirin_toroika,artist,2025
kirinatongnai,artist,2025|2026|2026_06
kiring_(pixiv_69139213),artist,2025|2026|2026_06
kirinowa,artist,2025
kirirei_228,artist,2025|2026|2026_06
kirisame_marisa_(lostwordlive2024),character,2025
kirishima_kurou,character,2025
kirishima_touko,character,2025|2026|2026_06
kiritachi_(pixiv_113812466),artist,2025|2026|2026_06
kiritsusei_juuji_academy_uniform,general,2025
kiriu-nagi,artist,2025|2026
kiriya_(futari_wa_precure),character,2025|2026|2026_06
kiriyama_ann,character,2025
kiriyo_yl,artist,2025
kirsche,character,2025
kirschtaria_wodime_(grail_league)_(fate),character,2025
kirsiengine,artist,2025
kiru_(kil),artist,2025
kiryuu_noriko,character,2025|2026|2026_06
kiryuuin_aoi,character,2025
kisablue,artist,2025
kisagii,artist,2025
kisaragi_(l-calena),artist,2025|2026|2026_06
kisaragi_(valentine_mode)_(kancolle),character,2025
kisaragi_alicia,character,2025|2026|2026_06
kisaragi_ren,artist,2025|2026
kisaragi_ren_(5th_costume),character,2025|2026|2026_06
kisaragi_ren_(summer_c102),character,2025|2026|2026_06
kisaragi_ren_(vspo!_summer_2024),character,2025|2026|2026_06
kisaragi_ren_(vtuber),character,2025|2026|2026_06
kisaragi_ren_(vtuber)_(cosplay),general,2025|2026|2026_06
kisaten,general,2025|2026|2026_06
kise_matori,character,2025|2026|2026_06
kisen_(benghuai_xueyuan),character,2025|2026|2026_06
kisetsu_2koma,artist,2025
kisetsufuu,artist,2025
kishi,artist,2025
kishido_temma_(5th_costume),character,2025
kishimen,artist,2025
kishinami_(christmas_mode)_(kancolle),character,2025
kishinami_hakuno_(female)_(mooncancer)_(cosplay),general,2025|2026|2026_06
kishiru_inugami,character,2026|2026_06
kisimakai_0704,artist,2025
kiskil-llira,artist,2025|2026|2026_06
kislev,general,2025|2026|2026_06
kiso_kai_ni_(swimsuit_mode)_(kancolle),character,2025
kiso_yoshinaka,character,2025|2026|2026_06
kisoten,artist,2025
kissets,artist,2025
kisshou_mizuki,artist,2025
kisshu,character,2025
kisu_(pixiv_109821444),artist,2025
kisukekino24,artist,2025
kitagawa_yuusuke,character,2025|2026|2026_06
kitagawa_yuusuke_(cosplay),general,2025|2026|2026_06
kitahara_(pixiv_19528441),artist,2025|2026|2026_06
kitakami_(sasebo)_(kancolle),character,2026|2026_06
kitakoji_hisui_(3rd_costume),character,2025|2026|2026_06
kitane_sai,artist,2025
kitasan_black_(crowning_ooban)_(umamusume),character,2026|2026_06
kitazaki,character,2025|2026|2026_06
kitchen_towel,general,2026|2026_06
kite_(film),copyright,2025
kitsune_(persona),character,2025|2026
kitsune_anri,character,2025
kitsune_konno,artist,2025
kitsune_onee-san_(shuugetsu_karasu),character,2025|2026|2026_06
kitsunezuka-sensei,character,2025|2026|2026_06
kitt_yii,artist,2026|2026_06
kittenup,artist,2025
kittenvalentin4,artist,2025|2026|2026_06
kitty_cape_(module),general,2025
kitty_hawk_class_aircraft_carrier,general,2025|2026|2026_06
kitty_noir,character,2025|2026|2026_06
kiva017,artist,2025|2026|2026_06
kiva_rider_watch,general,2025
kiwibon1,artist,2025
kiwiesrulexd,artist,2025
kiwikobo,artist,2025|2026|2026_06
kiwillustrate,artist,2025|2026|2026_06
kiwitan,artist,2025|2026|2026_06
kiwotaro,artist,2025
kiya,artist,2025|2026|2026_06
kiyabu_ten,artist,2025
kiyasuus,artist,2025|2026|2026_06
kiyo_(tomoki6107),artist,2026|2026_06
kiyo_(user_dhyj3755),artist,2025
kiyobeii,artist,2025
kiyohime_(swimsuit_lancer)_(fate),character,2025
kiyohime_(swimsuit_lancer)_(fate)_(cosplay),general,2025
kiyohime_(the_faithful_dog_who_waits)_(fate)_(cosplay),general,2025
kiyohime_(third_ascension)_(fate)_(cosplay),general,2025
kiyoi_(gyhw8444),artist,2025|2026|2026_06
kiyomi_haunterly_(monster_high),character,2025|2026
kiyoshi_harai,character,2025
kiyoshimo_kai_ni_(swimsuit_mode)_(kancolle),character,2025
kiyun29,artist,2025|2026|2026_06
kizaki_asuna,character,2025
kizaki_fuminori,artist,2025
kizakura_kouichi,character,2025
kizuna_ai_(2025),character,2025
kizuna_ai_(chinese),character,2025
kizuna_ai_(festive)_(azur_lane),character,2025
kizuna_ai_(future_notes)_(smc),character,2025
kizuna_ai_(musician),character,2025
kj15%,artist,2025|2026|2026_06
kjart,artist,2026
kjera_(elite_ii)_(arknights),character,2026|2026_06
kjh10641064,artist,2025
kjo,artist,2025|2026
kjo1975,artist,2025|2026
kk0106kkk,artist,2025
kk_tofu,artist,2025|2026|2026_06
kkaennip_kr,artist,2026|2026_06
kkibbumm_(voice_actor),artist,2025
kkis-i,artist,2025
kkk_kan,artist,2025|2026|2026_06
kkkkirkir,artist,2025|2026|2026_06
kkokko_(wkdcjfwhdk),artist,2025
kkoss,artist,2025|2026|2026_06
kkukki,artist,2025|2026|2026_06
kkurovo,artist,2025
kkyangsyus,artist,2025|2026|2026_06
kkyattyu,artist,2025|2026|2026_06
klare_azurlane,artist,2025
klaufir,artist,2025|2026|2026_06
kled,character,2025|2026|2026_06
klei_(altklade),artist,2026
kleinlight,artist,2025|2026|2026_06
klobbza,artist,2025
km_(ksolee1201),artist,2025
km_mechi,artist,2026|2026_06
kmconceptart,artist,2025|2026|2026_06
kmr_you,artist,2026
kms_op_3,artist,2025|2026
kms_seydlitz,general,2025|2026|2026_06
kmsdnok12345,artist,2025|2026|2026_06
kmt_nanataroo_7,artist,2026|2026_06
kmttta,artist,2025|2026|2026_06
kmvt,artist,2025
kn96,artist,2025|2026|2026_06
knee_hold,general,2026|2026_06
knee_mortar,general,2025|2026|2026_06
knee_on_another's_neck,general,2026|2026_06
kneeless_mermaid,general,2025|2026|2026_06
kneeling_on_magic_circle,general,2026
kneepit_grab,general,2025|2026|2026_06
knife_behind_back,general,2025
knife_speakerman_(skibidi_toilet),character,2025|2026|2026_06
knight_alex_(sd_gundam),character,2025|2026|2026_06
knight_of_the_dawn_(twisted_wonderland),character,2025
knightkiwi,artist,2025|2026|2026_06
kniocra,artist,2025
knit_legwear,general,2025
knkhnp,artist,2025
knn32m,artist,2025|2026|2026_06
knob,general,2025|2026|2026_06
knockout_fighter_level_50,general,2025|2026|2026_06
knoll30527874,artist,2025|2026|2026_06
knomico,artist,2025
knommu,artist,2026|2026_06
knsk,artist,2025
knuckles_the_echidna_(renegade),character,2025
knucormato,artist,2025
knx,artist,2025|2026|2026_06
knyhks_zms,artist,2025
ko3_(musician),copyright,2026|2026_06
ko_(pixiv_1794257),artist,2025
ko_kita,artist,2025
ko_ko_k_o0,artist,2025|2026|2026_06
ko_moreb,artist,2025
koba_(furikake-p),artist,2025
kobarei,artist,2025
kobato_ryouko,character,2025|2026|2026_06
kobaton_(mascot),character,2025|2026|2026_06
kobayakawa_takakage,character,2025|2026|2026_06
kobayashi_chihiro,character,2025|2026|2026_06
kobayashi_miyuki_(bns),artist,2025
kobeni-chan_(hz_(666v)),character,2026|2026_06
kobo_kanaeru_(4th_costume),character,2025|2026|2026_06
kobu_ride,artist,2025
kobuchi_yousuke,artist,2025
koburash1wa,artist,2025
kobuushi,artist,2025
kochira_adachi-ku_kitasenju_ekimae_no_kansokujo_(utau),copyright,2025
kocho_(dragon_musume_ni_naritakunai!),character,2026|2026_06
kochou_shizuha,character,2025|2026|2026_06
kodama's_elder_sister_(sakura_yuki),character,2025|2026|2026_06
kodama_(sakura_yuki),character,2025|2026|2026_06
kodao_sakana,artist,2025
kodaru,artist,2025
kodo_gasai,artist,2025
koe_neko_(wmfj2858),artist,2025|2026|2026_06
koeda_oisi,artist,2025|2026|2026_06
koei,general,2025|2026
koeru,artist,2025
kofuyu_(cofyuuun),artist,2025|2026|2026_06
kog'maw,character,2025|2026|2026_06
koga_(nue_no_onmyouji),character,2025
kogattaaot,artist,2025
kogiku_(bunnimals),character,2026|2026_06
koguma_ritsuka,character,2025
koguredesu,artist,2025
koh_(character),character,2025
koh_(koh_a),artist,2025
koha_(hlrqkqwd_2652),artist,2025
kohaku_(luminous_avenger_ix),character,2025|2026|2026_06
kohaku_(luminous_avenger_ix)_(cosplay),general,2025|2026|2026_06
kohaku_and_hisui_day,general,2025
kohara_hikari,artist,2025
koharu_madara_(blooming_babe),artist,2025
koharuchaya,artist,2025
koharuno_kokoro,artist,2025
kohitsuji_yachimi,artist,2025|2026|2026_06
koi_(benghuai_xueyuan),character,2025|2026|2026_06
koi_dorei_maso_sei,copyright,2025
koi_musubi_kitan,copyright,2025
koi_suru_shoujo_ni_sasayaku_ai_wa_misohitomoji_dake_areba_ii,copyright,2025
koi_wa_sennou_(vocaloid),copyright,2025
koi_wanko,artist,2026|2026_06
koihorkka,artist,2025
koike_(aoi_hada_no_ten'in_to_shiwasena_tomodachi),character,2025|2026|2026_06
koishikawa_iko's_brother,character,2025|2026
koiso_sayaka,artist,2025
koisuru_shirokuma_(module),general,2025
koiwaikana,artist,2025
koizumi_(ghoul_school),character,2025
koizumi_arata,artist,2025
koji_aihara,artist,2025
kojima_daiwa,artist,2025
kojima_masashi,artist,2025
kojiro_sbcl,artist,2025
kojirou_shinomiya,character,2025|2026
kokagremlin,artist,2025
koki_(user_caux4382),artist,2025|2026|2026_06
koko,artist,2025
koko_(tsuma_killer),character,2025
koko_huka,artist,2025
koko_nuts_(vtuber),character,2025
koko_wa_imo_kara_rinri_desu,copyright,2025|2026|2026_06
kokoa,artist,2025
kokoa_(walkman),character,2026|2026_06
kokodoko_(user_wvnv7445),artist,2025
kokokokokodari,artist,2025
kokona_(idolish7),character,2025|2026|2026_06
kokona_(idolish7)_(cosplay),general,2025|2026|2026_06
kokone_luna_(yumemi_channel),character,2025|2026|2026_06
kokonoki,artist,2025
kokoro_(mankai_kaika),character,2025
kokoro_yohou_(vocaloid),copyright,2026
kokorokeke,artist,2025
kokoroy,artist,2025
kokouko5213,artist,2025|2026|2026_06
kokuhaku,copyright,2025|2026|2026_06
kokuhime_rabbit-white_(uchi_no_hime-sama_ga_ichiban_kawaii),character,2025
kokuka_gnsn,artist,2025
kokuri_ryouzan,character,2025|2026|2026_06
kokuto_yu-ki,artist,2025
kokuu0227,artist,2025|2026|2026_06
kokuwamon_x,character,2025
kola,artist,2025
kola_lowenstein,character,2025|2026|2026_06
kolo_(font),general,2025
komachi_panko_(2nd_costume),character,2025|2026|2026_06
komachiya_komachi,artist,2025|2026|2026_06
komacho02,artist,2025|2026|2026_06
komacho_panko_(1st_costume),character,2025
komagusa,artist,2025|2026|2026_06
komai_px,artist,2026|2026_06
komainu_(yamaha1997),artist,2025|2026|2026_06
komainu_ears,general,2025|2026|2026_06
komainu_tail,general,2025|2026|2026_06
komari_shin,character,2025
komatsu_tatewaki,character,2025
komatsuna-ya,artist,2025
kome-kome_(precure),character,2025
kome-kome_(precure)_(cosplay),general,2025
kome-kome_(precure)_(human),character,2025
kome-kome_(precure)_(human)_(precure)_(children's_lunch_dress),character,2025
komegu_619,artist,2025|2026|2026_06
komekado,artist,2026
komeko_j,artist,2025
kometani_chuusaku,character,2025
komi_(trickcal),character,2025
komikokataxi,artist,2025
koml_(a984723629),artist,2025|2026|2026_06
kommandoh,artist,2025|2026|2026_06
komo378,artist,2025
komododoragonn,artist,2025
komomo_(ptkrx),artist,2025
komondor_dog_owner_(wonderful_precure),character,2025
komoodo,artist,2025
komori_hidehito,artist,2025
kompepperochu,artist,2025
komuff,artist,2025
komyaari,artist,2025
kon_(pixiv_115109859),artist,2026|2026_06
kon_(vrchat),character,2025|2026|2026_06
kon_(zigzag),artist,2025
konasu_01burst,artist,2025
konatsu_miki,artist,2025|2026|2026_06
kondo_koji,artist,2025
kondou_koushi,artist,2026|2026_06
kondou_takashi,general|character,2025|2026
kong,character,2025
kong_(bean),artist,2025
kong_taolo,character,2025
konghi98,artist,2025
kongiki_96,artist,2025
konguleum_konkumo,artist,2025
konima_kun,artist,2025
konishi_hiroshi,artist,2025
konishi_kanachi,character,2025|2026|2026_06
konjou,artist,2025|2026|2026_06
konnichiwa,artist,2025|2026
kono_koi_kizuite,copyright,2025
kono_yo_no_inga_wo_hazureta_mono,artist,2025
konoe_mamoru,artist,2025
konohana_sakuya_(persona_4),character,2025|2026|2026_06
konohana_sakuya_(uchi_no_hime-sama),character,2025
konoka624,artist,2025
konokotakenoko,artist,2026
konomi_(pixiv_1628832),artist,2025|2026|2026_06
konomi_okonogi,character,2025
konomiya_alisa,character,2025|2026|2026_06
konpuritsu,artist,2025|2026
konru03,artist,2026|2026_06
konzu_mei,artist,2025|2026|2026_06
koochi,artist,2025
kooh,character,2025
kooh_(cosplay),general,2025
koohee,artist,2025|2026|2026_06
koohiirin,artist,2025
kookoo,artist,2025
kooribinu,artist,2025
kopezo_0920_pikotan,artist,2025
kopicat,artist,2025|2026|2026_06
koppemeshi,artist,2025
kore_inu,artist,2025
korean_traditional_hat,general,2025|2026|2026_06
koremata_shikari,artist,2025
korenashi,artist,2025
koresuki_1,artist,2025
kori_(parfait_ehmy),character,2025
kori_(pixiv_27692799),artist,2026|2026_06
korin_tsuchimikado_(shironeko_project),character,2025|2026|2026_06
korinun_0234,artist,2025
korobit,character,2026|2026_06
korokor59513559,artist,2025
koropote,artist,2025
kory_hubbell,artist,2025
korylynnhubbell,artist,2025
koryuu_kagemitsu,character,2026
korzinka,artist,2025
kosagiyuki,artist,2025
kosaka_(fghc5845),artist,2025
kosaka_iori,character,2025|2026|2026_06
kosaka_jinnaizaemon,character,2025
kosal,artist,2025
kosan,artist,2025
kosei_makino,artist,2025
koseinou_ame_tatsu,artist,2025|2026|2026_06
koshika_rina,artist,2025|2026|2026_06
koshoushou,character,2025|2026|2026_06
koshoushou_(sengoku_musou),character,2025|2026|2026_06
kosode,general,2025|2026|2026_06
kosugi_shorn,character,2025
kota_(sukitokimekitokisu),artist,2025
kotamota,artist,2025|2026|2026_06
kotaro_chiba,artist,2025
kotaro_tamon,character,2026|2026_06
kotarou's_mom_(puniru_wa_kawaii_slime),character,2025|2026|2026_06
kotarou_(raincoat),artist,2025
kotarou_fuuma,character,2025|2026|2026_06
kotneciii,artist,2025|2026|2026_06
kotneo,artist,2025|2026|2026_06
koto_nico_umi,artist,2025
kotobuki-a,artist,2025|2026|2026_06
kotocurtain,artist,2025|2026|2026_06
kotokyan,artist,2025|2026|2026_06
kotomi_aihara,character,2025|2026|2026_06
kotomi_kotobuki_(kotobukiya_bishoujo),character,2025|2026|2026_06
kotomine_kirei_(fate/zero)_(cosplay),general,2025|2026|2026_06
kotone_(sanma_(tabet_)),character,2025
kotone_suzunami,character,2025|2026|2026_06
kotono_bando,character,2025|2026|2026_06
kotopan,artist,2025
kotorai,artist,2025|2026|2026_06
kotori_inaka,artist,2025|2026|2026_06
kotori_ukuwa,artist,2025|2026|2026_06
kotoriasobu_saya,character,2025
kottungyang,artist,2025|2026|2026_06
kou_(184756o),artist,2025|2026|2026_06
kou_(xcws3487),artist,2025|2026|2026_06
kou_nishikawa,artist,2025
kou_uuu,artist,2025|2026|2026_06
koubuin,artist,2025
kouchuu,character,2025
kouchuu_kanshou,character,2025|2026|2026_06
kouenji_sayaka_(escalation_heroine),character,2025
koufukuron,copyright,2026|2026_06
kougai,character,2025
kougyoku_(module),general,2025
kouichi_(everyday_host),character,2026|2026_06
kouji_okada,artist,2025|2026|2026_06
kouken,artist,2025
koukou,artist,2025|2026|2026_06
koureikyou_kou,artist,2025
kourie,artist,2025
kourin1219,artist,2025|2026|2026_06
kousaka_akane_(power_pro_kun_pocket),character,2025|2026|2026_06
kousen,artist,2025|2026|2026_06
koushi_rokushiro,artist,2025|2026|2026_06
kousonsan,character,2025
kouta42579530,artist,2026|2026_06
koutaishi_denka,character,2025
koutetunamekuji,artist,2025
koutya09,artist,2026|2026_06
kouyatsutou,artist,2025|2026|2026_06
kouzukikouichi,artist,2025
kouzukinxjp,artist,2025
kouzukirio,artist,2025
kowai_ojisan_(pokemon),general,2025
koyama_katsumi,artist,2025
koyama_rikako,artist,2025
koyamonpower,artist,2025|2026|2026_06
koyanskaya_(assassin)_(first_ascension)_(fate)_(cosplay),general,2025
koyanskaya_(assassin)_(second_ascension)_(fate)_(cosplay),general,2025
koyanskaya_(chinese_lostbelt_outfit)_(fate)_(cosplay),general,2025|2026|2026_06
koyanskaya_(foreigner)_(first_ascension)_(fate)_(cosplay),general,2025
koyanskaya_(lostbelt_beast:iv)_(fate)_(cosplay),general,2025
koyo_(pixiv10329842),artist,2025
koyokoyo,character,2025|2026|2026_06
koyuki_(koyuuuuuuuuuuu),artist,2025
koyuki_(pixiv_25211500),artist,2025|2026|2026_06
kozakura_men,character,2025
kozeni_isari,artist,2025
kozone_masami,artist,2025
kozuki_yuniko,character,2025|2026|2026_06
kozzz_y,artist,2025|2026|2026_06
kp944113,artist,2025|2026|2026_06
kpsf-asa,artist,2025
kpv_machine_gun,general,2025|2026|2026_06
kq5ghnx,artist,2025
kqq8,artist,2025|2026|2026_06
kraken_(mariverse),character,2025
kramer,general,2025
kramwj,artist,2025
kranseki,artist,2025|2026|2026_06
krazy_psycho_bass,copyright,2025
krg_rmm,artist,2025
kris_(female)_(fire_emblem),character,2025
kris_(female)_(fire_emblem)_(cosplay),general,2025
kris_(fire_emblem),character,2025
kris_(male)_(fire_emblem),character,2025
kris_(male)_(fire_emblem)_(cosplay),general,2025
kris_(male)_(plegian)_(fire_emblem),character,2025
kris_(male)_(plegian)_(fire_emblem)_(cosplay),general,2025
krisedge,artist,2025
kristina_(minori1997),artist,2025
krithia_(roco_kingdom:world),character,2025|2026|2026_06
krizart,artist,2025|2026|2026_06
krmg,artist,2025|2026|2026_06
krondogtte,artist,2025
kross,artist,2025
krossborn,artist,2025
krovi,artist,2025
krpi_p,artist,2025
kruck_(lionheart_witch),character,2025
krus_allgen,character,2026|2026_06
krusthien,artist,2026
kryptonek,artist,2025
krzk_pic,artist,2026|2026_06
ks_(ddph3248),artist,2025|2026|2026_06
ks_llil,artist,2026|2026_06
ksg_(tmfh5838),artist,2025|2026
ksi_47,artist,2025|2026|2026_06
ksnyr706,artist,2025|2026|2026_06
ksrg_nhr076,artist,2025|2026|2026_06
ksrgkaede,artist,2025
ksrgnhr_076,artist,2025|2026|2026_06
kst69,artist,2025
kttk_nrhn,artist,2025|2026|2026_06
ku_koro,general,2025|2026|2026_06
ku_otsuki,character,2026|2026_06
kuaile_hei_zi,artist,2025|2026|2026_06
kuailetouchui,artist,2025
kuangbao_chi_zai_tu_kuai,artist,2025
kuangtai_(amami_ryoko),artist,2025|2026|2026_06
kubo_(black-vinegar),artist,2025|2026|2026_06
kuboitomoko,artist,2025|2026|2026_06
kuchiguchi_juko,artist,2025
kuchirin,artist,2025|2026
kuchurage,artist,2025|2026|2026_06
kudakekudake_g,artist,2025
kudamono25253,artist,2025
kudasama,artist,2025|2026|2026_06
kudoi,character,2025|2026|2026_06
kufi_(hat),general,2025|2026|2026_06
kufufu_(shy),character,2025
kui_game,artist,2025|2026|2026_06
kuikui_(kuikui00skul),artist,2025
kuina,character,2025
kujo_asuna,character,2025|2026|2026_06
kujo_jolyne's_pose_(jojo),general,2025|2026|2026_06
kujo_jotaro's_pose_(jojo),general,2025|2026|2026_06
kujou_tenn,character,2025|2026|2026_06
kujyoo,artist,2025
kuki_(kukimoonie),artist,2025|2026|2026_06
kukimmaru666,artist,2025|2026|2026_06
kukui_(pokemon),character,2025
kukui_(pokemon)_(cosplay),general,2025
kukui_can,artist,2025
kukulcan,character,2025
kukulkan_(fate)_(grail_league)_(fate),character,2025
kukulkan_(korean_ver._7th_anniversary)_(fate),character,2026|2026_06
kukuo09,artist,2025
kulageninalitai,artist,2025
kulia0,artist,2026|2026_06
kulu-ya-ku_(palico_armor),general,2026|2026_06
kulumi_e,artist,2026|2026_06
kuma_(2014384421),artist,2025
kuma_(christmas_mode)_(kancolle),character,2025
kuma_(light_cruiser),general,2025|2026|2026_06
kuma_(onegai_my_melody),character,2025|2026|2026_06
kuma_(yukata_mode)_(kancolle),character,2025
kuma_meshigaumai,artist,2025
kuma_no_(y6lnv),artist,2025
kuma_zattadayo,artist,2025
kumadai,artist,2025
kumadaibako,artist,2025
kumagai_yuuki,artist,2025|2026|2026_06
kumagaya_nono,artist,2025
kumaisao,artist,2025|2026|2026_06
kumano_(christmas_mode)_(kancolle),character,2025
kumano_(jmsdf),general,2025|2026|2026_06
kumano_(school_girl_mode)_(kancolle),character,2025
kumano_maru_(christmas_mode)_(kancolle),character,2025
kumano_maru_(halloween_mode)_(kancolle),character,2025
kumano_maru_(haregi_mode)_(kancolle),character,2025
kumano_maru_(swimsuit_mode)_(kancolle),character,2025
kumano_maru_kai_(swimsuit_mode)_(kancolle),character,2025
kumanomata_kagiji,artist,2025
kumanomies,artist,2026|2026_06
kumanosuke,artist,2025|2026|2026_06
kumar_(benghuai_xueyuan),character,2026|2026_06
kumata,artist,2026|2026_06
kumatmo,artist,2025|2026|2026_06
kumavt,character,2025|2026|2026_06
kuminikke,artist,2025
kumo_(nico),artist,2025
kumo_sakamoto,artist,2025
kumochi,artist,2025|2026|2026_06
kumogorogoro,character,2025
kumonryuu_eliza_(fate),character,2025
kumonryuu_eliza_(fate)_(cosplay),general,2025
kumori_(user_fuew8728),artist,2025|2026|2026_06
kunagiri_izana,character,2025
kunagiri_machina,character,2025
kunagiri_machina_(cosplay),general,2025
kung-fu_villain_(grimms_notes),character,2025
kuni_no_hazure_no_renkinjutsu-hime,copyright,2025
kunimoto_yasuna_(satsuki),character,2025|2026|2026_06
kunio_miracle,artist,2025
kunitsu_takeshi,artist,2025
kuniyoshi_ami,artist,2025
kunochai,artist,2025|2026|2026_06
kunodro1101,artist,2026
kunoichi_(pokemon),character,2025|2026
kunugi_(user_vsam8753),artist,2025
kuon_tadano,character,2025
kuono_akiko,artist,2025
kuqi_wufa_chuandi_dao_de_difang_shi_meng,artist,2025
kur@ken,artist,2025|2026|2026_06
kurabeans,artist,2025
kurage,artist,2025
kurage_(piapro),artist,2025
kurage_cat_grid,artist,2025
kuraha,artist,2025
kuraid_draw,artist,2025
kurain_(kirby),character,2025
kurainvillager,artist,2025
kuraishi_rinngo,character,2025
kurako_(42237705),artist,2025
kurama-chan,artist,2025
kurama_teru,artist,2025|2026
kuramachi_anna,character,2025|2026|2026_06
kuramori_(haibane),character,2025
kuranosuke_(pop'n),character,2025
kurape_(pat1na),artist,2025|2026|2026_06
kurapixel_art,artist,2025
kurase,artist,2025|2026|2026_06
kurase_07,artist,2026|2026_06
kure_driftwood,artist,2025
kurea0399,artist,2025|2026|2026_06
kureha_daigo,character,2026|2026_06
kureiji_ollie_(5th_costume),character,2025
kureson_(o-ginn102),artist,2025|2026|2026_06
kuri_(kamirion),artist,2025
kuri_tori,artist,2025|2026|2026_06
kuridel_black,artist,2025|2026|2026_06
kurihara,artist,2025
kurikaeshi_yuri,artist,2025
kurikulink@ignister,character,2025|2026|2026_06
kurimoti0507,artist,2025
kurioshi_fio,character,2025
kurisu_illusiae,artist,2025
kurisu_sai,artist,2025
kurisumori_(whitenghost),artist,2025|2026|2026_06
kurisuteya,artist,2025
kuriwooo,artist,2025
kuro-nue224819,artist,2025
kuro-vortex92,artist,2025
kuro_(algolagniasm),artist,2025
kuro_(b_g),artist,2025|2026|2026_06
kuro_(cold_air),artist,2025|2026|2026_06
kuro_(doko_demo_issho),character,2025|2026|2026_06
kuro_(fox_form),character,2025
kuro_(human_form),character,2025
kuro_(little_busters),character,2025
kuro_(poodle_form),character,2025
kuro_(radio_world_cyber_angel)_(neural_cloud),character,2026|2026_06
kuro_(user_ruan7455),artist,2025
kuro_dora,artist,2025|2026|2026_06
kuro_gyaru,general,2025
kuro_ichigo43,artist,2025
kuro_kurenai_(2nd_costume),character,2025|2026|2026_06
kuro_usagi_(noshiikugoya),artist,2025|2026
kuroa_(kuroan),artist,2025|2026|2026_06
kurobara_28,artist,2025
kurobe_(tensei_shitara_slime_datta_ken),character,2025
kurobe_nanoka's_sister,character,2026|2026_06
kurobe_natsumi_(shiromanta),character,2025
kurocharu,artist,2026|2026_06
kurochijo,character,2025|2026|2026_06
kuroda,character,2025
kuroda_(manno(kanpi2100)),character,2025
kuroda_kanbei,character,2025
kuroda_roku_(345),artist,2025
kurodai_(kurodai556),artist,2025|2026|2026_06
kuroduki_(pieat),artist,2025
kuroe-tan,character,2025
kuroe_misa_(shuu_4_de_heya_ni_asobi_ni_kuru_shou_akuma_girl_haku_bittake!),character,2025
kuroha_(rockluo213),artist,2025
kuroha_eve,character,2025
kuroikuroe,artist,2025
kuroineko8822,artist,2026|2026_06
kuroka_wa,artist,2025
kurokami_kinniku_matsuri,artist,2025|2026|2026_06
kurokarutetto,artist,2025|2026|2026_06
kurokawa_masuzu,character,2025
kuroki_gai,character,2025
kurokiookami,artist,2025
kuroko1068,artist,2025
kurokouhi,artist,2025
kuromaki_sahara,artist,2025
kuromitsuchan3,artist,2025|2026|2026_06
kuronagi_(mitora_uwu),artist,2025
kurone_(benghuai_xueyuan),character,2025|2026|2026_06
kurone_(neguse3),artist,2025
kuroneko0202,artist,2025|2026|2026_06
kuroobi,character,2025
kurorettsu,artist,2025
kuroro_(go!_princess_precure),character,2025|2026|2026_06
kurosaki_71,artist,2025
kurosawa_rin_(aikatsu!),character,2025
kurosawa_rin_(aikatsu!)_(cosplay),general,2025
kurosawa_rin_(artist),artist,2025
kuroshiro5,artist,2025
kuroshiro_gurei,artist,2025|2026|2026_06
kurotama_tsukuda,artist,2025|2026|2026_06
kurotaru,artist,2025
kurousakun,artist,2025|2026|2026_06
kuroyagi_11,artist,2025
kuroyui,artist,2025
kuroyuu,artist,2025|2026|2026_06
kurozawa_maki,character,2025|2026|2026_06
kurozu_(crozu),artist,2025|2026|2026_06
kurt_0080,artist,2025
kuru1925,artist,2025|2026|2026_06
kurubusi-kai,artist,2025
kuruguru_9696,artist,2025|2026|2026_06
kurulm_2,artist,2025|2026|2026_06
kurumi_(yuru_yuri),character,2025
kurumi_lock_seed,general,2025|2026|2026_06
kurumi_take,artist,2025|2026|2026_06
kurumizawa_momo,character,2025|2026|2026_06
kurumizawa_momo_(noripro),character,2025|2026|2026_06
kurune_shishido,character,2025
kurusu72me,artist,2025|2026|2026_06
kurusu_makina,character,2025|2026|2026_06
kurusu_makina_(milky_galactic_universe),character,2026|2026_06
kurusugawa_emi_(kurumi),character,2025|2026|2026_06
kuruto.,artist,2025|2026|2026_06
kuryarya_edaruto_ngoro,character,2026|2026_06
kus,artist,2025|2026|2026_06
kusa_(kusa77),artist,2025
kusa_kabura,artist,2025
kusa_mori,artist,2025
kusairo_sakura,artist,2025
kusakabe_yoshiyanagi,general,2025
kusanagiky16008,artist,2025
kusari_(escalation_heroine),character,2025
kushi_(artist),artist,2025|2026
kushikara,artist,2025|2026|2026_06
kushimori_hiwako,character,2025
kusina_nada,character,2025|2026|2026_06
kuso_onna_ni_sachi_are,copyright,2025|2026|2026_06
kusodaimazin,artist,2025
kusodima,artist,2025
kusumoto_elle,character,2025
kusunoki_mashige_(historical_figure),character,2025|2026|2026_06
kusunoppera-bou_(mononoke),general,2025
kusuri_(user_dfpf4837),artist,2025|2026|2026_06
kusuriuri_(dark),character,2025
kutaro,artist,2025|2026|2026_06
kutohni_(gachiakuta),character,2025
kuu,artist,2025
kuu_(haibane),character,2025
kuudoh_(artist),artist,2025
kuuga_(amazing_mighty),general,2025
kuuga_(dragon),general,2025
kuuga_(growing),general,2025
kuuga_(mighty),general,2025
kuuga_(pegasus),general,2025
kuuga_(rising_dragon),general,2025
kuuga_(rising_pegasus),general,2025
kuuga_(rising_titan),general,2025
kuuga_(titan),general,2025
kuuga_riderwatch,general,2025
kuujou_kiriya_(cosplay),general,2025|2026|2026_06
kuurimuart,artist,2025
kuuro_the_catious,character,2025
kuuurusuke,artist,2025
kuwabara_(medetaya),artist,2025|2026|2026_06
kuwaikan,artist,2025
kuwan,artist,2025
kuweezawa,artist,2025|2026|2026_06
kuya_c3,artist,2025
kuyukumu,artist,2025
kuzan_(aokiji),character,2025
kuzan_(aokiji)_(cosplay),general,2025
kuziaaizuk,artist,2025
kuzukazura,artist,2025
kuzumochi,artist,2025|2026|2026_06
kuzumoti,artist,2025|2026|2026_06
kuzuryu_masatoki,character,2025|2026
kvohmz8zs972itj,artist,2025|2026|2026_06
kwkm_g,artist,2025
kwkme4k,artist,2025
kwnri,artist,2025|2026|2026_06
kyaiware,artist,2025
kyarairo,artist,2025
kyarameruumashi,artist,2025
kyelyn,artist,2025
kyeriart,artist,2025
kyleguilbault,artist,2025|2026|2026_06
kymg,artist,2025
kyo-akemori,artist,2025
kyo_touya,artist,2025
kyocho,character,2025
kyocho_chuukou,character,2025|2026|2026_06
kyodaikaijuu,artist,2025|2026|2026_06
kyogoku_natsuhiko,character,2025
kyoko_(zeprii4),artist,2025|2026|2026_06
kyokotsu_(ragnador),character,2025|2026|2026_06
kyokucho_(datubenpi),artist,2025
kyomkyom11750,artist,2025
kyomunyannyan,artist,2025
kyon_(zmwh8222),artist,2025|2026|2026_06
kyoruu,artist,2025
kyosi-3,artist,2025|2026
kyou.,artist,2025
kyou_(kemono_friends),character,2025|2026
kyou_no_okazu:_chaos_na_karada,copyright,2025|2026
kyoudaidon_(sex),general,2025|2026|2026_06
kyoui_hakuyaku,character,2025
kyoujixxx,artist,2025
kyouka_hatori,artist,2025
kyoukai_(pixiv3064042),artist,2025
kyouko's_father_(madoka_magica),character,2025
kyouko's_mother_(madoka_magica),character,2025
kyouwa,artist,2025
kyoya_suda,character,2025|2026|2026_06
kyrkyma464405,artist,2025|2026|2026_06
kyros,character,2025
kyudoli,artist,2025|2026|2026_06
kyungnam234,artist,2025
kyuppon1,artist,2025
kyururin_te_shitemite,copyright,2025
kyuu_(finalres_cue),artist,2025
kyuu_(q_des9),artist,2025|2026|2026_06
kyuu_(taijiu08310712),artist,2025|2026|2026_06
kyuuki-san,character,2025|2026|2026_06
kyuupura,artist,2025
kyuusaku_nose,character,2025
kyuusyohouraiji,artist,2025
kyuutame,artist,2025
kyuwon3380,artist,2025
kyyhkynen,artist,2025
l'arc_(shy),character,2025|2026|2026_06
l'cirufe,character,2025
l0017_jr,artist,2025
l2vxugjvw8t4tqo,artist,2025
l3fxammvpc36173,artist,2025
l3yent,artist,2025
l_a_boomboom,character,2025|2026
l_m00g,artist,2025|2026|2026_06
la+_darknesss_(4th_costume),character,2025
la100paloma,artist,2025|2026|2026_06
la_bar,artist,2025
la_kokiii,artist,2025
la_manchaland_(location),general,2026
la_mer_(escalation_heroines),character,2025|2026|2026_06
la_pluma_(arknights)_(cosplay),general,2025
la_pluma_(elite_ii)_(arknights),character,2026|2026_06
la_pucelle,copyright,2025|2026|2026_06
la_sera_art,artist,2025
la_volpe,character,2025|2026|2026_06
lab_girl_(module),general,2025
laboratory_glassware,general,2025
labret,general,2025
labyrinth_(film),copyright,2025
lace-trimmed_legwear,general,2025
lace-up_sleeves,general,2025
lace_(hollow_knight:_silksong),character,2025
lace_legwear,general,2025
lace_trim_hakama,general,2025|2026|2026_06
lacey_(gumi),artist,2025
lachesis_(tower_of_fantasy),character,2026|2026_06
lackless,artist,2025
lacrimosa_(neverness_to_everness),character,2025|2026|2026_06
lactation_into_mouth,general,2025
ladder_zombie_(plants_vs_zombies),character,2025
laditosbaldosa,artist,2026|2026_06
lady-marta-lualdi,artist,2025|2026|2026_06
lady_avalon_(first_ascension)_(fate),character,2025|2026|2026_06
lady_beek,artist,2025
lady_flat_chest_(kaedeko),character,2025
lady_of_the_lake,character,2025|2026|2026_06
lady_ruri,character,2025
lady_tremaine_(cosplay),general,2025
lady_zhen_(wangzhe_rongyao),character,2025|2026|2026_06
ladybee_(character),character,2025|2026|2026_06
ladybug_(character),character,2025
ladybug_(character)_(cosplay),general,2025
ladykuki,artist,2025
laetitia_(lupin_iii),character,2025|2026|2026_06
laevatein_(arknights),character,2025|2026|2026_06
laevatein_(tail),general,2025|2026|2026_06
lafitte,character,2025
lafitte_(cosplay),general,2025
lagka_rocka,artist,2025|2026|2026_06
lagler,character,2025|2026|2026_06
laian_(one_punch_man),character,2025|2026|2026_06
laica_(marfusha),character,2025
laica_(marfusha)_(cosplay),general,2025
laika_(pixiv),artist,2025
lailo_illust,artist,2025
laimu_(vtuber),character,2025|2026|2026_06
laimu_(vtuber)_(1st_costume),character,2025|2026|2026_06
laimu_(vtuber)_(cozy),character,2025|2026|2026_06
laimu_(vtuber)_(huntress),character,2025|2026|2026_06
laimu_(vtuber)_(summer),character,2026|2026_06
laimu_(vtuber)_(winter),character,2025|2026|2026_06
laine_powell,artist,2025
laithraihan,artist,2025|2026|2026_06
lakshmi_(benghuai_xueyuan),character,2025|2026|2026_06
lala521293,artist,2025
lalah_7th,artist,2025|2026|2026_06
lalala,artist,2025
lalalaleng,artist,2025
lam_(ramdayo)_(style),general,2025|2026|2026_06
lama_sara114433,artist,2026|2026_06
lamarr,character,2025|2026|2026_06
lamb_(2021_film),copyright,2025
lambda_(kage_no_jitsuryokusha_ni_naritakute!),character,2025|2026|2026_06
lamidien,artist,2025
lammis_(jidou_hanbaiki_ni_umarekawatta_ore_wa_meikyuu_wo_samayou),character,2025
lampylumen_myriad,character,2026
lamretta's_mom,character,2025|2026|2026_06
lan_jinli_x,artist,2025|2026|2026_06
lan_shang_shanwa,artist,2025
lan_wangji_(dark),character,2025|2026|2026_06
lan_zi_qiqi,artist,2025
lana_(cosmikaizer),character,2025|2026|2026_06
lanbobo35568,artist,2025
lancelot_(boukoku_no_akito),character,2025|2026|2026_06
lancelot_(dark_formal)_(fate)_(cosplay),general,2025
lancelot_(formal_dress)_(fate)_(cosplay),general,2025
lancelot_(hand_in_hand)_(fate/grand_order),character,2026|2026_06
lancelot_du_lac,character,2025|2026|2026_06
lancer_(worudrleh1),artist,2025
land_dragon,general,2025
land_rover,general,2025
land_style,character,2025
lanfsir_(artist),artist,2025|2026|2026_06
langley_(christmas_mode)_(kancolle),character,2025
langley_(swimsuit_mode)_(kancolle),character,2025
langley_(world_of_warships),character,2025
langou62797,artist,2025
language_request,meta,2025
lanhui814,artist,2025
lanjinli_1231,artist,2025|2026|2026_06
lanlan_zhi_paopao,artist,2025|2026|2026_06
lanounart,artist,2025|2026|2026_06
lanshan_wei_jiao,artist,2025|2026|2026_06
lantern_of_chaldea_(fate),general,2025|2026|2026_06
lantu,character,2025
lanwentuzstudio,artist,2025
lao_bei_fong,character,2025
lao_g,character,2025
laojun_(the_legend_of_luoxiaohei),character,2025|2026|2026_06
laosduude,artist,2025
laoshan_shengshui,artist,2025
lap,general,2025|2026|2026_06
lapel_id,general,2026|2026_06
lapin,character,2025
lapis_lazuli_(species)_(steven_universe),general,2026|2026_06
lapis_lazulite,character,2025
lapis_sky_sailor_uniform_(project_sekai),general,2025
laplace_(benghuai_xueyuan),character,2025|2026|2026_06
laplace_(legend_clover),character,2025|2026|2026_06
lapokat,artist,2025
lappland_(ambience_synesthesia)_(arknights),character,2025|2026|2026_06
lappland_(refined_horrormare)_(arknights)_(cosplay),general,2025|2026|2026_06
lapwing,general,2025
lara_(vtuber),character,2025
larahhhhhhish,artist,2025
laranthrod,artist,2025
laras_(roh_anima),character,2025
lare03205710818,artist,2026|2026_06
large_anus,general,2025
large_pussy,general,2025
large_wings,general,2025
largo_the_unshackled,character,2025
larimer_(jewelpet),character,2025
larizu,artist,2025|2026|2026_06
larkles,artist,2025
larmaries,general,2025
lars_rorschach_(books_of_tales),character,2025
laru_mine,character,2025
larue_(jujutsu_kaisen),character,2025|2026|2026_06
larue_(jujutsu_kaisen)_(cosplay),general,2025|2026|2026_06
larva_tiamat_(event_portrait)_(fate),character,2025
larva_tiamat_(final_ascension)_(fate/grand_order_arcade),character,2025
larva_tiamat_(first_ascension)_(fate)_(cosplay),general,2025
larva_tiamat_(third_ascension)_(fate),character,2025
larva_tiamat_(third_ascension)_(fate/grand_order),character,2025
lasahido,artist,2025
laser_penis,general,2025
laser_projector,general,2025
lasoldatmort,artist,2025
lassiu,character,2025
last753,artist,2025
last_episode,copyright,2025
last_order_final_fantasy_vii,copyright,2025|2026|2026_06
lastangel17th,artist,2025
latham34991198,artist,2026|2026_06
lati2,artist,2025
latiya_(benghuai_xueyuan),character,2026|2026_06
latte,artist,2025
latte_(lll_2510),artist,2026|2026_06
lattice_dragonmaid,character,2025
lattice_dragonmaid_(cosplay),general,2025
laughing_wolves,general,2025
launcher_(dungeon_and_fighter),character,2025
laura_(castlevania_ooe),character,2025
laura_(street_fighter),character,2025|2026
laura_kinney,character,2025|2026|2026_06
lauren_iroas_(2nd_costume),character,2025|2026|2026_06
lauroshiren,artist,2025
lava_(a_ray_of_sunshine)_(arknights),character,2025
lava_the_purgatory_(ambience_synesthesia)_(arknights),character,2025|2026|2026_06
lavadiol,artist,2026
lavarre,character,2025
laventon_(pokemon),character,2025
lavinia_voda_(code_vein_ii),character,2026|2026_06
lavlav0,artist,2025
lawachurl,character,2025
lawg1126,artist,2025
lawrece,artist,2025|2026|2026_06
layeon46412531,artist,2025|2026|2026_06
layercake1111,artist,2025
layered_sleeve,general,2026|2026_06
layla_(akashic_chronicle),character,2025|2026|2026_06
laytonlegalluke,artist,2025
lazarusaurusrex,artist,2025|2026|2026_06
lazgear,artist,2025|2026|2026_06
lazuli_witch,artist,2025|2026|2026_06
lazuriteammonia,artist,2025
lazy_fufu,character,2026|2026_06
lazy_pillow,artist,2025|2026|2026_06
lazyremnant,artist,2025|2026|2026_06
lbg037,artist,2025
lbrightbladel,artist,2025|2026|2026_06
lby0818,artist,2025|2026|2026_06
lcrma,artist,2025|2026|2026_06
ldn_rdnt,artist,2025
le_mans_(film),copyright,2025
le_temps_des_fleurs_(ensemble_stars!),general,2025
leader_(crosscore),character,2025|2026|2026_06
leader_(female)_(crosscore),character,2026|2026_06
leader_(sunsirou),character,2025|2026|2026_06
leaf_(henkyou_no_kusushi),character,2025
leaf_(lodoss_war),character,2025
leafmat_(arknights),character,2026|2026_06
leafy_(battle_for_dream_island),character,2026
league_of_extraordinary_gentlemen,copyright,2025
leah_(lieus_g),artist,2025
leamun,artist,2025
leandroyep,artist,2025
leaned-back_reverse_cowgirl_position,general,2026|2026_06
leannya,character,2025|2026|2026_06
learjet,general,2025|2026|2026_06
learning_from_the_past_(ensemble_stars!),general,2025
leash_removed,general,2025
leblanc_(league_of_legends),character,2025|2026|2026_06
leblanc_(league_of_legends)_(cosplay),general,2025|2026|2026_06
lecia_(motto_haramase_honoo_no_oppai_chou_ero_apuri_gakuen!),character,2025
lectermurasaki,artist,2025|2026|2026_06
lee_(ambience_synesthesia)_(arknights),character,2025|2026|2026_06
lee_kiyeon_(regressor's_instruction_manual),character,2025
lee_sin,character,2025|2026|2026_06
lee_sin_(cosplay),general,2025|2026|2026_06
lee_songbaek,character,2025
lee_sunkist,artist,2025
leech_seed,general,2025
leedonghyun821,artist,2025|2026|2026_06
leehongchul,artist,2025
leenarieart,artist,2025|2026|2026_06
leg_hold,general,2025|2026|2026_06
leg_only,general,2025|2026|2026_06
leg_over_thigh,general,2025|2026|2026_06
legend_(1985_film),copyright,2025
leggings_around_one_leg,general,2025|2026|2026_06
legia_salamander_(grimms_notes),character,2025
leglet,general,2025
legrais_hadrien,artist,2025
legs_grab,general,2025|2026|2026_06
legwarmer_pull,general,2025
lei_(knfz7274),artist,2025|2026|2026_06
lei_bin,character,2025
leica,artist,2025
leichter_panzerspahwagen,general,2025|2026|2026_06
leicia,character,2025
leif_(emblem)_(fire_emblem),character,2026|2026_06
leila_(pokemon),character,2025
leilyn,artist,2025
leise_heldebrand,character,2025
leizi_(ambience_synesthesia)_(arknights),character,2025|2026|2026_06
lele_(roco_kingdom:world),character,2026|2026_06
lella_nyam,artist,2025|2026|2026_06
lelruoxuesenlan,artist,2025|2026|2026_06
lemia_(benghuai_xueyuan),character,2025|2026|2026_06
lemochan_man,artist,2026
lemoco99,artist,2025
lemon_(dlraud1123),artist,2025
lemon_energy_arms,character,2025
lemon_meringue_(1980s),character,2025
lemon_meringue_(2009),character,2025
lemonbooks,general,2025
lemonolem,artist,2025
lemonyan,character,2026
len_(maplestory),character,2026|2026_06
lena_(someone_stop_her),character,2026|2026_06
lena_bayer_(ryu_seok),character,2026|2026_06
lenea_(eldrid_alm),character,2025
leni_madeleine_jensen,artist,2025
lenni_(ponymoe),character,2025
lennon,character,2025
lens,general,2025|2026|2026_06
lens_flare_abuse,general,2025
lentaro_yonemal,artist,2025|2026|2026_06
lenticular_print,general,2025|2026
leo_(picnic)_(fire_emblem),character,2025
leo_(seashore's_prince)_(fire_emblem),character,2025
leo_(valentine)_(fire_emblem),character,2025
"leo_beck_(""aladdin"")",character,2025|2026|2026_06
leo_corbett,character,2025
leomodesto,artist,2025|2026|2026_06
leon_(ixion_saga),character,2025|2026
leona_(league_of_legends),character,2025|2026|2026_06
leona_(league_of_legends)_(cosplay),general,2025|2026|2026_06
leona_(leonie),artist,2025
leonardo_da_vinci_(fate)_(cosplay),general,2025|2026|2026_06
leonardo_da_vinci_(swimsuit_ruler)_(fate)_(cosplay),general,2025|2026|2026_06
leonardo_da_vinci_(witch_of_moonlit_night)_(fate)_(cosplay),general,2025|2026|2026_06
leone_(arknights),character,2025|2026|2026_06
leonhardt_(ambience_synesthesia)_(arknights),character,2025|2026|2026_06
leonidas_(benghuai_xueyuan),character,2025|2026|2026_06
leonlionheart,artist,2025
leopa_(dream_game),character,2025
leopard_print_clothes,general,2026|2026_06
leopard_print_scarf,general,2026
leporidae_mortis,artist,2025
lepus_(crosscore),character,2026|2026_06
leroi,artist,2025
lesley_(akashic_chronicle),character,2025|2026|2026_06
lestat_danyael,artist,2025
letsseecapri,artist,2025|2026|2026_06
lettuce-labo,artist,2025
leubi540152,artist,2025
leukocoria,general,2026|2026_06
leuvenklasse,artist,2025|2026|2026_06
leva,artist,2025|2026|2026_06
leverboo_(zenless_zone_zero),character,2025|2026|2026_06
levi-kuroko,artist,2025
levi_(benghuai_xueyuan),character,2025|2026|2026_06
levia-conig,artist,2025
leviraziel,artist,2025|2026|2026_06
levizo,artist,2025
lewd_crest,general,2025
lewdkitzu,artist,2025|2026
lewes_meyer,character,2025|2026|2026_06
lexington_(cv-16)_(beloved)_(broken)_(warship_girls_r),general,2025
lexington_(cv-16)_(beloved)_(normal)_(warship_girls_r),character,2025
lexington_(cv-16)_(retrofit)_(broken)_(warship_girls_r),general,2025
lexington_(cv-16)_(retrofit)_(normal)_(warship_girls_r),general,2025
lexxercise,artist,2025
lezzcargot,artist,2025|2026|2026_06
lgc_cat,artist,2025
lgw7,artist,2025|2026|2026_06
lh7-7,artist,2025
li01m4jte7qiakj,artist,2025
li983096,artist,2025|2026|2026_06
li_(chuanyue_xiyuan_3000_hou),character,2025|2026|2026_06
li_chestnuts,artist,2025
li_cree,artist,2025|2026|2026_06
li_dian,character,2025
li_fudie,character,2025
li_huowang_(hongzhong),character,2025
li_ling_(nezha),character,2025
li_qingning_(the_legend_of_luoxiaohei),character,2025|2026|2026_06
li_ru,character,2025
li_shuwen_(old)_(bar-troia)_(fate),character,2025
li_sui,character,2025
lian_shi,character,2025|2026|2026_06
lian_shi_(shin_sangoku_musou),character,2026|2026_06
lian_xuan_dao,artist,2025|2026|2026_06
liannnn77,artist,2025
libeccio_(christmas_mode)_(kancolle),character,2025
libeccio_(halloween_mode)_(kancolle),character,2025
libeccio_(swimsuit_mode)_(kancolle),character,2025
libeccio_(tsuyu)_(kancolle),character,2025
liberasing_along_(idolmaster),general,2025|2026|2026_06
liberator_(helldivers),general,2025
libero_art,artist,2025|2026|2026_06
liberta,character,2025|2026|2026_06
liberta_(brown_dust_2),character,2025|2026|2026_06
liberta_(dark_saintess)_(brown_dust_2),character,2025|2026|2026_06
liberta_(onsen_manager)_(brown_dust_2),character,2025|2026|2026_06
licheu,artist,2025|2026|2026_06
licht_(beatmania_iidx),character,2025
licking_arm,general,2025
licking_pussy,general,2025
licowish,artist,2025
licwiz_1103,artist,2025|2026|2026_06
lidatan,artist,2025|2026|2026_06
lidd,artist,2026|2026_06
lidelle_(andromeda)_(puyopuyo),character,2025|2026|2026_06
lidelle_(cure_lemonade)_(puyopuyo),character,2025|2026|2026_06
lie6804159,artist,2025|2026
lieselotte_ewigegnade,character,2025|2026|2026_06
lieutenant-rei,artist,2025
liezl_ronquillo,artist,2025
life_(2017_film),copyright,2025
life_is_strange,copyright,2025
lifeng_(endfield),character,2025|2026|2026_06
lifting_curtains,general,2025
lifting_sex,general,2026|2026_06
light-bulb_mouth,character,2025|2026|2026_06
light_(gacha_level._9999),character,2025|2026
light_arrows,general,2025|2026|2026_06
light_blue_hair,general,2025|2026|2026_06
light_brown_background,general,2025
light_brown_hair,general,2025|2026|2026_06
light_cruiser,general,2025|2026|2026_06
light_pillar,general,2025
light_purple_hair,general,2025|2026|2026_06
light_reflection_(water),general,2025|2026|2026_06
light_sketch,artist,2026|2026_06
lighter_hair_ornament,general,2025
lighter_skin,general,2025
lightning_attacker,general,2025
lightning_hornet,general,2025|2026|2026_06
lightning_spark,general,2025
lightning_stone_(module),general,2025
lightning_style_(naruto),general,2025|2026|2026_06
lightningaddict,artist,2025
lightningjungle,general,2025|2026|2026_06
lightshellduo,artist,2025
lightsinx,artist,2025
lightstick,general,2025|2026|2026_06
lihouwang,artist,2025|2026|2026_06
liji_likou,artist,2025
like_a_wasabi,artist,2025|2026|2026_06
lil'_maji_mage,character,2025
lilac10ry,artist,2025
lili_(shirosaba),character,2025|2026|2026_06
lilia,artist,2025
lilia_creative,artist,2025|2026|2026_06
lilia_vanrouge_(apprentice_chef),character,2025
liliantsai0417,artist,2025|2026|2026_06
liliiliillj,artist,2025
lililito1026,artist,2025
lilith-abdl,artist,2025|2026
lilith-fetish-abdl,artist,2026
lilith_(benghuai_xueyuan),character,2026|2026_06
lilith_(gomulgong),character,2026|2026_06
lilith_(machikado_mazoku)_(homunculus),character,2025
lilith_degree,artist,2025
lilith_itou_(signalis),character,2025|2026|2026_06
lilith_ker,artist,2025|2026|2026_06
lilith_shall,artist,2025|2026|2026_06
lilithmon_x,character,2025|2026|2026_06
lilithn,artist,2025
lilium,artist,2025
lilium_(flower),general,2025
lilium_(lancccw),artist,2025|2026|2026_06
lilli_(lillianorii),artist,2025|2026|2026_06
lillia_&_treize,copyright,2025
lillia_(league_of_legends),character,2025|2026|2026_06
lilliana_formonde,artist,2025|2026|2026_06
lillie_helioterrace_(rivun),character,2025
lilly_(comodomodo),character,2025
lilrosieroe,artist,2025
lilum,artist,2025|2026|2026_06
liluonan99985,artist,2025
lily's_mom_(tyrone),character,2025|2026|2026_06
lily-spiry,artist,2025
lily881003,artist,2025
lily_(kalos),character,2025
lily_(nyaruko),artist,2025
lily_(stellar_blade),character,2025|2026
lily_(yoku_wakaranai_kedo),character,2025
lily_baek,character,2025|2026|2026_06
lily_pad_(plants_vs_zombies),character,2025
lily_santos,artist,2025
lily_watson_(lupin_iii),character,2026|2026_06
lilya_holmes,artist,2025
lilylilili52488,artist,2025
lim_dall-young,artist,2025
lima,character,2025
limb0su0,artist,2025
limbless,general,2025
lime_necklace,general,2025
limeilin200669,artist,2025
limi,artist,2025|2026|2026_06
limible,artist,2025
limit_deji,artist,2025|2026|2026_06
limneticlupus,artist,2025
limon_(laimu),character,2025|2026|2026_06
limozi_limozi,artist,2025
lin_(ambience_synesthesia)_(arknights),character,2025|2026|2026_06
lin_bei_fong,character,2025
lin_lin_lin_lin_kai,artist,2025|2026|2026_06
lin_samet,artist,2025|2026|2026_06
lin_the_world_painter,artist,2025|2026|2026_06
lina_mannik,artist,2025
lina_rojas,artist,2025
linchain,artist,2025
linchuanzelaip,artist,2025
linda_bergkvist,artist,2025
lindwurm_the_gunhammer_dragon,character,2026|2026_06
line-san,character,2025
line_cookie_run,copyright,2025|2026|2026_06
linen_jacket,general,2025|2026|2026_06
ling_(ambience_synesthesia)_(arknights),character,2025|2026|2026_06
ling_(elite_ii)_(arknights),character,2026|2026_06
ling_ling_miao_jiao_cui,artist,2025
ling_tong,character,2025
ling_tong_(sangoku_hime),character,2025
ling_yi_(benghuai_xueyuan),character,2025|2026|2026_06
ling_yu_(15974115107),artist,2025|2026|2026_06
lingsha_zhuye,artist,2025
linhoct11,artist,2025
linjiangriyue,artist,2025
link!_like!_love_live!,copyright,2025|2026|2026_06
link_(eggworking),artist,2025|2026|2026_06
linkage_(module),general,2025
linkaimane,artist,2025
linlvjia,artist,2025
linmei,character,2025
linpa93,artist,2025|2026|2026_06
lintette,character,2025|2026|2026_06
lintette_(swimsuit),character,2025|2026|2026_06
linuxthepenguin,artist,2025
lio,artist,2025
liodegalon,character,2025|2026|2026_06
lion_(trickcal),character,2026
lion_invess,character,2025|2026
lion_senki,general,2025|2026|2026_06
lion_shirt_girl_(diva),character,2025
lionek,character,2025|2026|2026_06
lionfranky,artist,2026
lionrockz1,artist,2025
lip_touching_object,general,2025
lip_van_winkle,artist,2025
lipe-san,artist,2025|2026|2026_06
lippal_(benghuai_xueyuan),character,2026|2026_06
lipstick_mark_on_cheek,general,2025|2026|2026_06
lipton_(artist),artist,2025
liquid_on_legs,general,2025
liquorice,artist,2025|2026
lirika_matoshi,general,2025
lis_(bilibili_12060312),artist,2025|2026|2026_06
lis_(lupin_iii),character,2025|2026|2026_06
lis_noir,artist,2025
lisa_(castlevania),character,2025
lisa_hayes,character,2025
lisayuki10v3,artist,2025
lise_akyan,character,2025
lishiori,artist,2025|2026|2026_06
lisianne_(brown_dust_2),character,2025|2026|2026_06
lisianthus_(flower),general,2025|2026|2026_06
lisola,artist,2025
lissa_(child)_(fire_emblem),character,2025
lissandra_(league_of_legends),character,2025|2026|2026_06
liter132,artist,2025|2026|2026_06
little_(artist),artist,2025
little_kings_(ensemble_stars!),general,2025|2026|2026_06
little_naughty_bags,copyright,2025
little_red_ridding_hood_(force_of_will),character,2025
little_red_riding_hood,copyright,2025
little_red_riding_hood_(grimm),character,2025
little_red_riding_hood_(grimm)_(cosplay),general,2025
little_soulsquasher,character,2025
little_witch_academia:the_enchanted_parade,copyright,2025|2026|2026_06
littleaxel,artist,2025
littlebambdraws,artist,2025|2026|2026_06
littlehobby,artist,2025
littlelilikoi,artist,2025|2026|2026_06
littlemay528,artist,2025|2026|2026_06
littlepanpang,artist,2025
littlepolka,artist,2025|2026|2026_06
littleulvar,artist,2025
littorio_(christmas_mode)_(kancolle),character,2025
littorio_(halloween_mode)_(kancolle),character,2025
littorio_(swimsuit_mode)_(kancolle),character,2025
littorio_(valentine's_mode)_(kancolle),character,2025
litz_pics,artist,2025
liu_association_(identity)_(project_moon),general,2025
liu_bei,character,2025|2026|2026_06
liu_bei_(cosplay),general,2025|2026|2026_06
liu_bei_(fetc),character,2025|2026|2026_06
liu_che,character,2025
liu_mengli_(xian_jian_qi_xian_zhuan_4),character,2025
liu_shan,character,2025
liu_xiu,character,2025
liuka-57,artist,2025
liumdarkzhiyin,artist,2025|2026|2026_06
liuyu,artist,2025
live_twin's_sunny_snitch,character,2025|2026|2026_06
livebeetle,artist,2025
liverpool0427,artist,2025
living_habits,artist,2026|2026_06
liwa_(u_rai_la),artist,2025
liyin_(neptune),artist,2025
liyu215722,artist,2025
lizabell,character,2025|2026|2026_06
lizaoyuwanzidan_(weibo6293423540),artist,2025
lize_helesta_(10th_costume),character,2025|2026|2026_06
lize_helesta_(11th_costume),character,2026|2026_06
lize_helesta_(2nd_costume),character,2025|2026|2026_06
lize_helesta_(3rd_costume),character,2025|2026|2026_06
lize_helesta_(4th_costume),character,2025|2026|2026_06
lize_helesta_(5th_costume),character,2025|2026|2026_06
lize_helesta_(6th_costume),character,2025|2026|2026_06
lize_helesta_(7th_costume),character,2025|2026|2026_06
lize_helesta_(8th_costume),character,2025|2026|2026_06
lize_helesta_(9th_costume),character,2025|2026|2026_06
lizzu,artist,2025
lkskorea4,artist,2025
llamapaca0120,artist,2025
llexmatte,artist,2025
llhotorill,artist,2025|2026|2026_06
llir_omr,artist,2025
lllll_111,artist,2025|2026|2026_06
lly_blue,artist,2025|2026|2026_06
llyanatherasll,artist,2025
lmn3_illust,artist,2025
lo_edwardlo311,artist,2025
lo_mi_gai,general,2026|2026_06
load_bearing_equipment,general,2025|2026|2026_06
load_bearing_vest,general,2025|2026|2026_06
lobbyrinth,artist,2025
lobelmont,artist,2025
lobo-del-viento,artist,2025|2026|2026_06
lock_(go!_princess_precure),character,2025|2026|2026_06
lock_(go!_princess_precure)_(cosplay),general,2025|2026|2026_06
lock_seed,general,2025|2026|2026_06
locke20,artist,2025
locked_senju,artist,2026
lococo_little_puppeteer,character,2025
loen's_sister_(brown_dust_2),character,2025|2026|2026_06
loen_(brown_dust_2),character,2025|2026|2026_06
loen_(brown_dust_2)_(cosplay),general,2025|2026|2026_06
loen_(celebrity_bunny)_(brown_dust_2),character,2025|2026|2026_06
loen_(last_hope)_(brown_dust_2),character,2025|2026|2026_06
loen_(track_and_field_team)_(brown_dust_2),character,2025|2026|2026_06
log_dog,artist,2025|2026|2026_06
logicalist_(module),general,2025
logicsterrr,artist,2025|2026|2026_06
logos_(elite_ii)_(arknights),character,2026|2026_06
loho,general,2025
loiza0319,artist,2025
loken_(arknights),character,2025
lokhyan,artist,2025
loki_(saint_seiya),character,2025
loldragongg,artist,2025
loldwell,artist,2025
lolifreak,artist,2025
lolita_(novel),copyright,2025
lolita_kimono,general,2025
lollerblob,artist,2025
lollipop_(battle_for_dream_island),character,2025|2026|2026_06
lolory,character,2025
lomelody0220,artist,2025
lone-momo,artist,2025|2026|2026_06
loneroad_unreturned_caleb,character,2026|2026_06
lonestar_(comm_open),artist,2025|2026|2026_06
long-eared_miyabi_(meme),general,2025
long_animal_ears,general,2026|2026_06
long_beam_rifle,general,2025
long_cannon,general,2025
long_fall_boots,general,2025|2026|2026_06
long_grass,general,2025|2026|2026_06
long_jacket,general,2025|2026|2026_06
long_locs,general,2025|2026|2026_06
long_navel,general,2026|2026_06
long_sempei,artist,2025
longhorn,character,2025
longstocking,character,2025
longsword-chan_(centurii),character,2025
longswordsman_(aoe2),character,2025
longtail,character,2025|2026|2026_06
longyoushuangruozhui,artist,2025|2026|2026_06
lonupichi810,artist,2025
lookatmymeat1,artist,2025
looking_at_back,general,2026
looking_at_chest,general,2025
looking_at_own_stomach,general,2025
looking_through_another's_legs,general,2025
looking_through_doughnut,general,2025
looking_through_fingers,general,2025|2026|2026_06
loopy_(pororo),character,2025|2026|2026_06
lopy0120,artist,2025
lord_of_the_frenzied_flame_(elden_ring),character,2025|2026|2026_06
lord_phillock,artist,2025
lordsjaak,artist,2025
lordsuchandsuch,artist,2025|2026
lordunclebobby_(artist),artist,2025
lorelei_(benghuai_xueyuan),character,2025|2026|2026_06
lorelei_(module),general,2025
loreley_(benghuai_xueyuan),character,2025|2026|2026_06
loremipsumdolor,artist,2025
lorna_shore,general,2025
lortelle_kecheln_(the_extra's_academy_survival_guide),character,2025
losloslos_lx3,artist,2025|2026
lostack3,artist,2025
lottie,artist,2025
lotus_temple,artist,2025
lotusmice,artist,2025|2026
lou_(code_vein),character,2026|2026_06
lou_smith,artist,2025
louback_lavoura,artist,2025
loudvoice_(arknights),character,2026|2026_06
louis_kim,artist,2025
louisart7acc,artist,2025|2026|2026_06
louise-artist,artist,2025
louise_(fndlwm),artist,2025
louise_halevy's_mama,character,2025
louri_chishino_(artist),artist,2025
loux,artist,2025
love-bumble,artist,2025
love-chan_(kizuna_ai),character,2025
love98u,artist,2025|2026|2026_06
love_heart_arrow_(dokidoki!_precure),general,2025|2026|2026_06
love_jugement_(mace),general,2025
love_laby,copyright,2025
love_live!_bluebird,copyright,2025
love_live!_nijigasaki_high_school_idol_club_kanketsu-hen,copyright,2025
love_live!_school_idol_festival_after_school_activity,copyright,2025
lovelydagger,artist,2025|2026|2026_06
loverchigen,artist,2025
loveyoudyl,artist,2025|2026|2026_06
loving_fufu,character,2025|2026|2026_06
low-cut,general,2025|2026|2026_06
low-cut_dress,general,2025
low-tied_hair_ring,general,2025|2026|2026_06
low-tied_sidelock,general,2026|2026_06
low_0426,artist,2026|2026_06
low_battery,general,2025
low_battery_notification,general,2025
low_bore_axis_revolver,general,2025
low_tied_hair,general,2025
lowleg_tankini,general,2025|2026|2026_06
loyne_kliman_(benghuai_xueyuan),character,2025|2026|2026_06
loznsfw,artist,2025|2026|2026_06
lpeg,artist,2025
lrl23wznet74220,artist,2025
lspark_art,artist,2025|2026|2026_06
lsr_assassin,artist,2025
lt26,artist,2025|2026|2026_06
ltamaranl,artist,2025
lting,artist,2025
lu's_dad,character,2025|2026
lu_bellissimo,character,2025|2026
lu_bu,character,2025|2026|2026_06
lu_bu_(cosplay),general,2025|2026|2026_06
lu_meng,character,2025|2026|2026_06
lu_su,character,2025
lu_xun_(cosplay),general,2025|2026|2026_06
lu_xun_(sangoku_hime),character,2025
lu_yi,character,2025
lu_zhu_zhi,artist,2025
lua_(ebonyxh),character,2025|2026|2026_06
luca_balsa_(viper),character,2025|2026|2026_06
lucas_(bugle_call),character,2025|2026|2026_06
lucas_(inoiiying),character,2025|2026
lucerne_(benghuai_xueyuan),character,2025|2026|2026_06
luchino_(crystalline),character,2025|2026|2026_06
lucia88956289,artist,2025
lucia:_crimson_abyss_(apocalyptic_cyan)_(pgr),character,2025
lucia:_crimson_abyss_(final_journey)_(pgr),character,2025
lucia:_crimson_abyss_(pgr),character,2025
lucia:_crimson_abyss_(seaside_sunbath)_(pgr),character,2025
lucia:_crimson_abyss_(volatile_priestess)_(pgr),character,2025
lucia:_crimson_weave_(galloping_speed)_(pgr),character,2025
lucia:_crimson_weave_(pgr),character,2025
lucia:_crimson_weave_(tsubaki)_(pgr),character,2025
lucia:_crimson_weave_(zhuolu's_rain)_(pgr),character,2025
lucia:_pyroath_(wedding_dress)_(pgr),character,2025
lucia_(grand_theft_auto),character,2025
lucia_(megami_tensei),character,2025
lucia_(mii),character,2025|2026
lucia_(user_mhzr8747),artist,2025
lucia_(zenless_zone_zero),character,2026|2026_06
lucia_schwartzer,character,2025
lucian_(adian_no_tabi),character,2025
lucian_(league_of_legends),character,2025|2026|2026_06
lucian_(league_of_legends)_(cosplay),general,2025|2026
lucias,character,2025
luciasatalina,artist,2025
lucien_(benghuai_xueyuan),character,2025|2026|2026_06
lucifer_(benghuai_xueyuan),character,2025|2026|2026_06
lucifer_(nuu_monst),character,2025
lucifroz,character,2025|2026
lucina_(brave_princess)_(fire_emblem),character,2025|2026|2026_06
lucina_(brave_princess)_(resplendent)_(fire_emblem),character,2025|2026|2026_06
lucina_(emblem)_(fire_emblem),character,2025|2026|2026_06
lucina_(glorious_archer)_(fire_emblem),character,2025|2026|2026_06
lucius_(wizard_and_black_cat_wiz),character,2025
lucky.o,artist,2025
lucky_(101_dalmatians),character,2025|2026
lucky_strike_(artist),artist,2025|2026|2026_06
lucky_zero,artist,2025
luckycrow,artist,2025
luckygirl0818,artist,2025
luckytea_777,artist,2025
lucy_(bechoco),artist,2025
lucy_creila,character,2025|2026|2026_06
lucy_menelumia,character,2025
ludeweixilaopo,artist,2026|2026_06
luenartt,artist,2025
luffel_(p5x),character,2025
luggage,general,2025|2026|2026_06
lugoca,artist,2025|2026|2026_06
luichemax,artist,2025|2026|2026_06
luigi_(mystery_land),character,2026|2026_06
luigi_(space_land),character,2026|2026_06
luigi_(tennis_aces),character,2025|2026|2026_06
luigi_(western_land),character,2026
luiiferdev,artist,2025|2026|2026_06
luis_cammy_(4th_costume),character,2025|2026|2026_06
luise_(hepari),character,2025|2026|2026_06
luka_(pokemon),character,2025
lukadraww,artist,2025|2026
luke_lerdwichagul,character,2025|2026|2026_06
luki_(mina1003517),artist,2025|2026|2026_06
lukias,artist,2025|2026|2026_06
lukiya,artist,2025
lukuwo2333,artist,2025
lulis,character,2025
lulla_(comodomodo),character,2025
lulu_(i3093se),artist,2025
lulu_(league_of_legends),character,2025|2026|2026_06
lulu_(league_of_legends)_(cosplay),general,2025|2026|2026_06
lulu_(nanaushi),character,2026|2026_06
lulu_cerrado,character,2025
lum4rten_crimes,artist,2025
lumi-mae,artist,2025
lumi_wish,artist,2025
lumiere,character,2025
lumina_(mogumo),character,2025
lumine,copyright,2025|2026|2026_06
luming,character,2025|2026|2026_06
lumitia,character,2025
lun22333,artist,2025
lun_ch,artist,2025
luna's_dad,character,2025|2026|2026_06
luna's_mom,character,2025|2026|2026_06
luna31800,artist,2025
luna_(l000llaby),artist,2025|2026|2026_06
luna_(mogumo),character,2025
luna_(self-insert),character,2025
luna_(tos),character,2025|2026|2026_06
luna_city,character,2025
luna_clia,character,2025|2026|2026_06
luna_kim_(delta_force),character,2026|2026_06
luna_transporter,general,2025
luna_transporter_ii,character,2025
lunamaria_estel,artist,2025
lunar_eclipse_senna,character,2025|2026|2026_06
lunara_(heroes_of_the_storm),character,2025
lunaros,artist,2025
lunavanilla,artist,2025
lune_(clair_obscur:_expedition_33),character,2026|2026_06
lune_the_hedgehog,character,2026|2026_06
lunlun,character,2025|2026|2026_06
lunlun_(cosplay),general,2025|2026|2026_06
lunox_(akashic_chronicle),character,2025|2026|2026_06
lunox_(akashic_chronicle)_(iridescent_nocturne),character,2025|2026|2026_06
luo_qiangwei,artist,2025|2026|2026_06
luo_sou_sou,artist,2025
luo_stack,artist,2025|2026|2026_06
luo_tian_er,artist,2025|2026|2026_06
luo_xiao_hei_cat,artist,2025|2026|2026_06
luo_xiaohei_zhanji,copyright,2025|2026|2026_06
luoke_wangguo,copyright,2025
luongnights,artist,2025
luosi_taco,artist,2025
luowei_roui,artist,2025
luoxuan_jingjie_xian,copyright,2025|2026|2026_06
luoxuanyouxing,artist,2025
luozhu_(the_legend_of_luoxiaohei),character,2025|2026|2026_06
luozhu_(the_legend_of_luoxiaohei)_(cosplay),general,2025|2026|2026_06
lupa,character,2025
lupa_(cosplay),general,2025
lupin_sansei_vs_meitantei_conan,copyright,2025|2026|2026_06
luping,general,2025
lupinus_(ss2_agasa),artist,2025
lupo_(trickcal),character,2025
lurch_(addams_family),character,2025|2026|2026_06
lurch_(addams_family)_(cosplay),general,2025|2026|2026_06
lurenseed,artist,2025
lurien_(hollow_knight),character,2025|2026|2026_06
lurien_(hollow_knight)_(cosplay),general,2026
lury.sgh,artist,2025
lush_(hentai-foundry),artist,2025|2026|2026_06
lustercool,artist,2025|2026|2026_06
lustmuderd,artist,2025
lutonada_(sending_thoughts)_(arknights),character,2026|2026_06
luwanch,artist,2026|2026_06
lux_(league_of_legends),character,2025|2026|2026_06
lux_(league_of_legends)_(cosplay),general,2025|2026|2026_06
lux_lucielle,artist,2025
luxia,character,2025
luxiel_(kouyoku_senki_exs-tia),character,2025
luxuria_(kouyoku_senki_exs-tia),character,2025
luya_(benghuai_xueyuan),character,2025|2026|2026_06
luze_selen_el_philizar,character,2025
lv4pa,artist,2025
lv_dagun,general,2025|2026|2026_06
lvielvyi,artist,2025|2026|2026_06
lw_og3,artist,2025|2026|2026_06
lwana_(rightnowrnnn),artist,2025
lxi141,artist,2025
lycorite,character,2025
lydi-lydi_(jes),artist,2025
lydia_(ponymoe),character,2025
lydia_rutgard,character,2025
lydialing_draws,artist,2025|2026|2026_06
lydie_elranger,character,2025|2026|2026_06
lydie_elranger_(cosplay),general,2025|2026|2026_06
lying_on_crotch,general,2025
lykier_loosteen,character,2025
lyla_(guild_no_uketsukejou_desu_ga),character,2025
lyn49556,artist,2026
lyn_(emblem)_(fire_emblem),character,2025|2026|2026_06
lynetterartisto,artist,2025
lynne_yoshii,artist,2025
lynx_(crosscore),character,2025|2026|2026_06
lyon's_dad_(another_eidos-r),character,2025|2026|2026_06
lyric,artist,2025
lysander_(airplane),general,2025
lysithea_von_ordelia_(a_new_future),character,2025|2026|2026_06
lythdraws,artist,2025
lz1f_ds3,artist,2025|2026|2026_06
lzyhyt13024,artist,2025
m-21,general,2025|2026|2026_06
m-e-o-ww,artist,2025|2026|2026_06
m-ko,character,2025|2026|2026_06
m-sawa2,artist,2025
m-shiganai,artist,2025
m.o.m.o.,character,2025
m.o.m.o._(cosplay),general,2025
m.o.t.h._logo_(honkai_impact),general,2025
m.s._corley,artist,2025
m/26,general,2025|2026|2026_06
m00nend,artist,2026|2026_06
m0n0cl0,artist,2025
m10cm,artist,2025
m10shangrila,artist,2025|2026|2026_06
m12,general,2025
m13_(war_thunder),character,2025
m1523m,artist,2025|2026
m1917_enfield,general,2025|2026|2026_06
m2_carbine,general,2025|2026|2026_06
m2_dax_x_x,artist,2025
m3_grant,general,2025
m3_lee,general,2025|2026|2026_06
m3gris3,artist,2026|2026_06
m4rcyart,artist,2025|2026|2026_06
m60_sherman,general,2025
m84_stun-grenade,general,2025|2026|2026_06
m88_hercules,general,2025
m_art_of,artist,2025|2026|2026_06
m_lemonsour,artist,2025
m_mmig,artist,2025|2026|2026_06
m_vo_rv,artist,2025
m_yu_ya_(274931),artist,2025
ma,artist,2025
ma-kia,artist,2025
ma3nilla,artist,2026
ma8,artist,2025
ma9da8o12,artist,2026
ma_(aaayabaina111),artist,2025|2026|2026_06
ma_2,artist,2025|2026|2026_06
ma_dai,character,2025|2026|2026_06
ma_ex02,artist,2025
ma_g,artist,2025
ma_ji,character,2025
maa,artist,2025
maa_(forsythia1729),artist,2025|2026|2026_06
mabui_(poloon),artist,2025|2026|2026_06
mac_(youkai_watch),character,2025|2026|2026_06
mac_chan10,artist,2026|2026_06
maca_(tunic),artist,2025
macapacarons,artist,2025
macci_(opossumachine),character,2025
mach_driver,general,2025
mach_fgo,artist,2026|2026_06
machairodus_(crosscore),character,2025|2026|2026_06
machi_(ritovoyage),artist,2025|2026|2026_06
machi_mikaketa_shoujo,character,2025
machida_rei,character,2025
machiko_(machi_machi),artist,2025
machina_prince_(grimms_notes),character,2025|2026|2026_06
machine-translated,meta,2025
machine_chaser,character,2025
machita_chima_(2nd_costume),character,2025|2026|2026_06
machita_chima_(3rd_costume),character,2025|2026|2026_06
machita_chima_(4th_costume),character,2025|2026|2026_06
machita_chima_(5th_costume),character,2025|2026|2026_06
machita_chima_(6th_costume),character,2025|2026|2026_06
machita_chima_(7th_costume),character,2025|2026|2026_06
machu,artist,2025|2026
machunyan,artist,2025|2026|2026_06
mackro_t,artist,2026|2026_06
macmegagerc,artist,2025
macxes,artist,2025|2026|2026_06
mad3oka,artist,2025|2026|2026_06
mad_hacker_(yu-gi-oh),character,2025|2026|2026_06
mad_hatt3rr,artist,2025
mad_hatter_(benghuai_xueyuan),character,2025|2026|2026_06
mada_(hi_club),character,2025
madamfro,artist,2025|2026|2026_06
madan_(kkh8936),artist,2025|2026|2026_06
madaruru,artist,2025|2026|2026_06
madeleineink,artist,2025
madeline_(madeline),character,2025
madellie_parnepoli,character,2025
madesagora,character,2025
madisama,artist,2025
madishon_saga,artist,2025
madmag1990,artist,2025|2026|2026_06
madmoshie,artist,2025
madofuki,artist,2025
madogiwa_henshuu_to_baka_ni_sareta_ore_ga_futago_jk_to_doukyosuru_koto_ni_natta,copyright,2025
madoi,character,2025|2026|2026_06
madoi_shiroki_no_kamikakushi,copyright,2025
madoi_shiroo,artist,2025
madoka's_partner_(chainsaw_man),character,2025|2026|2026_06
madoka_(nangoku_sodachi),character,2025|2026|2026_06
madoka_m_agica,artist,2025|2026|2026_06
madolab_ch,artist,2026|2026_06
madonna_(singer)_(cosplay),general,2025|2026
madoura_cyber,artist,2025
madu_(honeybreqd),artist,2025|2026|2026_06
maduin_(final_fantasy),character,2025|2026|2026_06
maebari_pull,general,2025|2026|2026_06
maechuu,artist,2025|2026|2026_06
maeda_akari_(ruri_dragon),character,2025
maeda_keiji,character,2025|2026|2026_06
maejpg_.,artist,2025|2026|2026_06
maekami,character,2025|2026|2026_06
maelle_(clair_obscur:_expedition_33),character,2026|2026_06
maemura_yoko,artist,2025
maenou_koichi,artist,2025
maestrale_(halloween_mode)_(kancolle),character,2025
maestrale_(swimsuit_mode)_(kancolle),character,2025
maestrale_kai_(swimsuit_mode)_(kancolle),character,2025
maeyamada_ken'ichi,artist,2025
mafia-c,artist,2025|2026
mafioso_(dream_game),character,2025
mafumofu,character,2025
mafuyu_(zsds5773),artist,2025
maga_(chun),artist,2025|2026|2026_06
maganaworks,artist,2026|2026_06
magda_(atelier),character,2025|2026|2026_06
magdalena_(twnkle_star_knights),character,2025|2026|2026_06
mage_(335656),artist,2025
mage_(dungeon_and_fighter),character,2025
magellan,character,2025
maggie_(benghuai_xueyuan),character,2025|2026|2026_06
magia107,artist,2025
magic_chef_(module),general,2025
magic_conch_shell_(spongebob_squarepants),character,2025
magic_girl_melvie,character,2025|2026|2026_06
magic_lantern_(ensemble_stars!),general,2025|2026|2026_06
magic_the_hard,character,2025
magical_miracle_metagalphose_(synthv),copyright,2025
magical_musket,general,2025|2026|2026_06
magical_ria,artist,2025
magikarunukorenka,artist,2025
maglev_ahoge_(oamiadufic),artist,2025|2026|2026_06
magma_knuckle,general,2025|2026|2026_06
magna_(kid_icarus),character,2025
magna_naumann,character,2025|2026|2026_06
magne_(magnekiwa),artist,2025
magnesium_(maeda_koutarou),character,2025|2026|2026_06
magnet-shroom_(plants_vs_zombies),character,2025
magnifistorming_crothea,character,2026|2026_06
magnifistorming_megala,character,2026|2026_06
magnifying_grass_(plants_vs_zombies),character,2025
magnolia_(armored_core),character,2025
magnolia_(pokemon),character,2025
magnolia_(pokemon)_(cosplay),general,2025
magnum_boost,general,2025|2026|2026_06
magnum_ninja_form,general,2025|2026|2026_06
magpie_(batman),character,2025|2026
magto0611,artist,2026|2026_06
magukappumagukappu,general,2025
maguma_(105470114),artist,2025|2026|2026_06
magyorou_(pokemon),character,2026|2026_06
mahanimu,artist,2025
mahara_jamboree_(love_live!),general,2025
mahcl_(mhcl3466),artist,2025
maho_(kurakon),character,2025
mahou_no_nai_sekai_de_ikiru_koto,copyright,2025
mahou_shoujo-chan_(mahoshoj0),character,2025|2026|2026_06
mahou_shoujo_clara_and_sueya_shokushu_ni_naburare_naedoko_ni_ochita_futari,copyright,2025
mahoushani,artist,2025
mai_(ponymoe),character,2025
mai_kitakami_1,artist,2025|2026|2026_06
mai_liang_pi_xiang_jiang_qing_jiang_bi_ou_ti,artist,2025
maibinillust,artist,2025
maichiatto,artist,2025
maid-san_(artist),artist,2025
maid_(fire_emblem)_(cosplay),general,2025
maid_(mechanical_buddy_universe),character,2025
maid_(mechanical_buddy_universe)_(cosplay),general,2025
maikaze_(yukata_mode)_(kancolle),character,2025
maikelaien,artist,2025|2026|2026_06
maiko_(accio),character,2025|2026|2026_06
mail_delivery_(ensemble_stars!),general,2025|2026|2026_06
mairimashita!_iruma-kun_mafia_au,copyright,2026|2026_06
mairu_(user_2757),artist,2025|2026|2026_06
maizang217,artist,2025|2026|2026_06
majed_(koshika_rina),character,2025|2026|2026_06
majestic_stone_(module),general,2025
majinmushr83133,artist,2025|2026|2026_06
majipuddi,artist,2025|2026
majo_puri,copyright,2025|2026|2026_06
majora_(entity),character,2025|2026|2026_06
majors_(nijisanji),general,2025|2026|2026_06
maka_(luciddreamer2),artist,2025
maka_(user_mnph8322),artist,2025
makabe_makoto_(artist),artist,2025
makabe_tsurubushi,character,2026
makamaka,artist,2025
makaron5656,artist,2025
makenkani,artist,2025
makeup_request,meta,2025
maki2mawaru,artist,2025|2026|2026_06
maki_no_arare,artist,2025
makigumo_(swimsuit_mode)_(kancolle),character,2025
makigumo_kai_ni_(swimsuit_mode)_(kancolle),character,2025
makihara_yukihiro,artist,2025
makina_(milky_highway),character,2025
makinami_(christmas_mode)_(kancolle),character,2025
makinami_(halloween_mode)_(kancolle),character,2025
making,artist,2025
making_lover,copyright,2025
makisa,artist,2025|2026|2026_06
makita_saki,artist,2025
makita_yamaru,character,2025|2026|2026_06
makkamu,artist,2025|2026|2026_06
makki0707,artist,2025
makkura,artist,2025
mako_(sv),character,2025
mako_nitta,artist,2025
makotoo,artist,2025
makotoonxx,artist,2025
makslus70,artist,2025
maku_spout_(zelda),character,2025|2026|2026_06
makura666,artist,2025|2026|2026_06
makura_u9b,artist,2025|2026|2026_06
mal3n_(wwo2002),artist,2025
malak_(malaktota20),artist,2025|2026|2026_06
malchutt,general,2025
male_byleth_(emblem)_(fire_emblem),character,2026|2026_06
male_byleth_(enlightened)_(fire_emblem),character,2025
male_chest,general,2025|2026|2026_06
male_hand,general,2025
male_monokuma_kid,character,2025
male_protagonist_(pokemon_champions),character,2025|2026|2026_06
male_robin_(emblem)_(fire_emblem),character,2026|2026_06
male_voyager,character,2025
malena_(film),copyright,2025
malice<p>cheshire_cat,character,2025
malice<p>dormouse,character,2025
malice<p>white_rabbit,character,2025
malice<q>hearts_of_crypter,character,2025
malice<q>red_ransom,character,2025
malice<q>white_binder,character,2025
malice_bloodless,character,2025|2026|2026_06
malik_caesars,character,2025|2026|2026_06
malik_caesars_(cosplay),general,2025|2026|2026_06
malik_caesars_(detective_suit),character,2025|2026|2026_06
malik_caesars_(lifeguard),character,2025|2026|2026_06
malik_caesars_(model_soldier),character,2025|2026|2026_06
malik_caesars_(principal_studsworth),character,2025|2026|2026_06
malletsnake,artist,2025
malliseeed,artist,2025
malme_toniya,character,2025
maloba_bara,artist,2025
malphite,character,2025|2026|2026_06
malzahar,character,2025|2026|2026_06
mama_(punch_punch_forever!),character,2025|2026|2026_06
mama_higurashi,character,2025
mama_uehara_(walkman),character,2026|2026_06
maman_(shuugetsu_karasu),character,2025|2026|2026_06
mamayouji,artist,2025
mamba,artist,2025
mambolinaart,artist,2025|2026|2026_06
mameko_0211,artist,2026|2026_06
mameluke_sword,general,2025|2026|2026_06
mamemo_baka,artist,2025|2026|2026_06
mamepote,artist,2025|2026|2026_06
mameshiba_mamesuke,artist,2025
mamimokudasai,artist,2025
mamimumemo,artist,2025
mamiya_(christmas_mode)_(kancolle),character,2025
mamiya_(swimsuit_mode)_(kancolle),character,2025
mamma_mia!,copyright,2025
mamo_(dokidoki!_precure),character,2025|2026|2026_06
mamochi_mitsuru,artist,2025
mamoru_(mamorukun_curse!),character,2026|2026_06
mamoru_munakata,character,2025|2026|2026_06
mamorukun_curse!,copyright,2026|2026_06
man-at-arms_(aoe2),character,2025
man12690133,artist,2025
man_(pixiv16978),artist,2025
man_ge,artist,2025|2026|2026_06
man_ray_(spongebob_squarepants),character,2025
mana_ayase,character,2026|2026_06
mana_livingstone,character,2025|2026|2026_06
manab_101,artist,2025|2026
manabu_yashiro,artist,2025|2026|2026_06
manaflare_amil,character,2025
manager,general,2025|2026|2026_06
manager_(suicide_girl),character,2025
manaita,artist,2025|2026|2026_06
manaka_iwashiro,artist,2025|2026|2026_06
manaka_tomonaga,character,2025
manamisan,artist,2025
manannan_mac_lir_(event_portrait)_(fate),character,2025
manannan_mac_lir_(fate),character,2025
manannan_mac_lir_(fist_of_hail)_(fate),character,2025
manannan_mac_lir_(hot_springs_table_tennis)_(fate),character,2025
manarama,artist,2025
manas_(benghuai_xueyuan),character,2025|2026|2026_06
manase_(danzai_no_judith),character,2025|2026|2026_06
manbou_no_ane,artist,2025
manche5ter,artist,2025|2026|2026_06
manchukuo_army,general,2025
manchuria,general,2025|2026|2026_06
mancomb_seepwood,artist,2025
manda_(eyelashes),artist,2025|2026|2026_06
mandela_catalogue,copyright,2025|2026|2026_06
mandor_gundam,character,2026
mandrake_costume,general,2025|2026|2026_06
mandricardo_(bloom_in_spring)_(fate)_(cosplay),general,2025
mandricardo_(fgo_x_takarazuka_kinen)_(fate),character,2026|2026_06
mandy_(totally_spies),character,2025|2026|2026_06
manesoushi_ooe,artist,2025
manga_club_(ensemble_stars!),general,2025|2026
manga_eris,artist,2025|2026|2026_06
manga_masaki_hiiragi,artist,2025|2026
manga_temple_(font),general,2025
mangabot_(mechanical_buddy_universe),character,2025|2026|2026_06
mangoshake,artist,2025
manhattan_cafe_(creeping_black)_(umamusume),character,2026|2026_06
manhuixinghai,artist,2025|2026|2026_06
mani_(evdoll),artist,2025
mani_(second-dimension),artist,2025|2026|2026_06
mani_mani_(vocaloid),copyright,2025
manikamo19,artist,2025|2026|2026_06
manimarough,artist,2025
maniminimanimou,artist,2025|2026|2026_06
manji,character,2025
manji_fushicho,character,2026|2026_06
manji_taba,artist,2025
manma,artist,2025
manna,artist,2025
mannermana,artist,2025
mannmaruu,artist,2025|2026|2026_06
mano_akine,character,2025
mano_natsue,character,2025
manobo,artist,2026|2026_06
manohiro_yuki,artist,2025
manon_des_sources_(film),copyright,2025
mansaya,character,2025|2026|2026_06
mansu_(user_pnmp4287),artist,2025|2026|2026_06
mansui_(epiao),character,2025
mantarousan,artist,2025
mantle,general,2025|2026|2026_06
mantle_clock,general,2025|2026|2026_06
mantoupu,artist,2025
manual,general,2025|2026|2026_06
manus,artist,2025
mao_(mawodec),artist,2025
mao_jjj,artist,2025|2026|2026_06
mao_ya_lapis,artist,2026|2026_06
mao_zhu_er,artist,2025
maodou_wawa_(roco_kingdom:world),character,2025|2026|2026_06
maokai,character,2025|2026|2026_06
maomantou,artist,2025
maon00,artist,2025
maoooqiu,artist,2025
maosu_ccc,artist,2026|2026_06
maotai,artist,2025
maou_(40hara),character,2025|2026|2026_06
marathon_(sports),general,2025|2026|2026_06
marc!,artist,2025
marc_artfred,artist,2025|2026
marcel,character,2025|2026
marceline_abadeer_(cat_sweater),character,2026|2026_06
marceline_abadeer_(distant_lands),character,2026|2026_06
marceline_abadeer_(sun_hat),character,2026|2026_06
marcell240298,artist,2025
march_(crosscore),character,2025|2026|2026_06
march_7th_(apparel)_(honkai:_star_rail),character,2025|2026|2026_06
march_7th_(future_market)_(honkai:_star_rail),character,2025
marchesa_(racehorse),character,2026|2026_06
marco_polo_(touhou_kenbun_roku),character,2025
marcus_lin,artist,2025
marcus_parston,character,2025
marcusthevisual,artist,2025
mare_hoshizora,character,2025
maree_rouge_(3d)_(crosscore),character,2026
maree_rouge_(crosscore),character,2025|2026|2026_06
marfin4dtwo,artist,2025
marfusha,copyright,2025
marfusha_(marfusha),character,2025
margaretha_zelle_(aromatherapy),character,2025|2026|2026_06
margaretha_zelle_(krono),character,2025|2026|2026_06
margarethe_(berl_to_okashi_no_ie),character,2025
margarita_taichou,artist,2025
margaritataichou,artist,2025
margo,character,2025|2026|2026_06
marhor,artist,2025|2026
mari_gold_(bunnimals),character,2026|2026_06
maria_(isekai_meikyuu_no),character,2025
maria_(kuzukago),character,2025|2026|2026_06
maria_(maria_rose),artist,2025|2026|2026_06
maria_ershova,artist,2025
maria_hanazono,character,2025|2026|2026_06
maria_luna_kanzaki,character,2025|2026
maria_magdalene_(berl_to_okashi_no_ie),character,2025
maria_marionette_(2nd_costume),character,2025
maria_marionette_(3rd_costume),character,2025
maria_na_s,artist,2025|2026|2026_06
maria_no_bara,copyright,2025|2026|2026_06
mariage,character,2025
maricchi,artist,2025|2026|2026_06
marie_(agent_2/casual)_(splatoon),character,2025
marie_antoinette_(festival_outfit)_(fate)_(cosplay),general,2025
marie_antoinette_(fgo_x_takarazuka_kinen)_(fate),character,2025|2026|2026_06
marie_antoinette_(swimsuit_caster)_(crystal_dress)_(fate),character,2025
marie_antoinette_(swimsuit_caster)_(fate),character,2025
marie_antoinette_(swimsuit_caster)_(fate)_(cosplay),general,2025
marie_antoinette_(third_ascension)_(fate)_(cosplay),general,2025
mariel_esterido,character,2025|2026|2026_06
marigold_(plants_vs_zombies),character,2025
mariirasuto7,artist,2025|2026|2026_06
mariko_kawamoto,artist,2025
mariko_sino,artist,2026|2026_06
marikyuunn,artist,2025|2026|2026_06
marikyuunn_(vtuber),character,2025|2026|2026_06
marikyuunn_(vtuber)_(classic),character,2025|2026|2026_06
marikyuunn_(vtuber)_(cosplay),general,2025|2026|2026_06
marikyuunn_(vtuber)_(cyber_cupid),character,2025|2026|2026_06
marikyuunn_(vtuber)_(modern),character,2025|2026
marillite,character,2025|2026|2026_06
marilyn_(ghoul_school),character,2025
marimari_(vtuber)_(marimari_2.0),character,2026|2026_06
marimohako,artist,2025
marimon_m,artist,2025|2026|2026_06
marin_(pixiv_id_77945339),artist,2025|2026|2026_06
marin_kirizumi,character,2025
marina-laochan,artist,2025
marina_agitando,character,2025
marinachan,artist,2025|2026|2026_06
marine_(216631),artist,2025|2026|2026_06
marine_nemo_(retravel)_(fate),character,2026|2026_06
marine_the_raccoon_(nobleman),character,2025|2026|2026_06
mariner_10,character,2025|2026|2026_06
marintruth,artist,2025
mario_(tennis_aces),character,2026|2026_06
mario_(western_land),character,2026|2026_06
mario_basketball_3on3,copyright,2025|2026|2026_06
mario_kart_9,copyright,2025
mario_nachi,character,2025
marionette_(module),general,2025
mariposa,character,2025
mariya_(joel_g),character,2025
mark_(butt-berry),artist,2025
mark_(winds_of_hope)_(fire_emblem),character,2025
mark_heathcliff_(mandela_catalogue),character,2026|2026_06
mark_van_haitsm,artist,2025
marka13,artist,2025
markas_piyo,artist,2025
marked_one,character,2025
marking_on_shield,general,2025
marlene,character,2025
marlene_(mospeada),character,2025
marley_(ponymoe),character,2025
marlin,character,2025|2026|2026_06
marlo_aquiza,artist,2025
marmastry,artist,2025
maro,artist,2025
maro_(maro0vtuber),artist,2026|2026_06
marokko,artist,2025
maron_(uchuu_ryokou),character,2025
maron_(yat),character,2025
maron_my1112t-hu,artist,2025
marpat_desert,general,2025|2026|2026_06
marquis_de_la_fayette,character,2025
marquis_de_sade,general,2025
marriage_toxin,copyright,2025
marroncaramel_i,artist,2025
marrowdown,artist,2025|2026
marry_(dead_zone),character,2025|2026|2026_06
marsel_arts,artist,2025
marshadow_(gloom),character,2025
marshal_(rhythm_tengoku),character,2025
marshall_(seiken_densetsu),character,2025|2026|2026_06
marshmallow_(ghoul_school),character,2025
marshmallow_braid,general,2025|2026|2026_06
marshy's_mom_(marshy),character,2025|2026
marskind,artist,2025
martal,artist,2025
martalaz,artist,2025
marth_(emblem)_(fire_emblem),character,2025|2026|2026_06
martha_(aerial_drive)_(fate)_(cosplay),general,2025
martha_(holy_maiden's_teaching)_(fate)_(cosplay),general,2025
martha_(santa)_(fate)_(cosplay),general,2025|2026|2026_06
martha_(swimsuit_ruler)_(fate)_(cosplay),general,2025|2026|2026_06
martha_behamfil_(sway)_(identity_v),character,2025
martha_behamfil_(upright_judgement),character,2025|2026|2026_06
martin_the_master,artist,2025|2026|2026_06
maru-bouro,artist,2025|2026
maru-yu_(christmas_mode)_(kancolle),character,2025
maru_(22mrs28),artist,2025|2026|2026_06
maru_(marumaruomaru),artist,2025
maru_kun,artist,2025
maru_mayu000,artist,2025|2026|2026_06
maru_nage,artist,2025
maru_usami,artist,2025
marukaya,artist,2025
marumaru139,artist,2025|2026|2026_06
marumaru_(mario),character,2025
marumaruru,artist,2025|2026|2026_06
marumasuitcase,artist,2025
marumatto,artist,2025|2026|2026_06
marupaka_(niwakamarupaka),artist,2025|2026|2026_06
maruru,artist,2025
maruruun,artist,2025
maruyama_akane,character,2025|2026|2026_06
maruzensky_(blasting_off_summer_night)_(umamusume),character,2025|2026|2026_06
marvel_cinematic_universe,copyright,2025
marvette_(benghuai_xueyuan),character,2025|2026|2026_06
marvin_mendoza,artist,2025
marvin_shih,character,2025
marxfan96,artist,2025
mary_(kage_no_jitsuryokusha_ni_naritakute!),character,2025|2026|2026_06
mary_(shikael_),artist,2025
mary_blood,character,2025
mary_read_(swimsuit_archer)_(fate),character,2025
marysima0524,artist,2025|2026|2026_06
masa_4100,artist,2025|2026|2026_06
masa_kitchin,artist,2025
masa_room,artist,2025|2026|2026_06
masafumi,artist,2025|2026|2026_06
masahiro_art,artist,2025
masahiro_yamane,artist,2025
masahirosuwa,artist,2025
masaki_mizuhara,artist,2025
masamune_(pokemon),character,2025|2026|2026_06
masamune_hinata_kachina,character,2025
masamura_(masamura_eliza),artist,2025|2026|2026_06
masatoshi_azumi,artist,2025
masayo_(gin_no_ame),artist,2025
masayoshi_tanimura,character,2025|2026
masayuki_kondo,artist,2025
mascarpone,general,2026|2026_06
masculine_woman,general,2025|2026|2026_06
mash_kyrielight_(a_modest_pig),character,2026|2026_06
mash_kyrielight_(alter),character,2025
mash_kyrielight_(barbaric_tyrant's_rhapsodia),character,2025
mash_kyrielight_(beyond_the_mirror),character,2025
mash_kyrielight_(beyond_the_mirror)_(cosplay),general,2025
mash_kyrielight_(cheers_to_2017),character,2026|2026_06
mash_kyrielight_(chinese_ver._5th_anniversary),character,2026|2026_06
mash_kyrielight_(chinese_ver._9th_anniversary),character,2026|2026_06
mash_kyrielight_(clear_dawn),character,2026|2026_06
mash_kyrielight_(cornered_mice),character,2026|2026_06
mash_kyrielight_(dive_to_blue)_(cosplay),general,2025|2026|2026_06
mash_kyrielight_(fgo_x_lawson),character,2025
mash_kyrielight_(fgo_x_lawson_2017),character,2026|2026_06
mash_kyrielight_(fgo_x_lawson_2023),character,2026|2026_06
mash_kyrielight_(fgo_x_takarazuka_kinen),character,2025|2026|2026_06
mash_kyrielight_(grand_journey),character,2026|2026_06
mash_kyrielight_(hand_in_hand),character,2026|2026_06
mash_kyrielight_(happy_x3_order),character,2026|2026_06
mash_kyrielight_(korean_ver._5th_anniversary),character,2026|2026_06
mash_kyrielight_(korean_ver._6th_anniversary),character,2026|2026_06
mash_kyrielight_(korean_ver._7th_anniversary),character,2026|2026_06
mash_kyrielight_(mahatma_check)_(cosplay),general,2026|2026_06
mash_kyrielight_(mirage),character,2025
mash_kyrielight_(muscle_cavalier)_(cosplay),general,2025|2026|2026_06
mash_kyrielight_(neko_neko_japanesque)_(cosplay),general,2026|2026_06
mash_kyrielight_(ortenaus)_(cosplay),general,2025|2026|2026_06
mash_kyrielight_(ouka_ranman),character,2025
mash_kyrielight_(ouka_ranman)_(cosplay),general,2025
mash_kyrielight_(piko_piko_pharaoh)_(cosplay),general,2026|2026_06
mash_kyrielight_(prove),character,2025
mash_kyrielight_(psychedelic_wandering_tales),character,2025
mash_kyrielight_(secret_closet),character,2026|2026_06
mash_kyrielight_(senpai_killer_outfit)_(cosplay),general,2025|2026|2026_06
mash_kyrielight_(smiling_glory_day),character,2025
mash_kyrielight_(smiling_glory_day)_(cosplay),general,2025
mash_kyrielight_(sweets_paradise),character,2026
mash_kyrielight_(that's_very_mahatma!),character,2025
mash_kyrielight_(that's_very_mahatma!)_(cosplay),general,2025
mash_kyrielight_(the_valiant),character,2026|2026_06
mash_kyrielight_(welcome_to_the_traveling_circus!)_(cosplay),general,2026|2026_06
mash_kyrielight_(welcome_to_the_travelling_circus!),character,2025
mash_kyrielight_(welcome_to_the_travelling_circus!)_(cosplay),general,2025
mashi_(pixiv_zcjd2538),artist,2025|2026|2026_06
mashikaku,character,2025
mashio,artist,2025
mashiro_tomoya_(cinderella),character,2025|2026|2026_06
mashiro_tomoya_(prince_outfit),character,2025|2026|2026_06
mashiro_tomoya_(princess_outfit),character,2025|2026|2026_06
mashiro_touko,character,2025|2026|2026_06
mashiro_www,artist,2026
mashiron_(mashiron8),artist,2025|2026|2026_06
mashiyumaro_mitaina_fuwafuwa_nyanko,general,2025
mashu_ssss_but_busy_with_university_studie,artist,2025
mashuu_(neko_no_oyashiro),artist,2025
masinhwangje,artist,2025
mask_maker,character,2025
mask_on_groin,general,2025
maskarise,copyright,2025
masked_majin_(dragon_ball),character,2025
maskedriderkc,artist,2025
maskey,artist,2025|2026|2026_06
maskfly,character,2025
masky,character,2025
masou_kagehime_serenoxia,copyright,2025|2026|2026_06
masque_of_the_black_rose_katarina,character,2025|2026|2026_06
mass_production_psyco_gundam,character,2025
massachusetts_(yukata_mode)_(kancolle),character,2025
massager,general,2025|2026|2026_06
massive_sakura_flower,general,2025|2026
massivedoontwei,artist,2025|2026|2026_06
massivepinkzombie,artist,2025
massmaxis0003,artist,2025
masstyang,artist,2025
master_(battle_arena_toshinden),character,2025|2026|2026_06
master_(monaka_(shiromona)),character,2025
master_and_padawan,general,2025|2026|2026_06
master_of_wills_(benghuai_xueyuan),character,2025|2026|2026_06
master_rabbit_(brown_dust_2),character,2025|2026|2026_06
master_trainer_(idolmaster),general,2025|2026|2026_06
master_yi,character,2025|2026|2026_06
masterploxy,artist,2025
mastertaysir,artist,2025
masterzhishui,artist,2025|2026|2026_06
masugar7,artist,2026|2026_06
masuyo_(halfratehero),character,2025|2026|2026_06
masuyo_ai,character,2025|2026|2026_06
masuzu_aki,character,2025
masyang_fb7,artist,2025
mata_(gintama),artist,2025
matako_kijima,character,2025|2026|2026_06
matana,artist,2025|2026|2026_06
matatatatabi,artist,2025|2026|2026_06
matatumi,artist,2025|2026|2026_06
matcha,artist,2025
matcha_tea_fuji,artist,2025|2026|2026_06
matches,general,2025|2026|2026_06
matchgirl,character,2025
matchgirl_(cosplay),general,2025
mate,general,2025|2026|2026_06
mate_tsu_act3,artist,2025
mateba_autorevolver,general,2025|2026|2026_06
matechasan,artist,2025|2026|2026_06
material_wood,artist,2025
materialpink86,artist,2025
matheu_gafanhot,artist,2025
matias_soto,artist,2025
matikane_tannhauser_(blue_turbulence)_(umamusume),character,2025
matikane_tannhauser_(boc'z)_(umamusume),character,2025
matikane_tannhauser_(racehorse),character,2025
matikane_tannhauser_(umamusume),character,2025
matikane_tannhauser_(umamusume)_(cosplay),general,2025
matikanefukukitaru_(chance_encounters_can_be_a_blessing)_(umamusume),character,2025|2026|2026_06
matikanefukukitaru_(good_omen_first_storm)_(umamusume),character,2025|2026|2026_06
matikanetannhauser_(panpaka_tiltott)_(umamusume),character,2026|2026_06
matilda_(artist),artist,2025
matilda_(film),copyright,2025
matk0210,artist,2025
matokawa,artist,2025
matou_sakura_(berserker_install)_(prisma_illya),character,2025
matou_sakura_(fate/zero)_(cosplay),general,2025|2026|2026_06
matou_sakura_(prisma_illya),character,2025
matsonya_(artist),artist,2025
matsu-sensei,artist,2025
matsu_xras,artist,2025
matsuba_(idiotlantern),artist,2025
matsuda_shinji,artist,2025
matsuda_tsuyoshi,artist,2025
matsuge_antenna,artist,2025
matsukawa_rove_(artist),artist,2025
matsukuma_yuki,artist,2025
matsumatsu330,artist,2025
matsumoto_genki,artist,2025
matsumoto_hidekichi,artist,2025
matsumoto_hiroki,artist,2025|2026
matsumoto_kentarou,artist,2025
matsumoto_rika,character,2025
matsurugi,artist,2025
matsushimayuusa,artist,2025
matsutake,artist,2025
matsutake_(mushroom),general,2025
matsutake_noriyuki,artist,2025
matsuura_riki,artist,2025
matt_(eiffel),artist,2025
matt_rucker,artist,2025
matt_speroni,artist,2025
matthew_lillard,character,2025
matthewethan,artist,2025
mattttoro,artist,2026
matukurasouta,artist,2025
matutoya,artist,2025|2026|2026_06
matuuart,artist,2026
mau009,artist,2025|2026|2026_06
maudrawz,artist,2025|2026|2026_06
maurice,character,2025|2026|2026_06
mauve_evening_breeze,artist,2025
mavia_(vtuber),character,2025|2026|2026_06
mavka,character,2025|2026|2026_06
mawarring,artist,2025|2026
mawaru_made_in_wario,copyright,2025|2026|2026_06
max_art149,artist,2025|2026|2026_06
maxbass,artist,2025
maximice,artist,2025
maximillian_(gamer),character,2025
maximum_mighty_x_level_99,character,2025|2026|2026_06
maximum_rider_gashat,general,2025|2026
maxine_eclair,artist,2025|2026|2026_06
maxtheterminator,artist,2025
may_(ulularts),character,2026|2026_06
may_the_4th,general,2025|2026|2026_06
maya_(duo_princess),character,2026|2026_06
maya_(jmsdf),general,2025|2026|2026_06
maya_(piapro),artist,2025
maya_(swimsuit_mode)_(kancolle),character,2025
maya_yamada,artist,2025
mayano_top_gun_(formation:_party)_(umamusume),character,2025|2026|2026_06
maybell_(haniwa_(leaf_garden)),character,2025
mayflyaa,artist,2026|2026_06
maynare,artist,2025|2026|2026_06
mayo_(dayo),artist,2025
mayohineko_(mdhs8358),artist,2025
mayoi_(sunekajil),artist,2025
mayoiinu,artist,2025
mayonaka_underground,artist,2025
mayor_macdaniels,character,2025
maysrain5,artist,2025
mayu25_mayu25,artist,2025|2026|2026_06
mayu_(user_fdke5854),artist,2025
mayu_25_mayu,artist,2025
mayuiri,artist,2025
mayuka_reno,artist,2025
mayukii456,artist,2025|2026
mayuno_(mamorukun_curse!),character,2026|2026_06
mayura,character,2025|2026|2026_06
mayura_(cosplay),general,2025|2026|2026_06
mayutama,artist,2025
mayuyumemin,artist,2025
mazu_(mazumaro),artist,2025
mazyuan,artist,2025|2026|2026_06
mazzenka,artist,2025
mcdonnell_f3h_demon,general,2025
mcu,artist,2025
mdiriff,general,2025
mdk,artist,2025
mdok000033,artist,2025|2026|2026_06
mdtgar(user_ywde2737),artist,2025
me1,artist,2025|2026|2026_06
me_(mycdy_0),artist,2026|2026_06
me_(user_gfcc8887),artist,2025
me_me_cry,artist,2025|2026|2026_06
mea_selen_el_philizar,character,2025
meakiec,artist,2025
meatbeatem3d,artist,2026|2026_06
mech_weapon,general,2025
mecha-zone,artist,2025|2026|2026_06
mecha_kaku_man,artist,2025|2026|2026_06
mecha_kingdom_garen,character,2025|2026|2026_06
mechanic_(dungeon_and_fighter),character,2025
mechanical_eye,general,2025|2026|2026_06
mechanical_horse,general,2025|2026|2026_06
mechanical_whale,general,2025|2026|2026_06
mechanism,general,2025
mechbunnies,artist,2025
mechjunk,artist,2025|2026|2026_06
mechnmechn,artist,2025|2026|2026_06
mecro,artist,2026|2026_06
medb_(alluring_chief_warden_look)_(fate)_(cosplay),general,2025|2026|2026_06
medb_(fgo_fes._2019)_(fate),character,2025
medb_(fgo_x_lawson)_(fate),character,2025
medb_(fgo_x_lawson_2017)_(fate),character,2026|2026_06
medb_(swimsuit_saber)_(fate),character,2025
medea_(bestia_del_sol)_(fate),character,2025
medea_(casual)_(fate),character,2025
medea_(corrupted_hero)_(fate),character,2025
medea_(fate)_(cosplay),general,2025
medea_(lily)_(fate),character,2025
medea_(lily)_(fate)_(cosplay),general,2025
medea_(lily)_(manor_of_repose)_(fate),character,2025
medea_(witches'_kitchen)_(fate),character,2025
meder_taabaldiev,artist,2025
media_player_app,general,2025|2026|2026_06
medical_examination,general,2025
medical_gloves,general,2025|2026|2026_06
medicine_(utau),copyright,2025
mediekg_(medievalknightgun),artist,2025|2026|2026_06
meditating,general,2025
medium_braid,general,2025
medium_eyebrows,general,2025|2026|2026_06
medius_the_innocent,character,2025
medjedtyti_(arknights),character,2025
medjehtiqedti_(arknights),character,2025|2026|2026_06
medoi,character,2025|2026|2026_06
medusa_(lancer)_(final_ascension)_(fate)_(cosplay),general,2025
medusa_(lancer_alter)_(fate),character,2025
medusa_(miss_sailor_in_white_uniform)_(fate)_(cosplay),general,2025
medusa_(rider)_(third_ascension)_(fate)_(cosplay),general,2025
medusa_(under_the_same_sky)_(fate)_(cosplay),general,2025
medusa_(valentine)_(granblue_fantasy),character,2025|2026|2026_06
medyui,character,2025|2026|2026_06
meen,artist,2025|2026|2026_06
meet_the_demoman,copyright,2025
meet_the_heavy,copyright,2025
meet_the_medic,copyright,2025
meet_the_pyro,copyright,2025
meet_the_scout,copyright,2025
meet_the_sniper,copyright,2025
meet_the_spy,copyright,2025
meg_(gomulgong),character,2026|2026_06
meg_ru,artist,2025
mega_(womega55),artist,2026|2026_06
mega_gardevoir_(cosplay),general,2025|2026|2026_06
mega_man:_maverick_hunter_x,copyright,2025
megabattle_armor,general,2025
megaloceros_(crosscore),character,2025|2026|2026_06
megan_(love_curse),character,2026|2026_06
megan_(mii),character,2025|2026|2026_06
megane_nadore,artist,2025
megane_oishiii,artist,2026|2026_06
megaropa,artist,2025
megazeroultimate,artist,2025
megazord,character,2025
megazord_(remake),character,2025
meggut2521,artist,2025|2026|2026_06
megidramon_x,character,2025|2026
megisa,artist,2025
megrez,character,2025
megu_(pixiv9460065),artist,2025
megu_(pokanica),artist,2025
megumegu_hosi_117,artist,2025
megumi_(crash_bandicoot),character,2025
megumi_gnsn,artist,2025
megumi_hoshioki_(motto!_haramase!_honoo_no_oppai_chou_ero_appli_gakuen!),character,2025|2026|2026_06
megumi_shiraishi,artist,2025
meguri_gatari,artist,2025|2026|2026_06
meguriya_ponta,artist,2026|2026_06
mehmeh_(wonderful_precure!),character,2025|2026|2026_06
mehpy,artist,2025
mei_(gacha_level._9999),character,2025|2026
mei_(meeei8818),artist,2025
mei_dragon,character,2025|2026|2026_06
mei_ling,character,2025|2026|2026_06
mei_ling(tenchi_wo_kurau_ii),character,2025|2026|2026_06
mei_mei_(extra_lives),character,2026
meia,character,2025|2026|2026_06
meica_(vtuber)_(1st_costume),character,2025|2026|2026_06
meica_(vtuber)_(old_design),character,2025|2026|2026_06
meiko_(sp),character,2025
meikyuu_jin_dababa,copyright,2025
meikyuunn,artist,2025
meimaru,artist,2025
meimeimeimeidemoyu,artist,2025|2026|2026_06
meimingzi45873,artist,2025|2026|2026_06
meiner_laurea_(racehorse),character,2025
meinyan_parfait_(voice_actor),artist,2025|2026
meiqvq,artist,2025
meirii,artist,2025
meishamu,artist,2026|2026_06
meisho_doto_(blue/raging)_(umamusume),character,2026|2026_06
meisho_doto_(padding_sores_should_she_go_flying)_(umamusume),character,2025|2026|2026_06
meisho_mikaku,artist,2025|2026|2026_06
meitantei_no_ikeasame_ni_naritai-san,artist,2025
meito,character,2025
meiunar_(benghuai_xueyuan),character,2025|2026|2026_06
meiyamada10,artist,2025
mejiro_ardan_(clinochlore_line)_(umamusume),character,2026|2026_06
mejiro_dober_(hopes;_prayer)_(umamusume),character,2025
mejiro_dober_(twisted_line)_(umamusume),character,2026|2026_06
mejiro_dober_(vacation_safir)_(umamusume),character,2025|2026|2026_06
mejiro_mcqueen_(end_of_sky)_(umamusume),character,2025
mejiro_mcqueen_(ripple_fairlady)_(umamusume),character,2025|2026|2026_06
mek-003,artist,2025
mekaku_kyonyuu_gyaru_(96nokimihito),character,2025
mekakushi_(artist),artist,2025
meketa,artist,2025
mekko_rareko,copyright,2025
mekongdelta,artist,2025
mel_(league_of_legends),character,2026|2026_06
mel_(league_of_legends)_(cosplay),general,2026|2026_06
mel_(pop'n_music),character,2025|2026
mel_medarda,character,2025
mel_medarda_(cosplay),general,2025
melan_(dokidoki!_precure),character,2025|2026|2026_06
melancholic_(2018_film),copyright,2025
melancholy_(module),general,2025
melancholy_man,character,2025
melancholy_man_(cosplay),general,2025
melanie_(medusa),character,2025
melanie_martinez_(cosplay),general,2026|2026_06
meleanor_draconia,character,2025
melee,general,2025|2026|2026_06
meleeninja,artist,2025|2026|2026_06
melissa_yabumoto,artist,2025
melka_(elyss-abyss),artist,2025
melkor,character,2025
melkymelkii,artist,2025
mellowpeko,artist,2025
melmo,character,2025
meloco_kyoran_(2nd_costume),character,2025|2026|2026_06
melody_(crosscore),character,2025|2026|2026_06
melon-pult_(plants_vs_zombies),character,2025
melon_arms,character,2025|2026|2026_06
melonpan_(artist),artist,2025
melonpanna_(anpanman),character,2025
melonpanna_(anpanman)_(cosplay),general,2025
melow_menow,artist,2025|2026|2026_06
melpomene,character,2025|2026|2026_06
meltrium,artist,2025
meltryllis_(chinese_ver._9th_anniversary)_(fate),character,2026|2026_06
meltryllis_(first_ascension)_(fate),general,2025
meltryllis_(swimsuit_lancer)_(first_ascension)_(fate)_(cosplay),general,2025
melty_jelly,artist,2026|2026_06
meltyimp,artist,2025
meltykiss0316,artist,2025|2026|2026_06
meluran,artist,2025
melusine_(second_ascension)_(fate)_(cosplay),general,2025|2026|2026_06
melusine_(swimsuit_ruler)_(fate)_(cosplay),general,2025|2026|2026_06
mem-mem_(precure)_(human),character,2025
mem-mem_(precure)_(human)_(children's_lunch_dress),character,2025
memai_(mathpersimmon),artist,2025
meme_(artist),artist,2025
meme_attire,general,2025
memechan,artist,2025|2026|2026_06
memejiro,artist,2025|2026|2026_06
mememefe,artist,2025
memenmomo,artist,2025|2026|2026_06
memitami_58,artist,2025
memoria_(module),general,2025
memories_of_clear_sky_roses_(miracle_nikki),character,2026|2026_06
memorisleep,artist,2025
memory8020,artist,2026|2026_06
men_f_umai,artist,2025|2026
menace_(extra_lives),character,2026
menbou_1tt,artist,2025
mendo_(mend0o0_),artist,2025|2026|2026_06
meng_e0215,artist,2026|2026_06
meng_huo,character,2025
meng_li_shui_jue,artist,2025
menghuan_xi_you,copyright,2025|2026|2026_06
mengmeng_jiang_05,artist,2026|2026_06
mengxin_huazha,artist,2025|2026|2026_06
menhera_yuan,artist,2025
menma_(naruto),character,2025
meno-miaonuo_dixianyushi_wu_xiangwei,artist,2025|2026|2026_06
meno_(meno1921),artist,2025
menomeno_draw,artist,2025|2026|2026_06
menou_(mpcd3788),artist,2025|2026|2026_06
menpo,artist,2025
menruiko_(merui_12),artist,2025
mentholenhancer,artist,2025
mention-only_commentary,meta,2025|2026|2026_06
meow_(miyoushe_81874508),artist,2025|2026|2026_06
meow_artt,artist,2026
meowskers,character,2025
mephisto_(suite_precure),character,2025|2026|2026_06
mera_(keel),artist,2025
merak,character,2025
merak0901,artist,2025|2026|2026_06
mercedes-benz_amg_a45,general,2025
mercedes-benz_e350,general,2025
mercedes-benz_gle,general,2025
mercedes-benz_s65_amg_cabriolet,general,2025
mercedes-benz_slk_roadster,general,2025
mercedes_unimog,general,2025
merci_(taimanin_(series)),character,2025|2026|2026_06
mercurimon,character,2025|2026|2026_06
merdamo,artist,2025
mere_(nicovideo2560771),artist,2025
merida,character,2025
merimo,artist,2025|2026|2026_06
merkabah,character,2025
merliah_(barbie),character,2025
merlin,character,2025|2026|2026_06
merlin_(fate/prototype)_(first_ascension),character,2025
merlin_(fate/prototype)_(second_ascension),character,2025
merlin_(fate/prototype)_(third_ascension),character,2025
merlin_(fgo_fes._2019)_(fate),character,2025|2026|2026_06
merlin_(fgo_x_google_play)_(fate),character,2026|2026_06
merlin_(fgo_x_kyoto_rikyuen)_(fate),character,2025|2026|2026_06
merlin_(fgo_x_lawson_2017)_(fate),character,2026|2026_06
merlin_(fgo_x_lawson_2020)_(fate),character,2026|2026_06
merlin_(fgo_x_takarazuka_kinen)_(fate),character,2025|2026|2026_06
merlin_(first_ascension)_(fate/prototype),character,2026|2026_06
merlin_(second_ascension)_(fate/prototype),character,2026|2026_06
mermaid_out_of_environment,general,2026|2026_06
merman_(gmerman),artist,2025|2026|2026_06
mermicia,artist,2026|2026_06
mero-n,artist,2025
mero_(marshmelon_puni),artist,2025
mero_(usamero),artist,2025
mero_mero_factory_xl,artist,2025
mero_remo_sugoi,artist,2025|2026|2026_06
merojuice_38,artist,2025
meronpanna,character,2025
meroron_(civilian)_(precure),character,2026|2026_06
merorri,artist,2025|2026
merry765,artist,2025
merry_051922,artist,2025|2026|2026_06
merry_merry_white_(idolmaster),general,2025|2026|2026_06
merry_robot,character,2025|2026
mertvy_(benghuai_xueyuan),character,2025|2026|2026_06
meru's_dad,character,2025|2026|2026_06
merume_digi,artist,2025|2026|2026_06
merumerunu39,artist,2025
merunatto,artist,2025
merupo_(precure_5),character,2025|2026|2026_06
meslamtaea_(weapon),general,2025
mesoamerican,general,2025|2026|2026_06
mesoamerican_clothes,general,2025|2026|2026_06
messer,artist,2025|2026|2026_06
messiah-chan,character,2025
messiah_(megami_tensei),character,2025
metaa,artist,2025
metadata_pun,meta,2025
metakobot,artist,2026|2026_06
metal,general,2025|2026|2026_06
metal_bed_frame,general,2025
metal_chastity_cage,general,2025|2026|2026_06
metal_orange,copyright,2025
metalchromex_18+,artist,2025|2026
metalcluster_hopper,general,2025
metalgreymon_(digimon_xros_wars),character,2025
metaltron_xii_the_true_dracocombatant,character,2026|2026_06
metatron08,artist,2025|2026|2026_06
meteor-reb0rn,artist,2025
meteor_nadeshiko_fusionstates,general,2025
meteorkittens,artist,2026|2026_06
meteplatin,artist,2025|2026|2026_06
methylcellulose,general,2025|2026|2026_06
metis_(benghuai_xueyuan),character,2025|2026|2026_06
meto_(eame4582),artist,2025
metoco,artist,2025
metre,artist,2025|2026|2026_06
metrinomealpha,artist,2025|2026
metroid_prime,copyright,2025
metroid_prime_(game),copyright,2025
metroid_prime_remastered,copyright,2025
meum2322,artist,2025
meur0,artist,2025
meura,artist,2025
meva01234,artist,2025|2026|2026_06
meve_(witcher),character,2025|2026|2026_06
mew3mew3mew,artist,2025
mew_(user_ssxa4383),artist,2025|2026|2026_06
mexican64,artist,2025
meyou084,artist,2025|2026|2026_06
meyri,artist,2025
mezu,character,2025|2026|2026_06
"mezzo""",general,2025
mg_gravity426,artist,2025|2026
mggmunu,artist,2025
mgl,general,2025|2026|2026_06
mhi_0u0,artist,2025
mi's_(diprebaxgnkz7qr),artist,2025|2026|2026_06
mi_(pixiv_68475537),artist,2025|2026|2026_06
mi_(roki012),artist,2025
mi_hao,artist,2025|2026|2026_06
mi_nuo_li_luo_nan,artist,2025
mi_settei,artist,2025|2026|2026_06
mi_tang,artist,2025|2026|2026_06
mi_u_u,artist,2025
mia_(hks),character,2025|2026|2026_06
mia_melonya_(old_design),character,2026|2026_06
miae,artist,2025|2026|2026_06
miamuly,artist,2025|2026|2026_06
mian_(3zandora),artist,2025|2026|2026_06
miao_orfell,character,2025
miara_(magic_the_gathering),character,2025
miauarf_(cratty_wan),artist,2025|2026|2026_06
mibbbbb_12345,artist,2025|2026|2026_06
mibu_lotus,artist,2025|2026|2026_06
miburo2020,artist,2025
micaiah_(emblem)_(fire_emblem),character,2025|2026|2026_06
micav1,artist,2025
michael28472610,artist,2025|2026|2026_06
michael_(archangel),character,2025|2026|2026_06
michael_collins,character,2025
michael_vega_(artist),artist,2025
michelle_monohan,character,2025
michelle_my_baby,character,2025
michi_mochievee_(3rd_costume),character,2025
michiaki_ito,artist,2025
michii_(nicoseiga),artist,2025
michiru_(tyltyl_and_mytyl),character,2025
michirusenpai,artist,2025
michoko_(pixiv72203),artist,2025
mick_cortesart,artist,2025
mickey_17_(film),copyright,2025
mico_www,artist,2025
microsoft_excel_medium,meta,2025
microsoft_visual_studio,general,2025
micrystal_(module),general,2025
mid4yellow,artist,2025
mid_(gameshe),artist,2025|2026|2026_06
middle_eath:_shadow_of_war,copyright,2025
middletwo22,artist,2026
midnight_(copyright),copyright,2025
midnight_(crosscore),character,2026|2026_06
midnight_prisoner_(nikki),character,2025|2026|2026_06
midnitedreamsart,artist,2025|2026
mido_(artist),artist,2025
midori's_mom_(riz),character,2025|2026|2026_06
midori_(battlesuit)_(blue_archive),character,2026|2026_06
midori_(haibane),character,2025
midori_(pixiv),artist,2025
midori_(user_nsaz3272),artist,2025
midori_mint,artist,2025|2026
midori_xu,artist,2025
midorikawa_chidori,character,2025|2026
midorinemurase,artist,2025
midorino_(green_cake_export),artist,2025
midorinokaibutu4500,artist,2025
midosge,artist,2025
midou_kaede_(motto_haramase_honoo_no_oppai_chou_ero_apuri_gakuen!),character,2025
midsummer_sunflowers_(shining_nikki),character,2025
mie_haha,artist,2025
mie_lu,artist,2025
miekerei,artist,2025|2026|2026_06
miena_(user_ckpa5558),artist,2025
mieno_(mienopp),artist,2025
mieramommy_(voice_actor),artist,2025|2026
mifuji193,artist,2025
mighty_action_x_level_1,general,2025|2026|2026_06
mighty_action_x_level_2,character,2025|2026|2026_06
mighty_brothers_xx,character,2025|2026
mighty_morphin_power_rangers/teenage_mutant_ninja_turtles,copyright,2025|2026|2026_06
mighty_morphin_power_rangers/usagi_yojimbo,copyright,2025
mighty_morphin_power_rangers:_the_return,copyright,2025
mighty_morphin_power_rangers_(boom!_studios),copyright,2025
mignonnes_(film),copyright,2025
miguel_(itoko_itk),character,2025|2026|2026_06
mihan,artist,2025
mihara_machiko_(satsuki),character,2025|2026|2026_06
miho_hasegawa_(kawaiitsunaho),character,2025
mihono_bourbon_(code:glassage)_(umamusume),character,2025|2026|2026_06
mihono_bourbon_(ghosty_and_the_magic_of_halloween)_(umamusume),character,2025|2026|2026_06
mii_(hilgxr),artist,2025|2026|2026_06
mii_(ptmii_g),artist,2025|2026|2026_06
mii_kokushikan,character,2026
miiio,artist,2025|2026|2026_06
miiisnai,artist,2025
mijikayo,artist,2025
mika_(lovdere),artist,2025|2026|2026_06
mikaalpha293,artist,2025|2026|2026_06
mikado_akira,character,2025|2026|2026_06
mikadoyuuya,artist,2025
mikagamingaccount,artist,2026
mikami_kouichi,artist,2025
mikan_(artist),artist,2025|2026|2026_06
mikan_(bubukka),character,2025|2026|2026_06
mikan_(migwang),artist,2025|2026|2026_06
mikan_cha,artist,2025
mikan_cha_(xhwx6tfd92vlrch),artist,2025
mikanzyai,artist,2025
mikavvvi,artist,2025|2026|2026_06
mike531,artist,2025
mike_(kayomire),artist,2025|2026|2026_06
mike_crew,character,2025|2026|2026_06
mike_ni_mage,artist,2025
mike_zakarius,character,2025|2026|2026_06
mikeira_rihu,artist,2025
mikeko_(user_zntg7852),artist,2025|2026|2026_06
mikelee0614,artist,2025|2026|2026_06
mikeneko_(vtuber)_(1st_costume),character,2025|2026|2026_06
mikeneko_(vtuber)_(2nd_costume),character,2025|2026|2026_06
mikeneko_(vtuber)_(3rd_costume),character,2025|2026|2026_06
mikeneko_(vtuber)_(4th_costume),character,2025|2026|2026_06
mikeneko_(vtuber)_(5th_costume),character,2025|2026|2026_06
mikeneko_(vtuber)_(old_design),character,2025|2026|2026_06
miki_(hanamiki12),artist,2025
miki_hiro,artist,2025
miki_yunaki,character,2025
mikiri_(change123),character,2025|2026|2026_06
mikka_(537125),artist,2025
mikkan0727,artist,2025|2026|2026_06
mikke_(berl_to_okashi_no_ie),character,2025
mikki_queen,character,2025|2026|2026_06
miko_(module),general,2025|2026|2026_06
miko_yu'rei,artist,2025|2026|2026_06
mikohime,artist,2025
mikona_honey,artist,2025|2026|2026_06
mikorasu_(tfwq6s),artist,2025|2026|2026_06
mikoto's_mother_(madoka_magica),character,2025
mikotoazure,artist,2025
mikov_(weibo_2527573694),artist,2025
miku_moriyama,character,2025
miku_tono,character,2025|2026|2026_06
mikuchocojam,artist,2025
mikulatte,artist,2026|2026_06
mikuma_(2016_swimsuit_mode)_(kancolle),character,2025
mikuma_(2017_swimsuit_mode)_(kancolle),character,2025
mikuni_romance,artist,2025
mikuraza_azuki's_mother,character,2025
mikurya_reiko,character,2025|2026|2026_06
mikuzukin_(module),general,2025
mil_(siratamamil),artist,2025
mil_siratama,artist,2025
mila_(vtuber),character,2025|2026|2026_06
mila_croix_(nofacelord),character,2025|2026|2026_06
milady's_little_sister_(mechanical_buddy_universe),character,2025
milady_(mechanical_buddy_universe),character,2025
milady_(mechanical_buddy_universe)_(cosplay),general,2025
milady_(young)_(mechanical_buddy_universe),character,2025
mildook,artist,2025
mile,general,2025
milena_romanova,character,2025
miles_quaritch_(recombinant),character,2025|2026|2026_06
milesdoodles,artist,2026
milgram_(mg_m_mg),artist,2025
milim_nova,artist,2025
milio_(league_of_legends),character,2025|2026|2026_06
militia_(aoe2),character,2025
milk-chan,character,2025|2026|2026_06
milk-chan_(cosplay),general,2025|2026|2026_06
milk_(jhwk4885),artist,2025|2026|2026_06
milk_(kanipan),character,2025|2026
milk_(milk07171218),artist,2025
milk_(yes!_precure_5),character,2025|2026|2026_06
milk_cocoa_powder,artist,2025
milk_factory,copyright,2025
milk_luvr69,artist,2025
milk_strawberries,copyright,2025
milkma2,artist,2025
milkman_(centaurii-chan),character,2025|2026|2026_06
milkshake_hair_ornament,general,2026|2026_06
milkurew,artist,2025|2026|2026_06
milky_galactic_universe,copyright,2026|2026_06
milky_highway,copyright,2025|2026|2026_06
milkyenji,artist,2025|2026|2026_06
millefoglie,artist,2025
millennium_science_school_student_(blue_archive),character,2025|2026|2026_06
millennium_science_school_student_(blue_archive)_(cosplay),general,2025|2026|2026_06
millennium_scorpion,character,2025|2026|2026_06
millie_parfait_(2nd_costume),character,2025
millie_parfait_(3rd_costume),character,2025
milo_(itoko_itk),character,2025|2026|2026_06
milo_(milo_8142),artist,2026|2026_06
milsiril_(dungeon_meshi),character,2025
miltaire94,artist,2025
mima_(touhou)_(living),character,2025|2026|2026_06
mimadan,artist,2025
mimanchi42688,artist,2025|2026|2026_06
mimatanorochi,artist,2025
mime_(benghuai_xueyuan),character,2025|2026|2026_06
mimi(arisuuuuu1436),character,2026
mimi-loves-foxes,artist,2025
mimi_(miminyanyaa),artist,2025
mimi_bread,character,2025
mimi_hijiiri,character,2025|2026|2026_06
mimic_yous,artist,2025
mimiko,character,2025|2026|2026_06
mimiko_doodles,artist,2025
mimiliaa(mimi_illus),artist,2025
mimimi_(nicoseiga),artist,2025
mimirin,character,2025|2026|2026_06
mimizuku_owl,artist,2025
mimma_ring_(nobuyueli),artist,2025|2026|2026_06
mimori_unyuu,character,2025|2026
min83489492,artist,2025|2026|2026_06
min999999,artist,2026|2026_06
mina-motty,artist,2025
mina_(fantasy_suhakdaejeon),character,2025|2026|2026_06
mina_(ponymoe),character,2025
mina_eezr,artist,2025
mina_wyndia,character,2025
minagu_kotvinski_dragunova,character,2025
minai_asami,character,2025|2026|2026_06
minaleafeon_c,artist,2025
minami_(sushi_ben),character,2025
minami_rio,character,2025|2026|2026_06
minami_rio_(cosplay),general,2025|2026|2026_06
minami_rio_(winning_shot),character,2025|2026|2026_06
minamo_(pixiv17726065),artist,2025|2026|2026_06
minamoto_no_kurou_yoshitsune,character,2025
minamoto_no_raikou_(fgo_fes._2019)_(fate),character,2025
minamoto_no_raikou_(swimsuit_lancer)_(first_ascension)_(fate)_(cosplay),general,2025
minamoto_no_raikou_(swimsuit_lancer)_(third_ascension)_(fate)_(cosplay),general,2025
minamoto_no_raikou_(traveling_outfit)_(fate)_(cosplay),general,2025|2026|2026_06
minamoto_no_yoshitsune,character,2025|2026|2026_06
minamoto_no_yoshitsune_(cosplay),general,2025|2026|2026_06
minamoto_no_yoshitsune_(musou_orochi),character,2025|2026|2026_06
minamy_0606,artist,2025|2026|2026_06
minashiro_soushi_(2),character,2025|2026|2026_06
minato1234,artist,2025
minato_(vrchat),character,2025
minato_aqua_(8th_costume),character,2025|2026|2026_06
minatsuki_(eco),character,2025
minattyon,artist,2025
minazuki_kyouko,character,2025
minazuki_kyouko_(cosplay),general,2025
minazuki_tsumugi's_mom_(kemigawa_mondo),character,2025|2026|2026_06
mind_alpha,general,2025
mindgasm_7th,artist,2025
mindofzero,artist,2025
mine_(4041997),artist,2025
mine_cart,general,2025|2026|2026_06
mine_suto_rongu,artist,2025
minegishiy48078,artist,2025
minegumo_(hinamatsuri_mode)_(kancolle),character,2025
minerva_(transformers),character,2025|2026|2026_06
ming-chao,artist,2025
ming198658,artist,2026|2026_06
ming_ri_fang_zhou_zhao_long_shan,artist,2025
ming_shuiyuan,character,2025|2026|2026_06
ming_yun_-guan_wei_zhi_ding,artist,2025|2026|2026_06
ming_zhao_shou_fu,artist,2025
mingcheuwu,artist,2025
minghuzi,artist,2025|2026|2026_06
mingmingzhu652,artist,2025
mingmousuns410,artist,2025
mingqian_nailyu,character,2025|2026|2026_06
mini-mario,character,2025|2026|2026_06
mini_dragon,general,2025
mini_durin_(dragon)_(genshin_impact),character,2026|2026_06
mini_durin_(human)_(genshin_impact),character,2026|2026_06
mini_hastur,character,2025|2026|2026_06
mini_mario,character,2025|2026|2026_06
mini_poke_ball,general,2025
minibeat,artist,2026|2026_06
minicase_cn_en,artist,2025|2026|2026_06
minicase_jp,artist,2025|2026|2026_06
minidoo_alma,character,2025
minigunner_(golden)_(tower_defense_simulator),character,2026|2026_06
minimized,general,2025
mining_ship_(eve_online),general,2025
minini97372,artist,2025
minisons_(pixiv_19424337),artist,2026|2026_06
minmin_(fabricant_100),character,2025
minnie,character,2025
minnie_(poringrenger),artist,2025
minnie_the_lady,character,2025
mino_(mii_mt),artist,2025
mino_ririsa_(oredeka),character,2025
minocycline,artist,2025|2026|2026_06
minoido_(minoido10242),artist,2025|2026|2026_06
minoseki_gakuin_uniform,general,2025|2026|2026_06
mint_(duo_princess),character,2026|2026_06
mint_(neverness_to_everness),character,2025|2026|2026_06
mint_ch,artist,2025|2026|2026_06
mint_moon_(user_fxus4288),artist,2025|2026|2026_06
mint_star_(hamma),character,2025
mintbreakfast,artist,2025
mintea,artist,2025|2026
minties,artist,2025
mintmoon_belle,artist,2025
mints,artist,2025|2026|2026_06
minty,character,2025
mintyashes,artist,2025
mintyfruittea,artist,2025
minuteman,character,2025|2026|2026_06
minya_prenavas8102,character,2025
minyamo,artist,2025
mio14s,artist,2025
mio_(bilibili_1352646),artist,2025
mio_(colorless_kaina),character,2025
mio_(pinku_life),character,2025
mio_(sky-freedom),character,2025|2026|2026_06
mionbosu,artist,2025|2026|2026_06
mionn,artist,2025|2026|2026_06
mioringo-ringo,artist,2025
miouvt,character,2026
miozaki_toono,artist,2025
mipoyos,artist,2025|2026|2026_06
mira-sumter,artist,2025
mira_(ginotty),character,2026|2026_06
mira_(kyokugen_dasshutu),character,2025
mira_ong_chua,artist,2025
miracle_dream_traveler_(ensemble_stars!),general,2025
miracle_thanks,artist,2025|2026|2026_06
miracle_type_(ultra_series),general,2025
miraclemeteor,artist,2025
mirae_on,character,2025
mirage090,artist,2025
mirage_2_(discovery),copyright,2025|2026|2026_06
mirai_(pixiv33118625),artist,2025
mirai_yuki_(user_wmgu4472),artist,2025|2026|2026_06
miramaxwell,artist,2026|2026_06
mirami_(vtuber),character,2025
miranda_(witch),character,2025|2026
miraongchua,artist,2025
mircalladesire,artist,2025
miria_(blue_archive),character,2025|2026|2026_06
miria_(elf_hime_nina),character,2025
mirin.,artist,2025
miriya,character,2025
miroir1120,artist,2025
mirokudays,artist,2025|2026|2026_06
mirokunohu,artist,2025
mirror_(pokemon),character,2025
mirror_shield,general,2025|2026|2026_06
mirrored,general,2025
mirrored_bright_moon_(shining_nikki),character,2026|2026_06
mirrorya,artist,2025|2026|2026_06
miru4030,artist,2026|2026_06
miru_(ao0203),artist,2025
mirufui,artist,2025
miruka,character,2025|2026|2026_06
miruka_hanezawa,character,2026|2026_06
miruku_(cutesuu),character,2025
mirumiru2969,artist,2025
miruno_kazuki,artist,2025
miruru,character,2025
miryeong,character,2025
misago_9,artist,2025
misaka_(05),artist,2025
misaka_mikoto:_hoodie_look_gekota,character,2025|2026|2026_06
misakicvj,artist,2025
mischa,character,2025|2026|2026_06
mischa_(mage_(335656)),character,2025
mischief_remake,artist,2025
miscondraws,artist,2025
misella,character,2025
misery_(doukutsu_monogatari),character,2025
misery_(doukutsu_monogatari)_(cosplay),general,2025
misery_(tensei_shitara_slime_datta_ken),character,2025
misha_(mascot),character,2025|2026|2026_06
misha_savier,artist,2025
mishapyonvt,artist,2026|2026_06
mishimahachi,artist,2025
mishra_(magic_the_gathering),character,2025
mismatched_hairband,general,2026|2026_06
mismatched_rerebrace,general,2026|2026_06
miso_(appanjo),artist,2025
miso_inpakuto,artist,2025
miso_kitazawa,artist,2026|2026_06
misoji30,artist,2025
misokatsunokitazawa,artist,2026|2026_06
misono_karin_(hospitalized_costume),character,2025
misonyeo_s2,artist,2025|2026|2026_06
misori_mania,artist,2025|2026|2026_06
misosoup,artist,2025|2026|2026_06
misozune_(rondeseo),artist,2025
miss_crane_(little_tailors)_(fate),character,2026|2026_06
miss_crane_(secret_closet)_(fate),character,2026|2026_06
miss_fortune_(league_of_legends),character,2025|2026|2026_06
miss_fortune_(league_of_legends)_(cosplay),general,2025|2026|2026_06
miss_octopus_(gomulgong),character,2025|2026|2026_06
miss_ribbon_(rhythm_tengoku),character,2025
miss_tron_bonne,artist,2025
missally,artist,2025|2026
missile_pod_hatch,general,2025
missile_strike_(meme),general,2025
missile_toe_(plants_vs_zombies),character,2025
missile_vehicle,general,2025
missiles,general,2025
missing_breast,general,2025
missing_horns,general,2026|2026_06
missing_limb,general,2025|2026|2026_06
misspinkb,artist,2025|2026|2026_06
mist_flower_corolla,general,2025
misterbug_(character),character,2025
mistermat05,artist,2026|2026_06
mistermoster,artist,2025
mistletoe_(benghuai_xueyuan),character,2025|2026|2026_06
mistletoe_print,general,2025
mistress,general,2025|2026|2026_06
mistxii,artist,2025|2026|2026_06
misty_o'neill,character,2025|2026
misutoreenu,character,2025
mita,artist,2025
mitate,artist,2025|2026|2026_06
mithia_(killing_me/killing_you),character,2025
mithuki3,artist,2025
miti3t1,artist,2025|2026|2026_06
mito_(commando_seagal),artist,2025
mito_(mito_1408),artist,2025|2026|2026_06
mito_amatsu,artist,2025
mitohas,artist,2026|2026_06
mitomi_takuya,artist,2025
miton_(1521084393405571072),artist,2025|2026|2026_06
mitonka2,artist,2025
mitski,copyright,2025|2026|2026_06
mitsuame,artist,2025|2026|2026_06
mitsuba_chiko,artist,2025
mitsubachi_hanako,artist,2025|2026|2026_06
mitsubishi_a6m_zero,general,2025
mitsubishi_g4m_(personification),character,2025|2026|2026_06
mitsubishi_h-60,general,2025
mitsubishi_sh-60k,general,2025
mitsubishi_silver_pigeon,general,2025|2026|2026_06
mitsuhiro-510-goto,artist,2025
mitsuimina,artist,2025
mitsukan_(wjwjbbbb),artist,2025|2026|2026_06
mitsuki_(fake_miffy),artist,2025
mitsunari_(pokemon),character,2025|2026
mitsurin_no_hyakushikikai_(sd_gundam),character,2025|2026|2026_06
mitsurin_no_mk-ii_(sd_gundam),character,2025|2026|2026_06
mitsuru_yuuki,artist,2025
mitsusa_official,copyright,2025
mitsuya_asuma_(yunamaro),character,2025
mitsuyubi,general,2026|2026_06
mitti,artist,2025
miu_(comodomodo),character,2025
miu_(minnncho),artist,2025
miujiii,artist,2025
miunee,artist,2025
miura_(den-o),character,2025
miura_akane,character,2025
miura_rina,artist,2025
miwapeito,artist,2025|2026|2026_06
miwapeito_(vtuber),character,2025|2026|2026_06
miwo,character,2025|2026|2026_06
mixed_gender_duel,general,2025
mixing_table,general,2025
mixiv-14,artist,2025
miya_(siomeronpan17),artist,2025
miya_(vtuber),character,2025
miyabi_(module),general,2025
miyabi_urumi,artist,2025
miyabi_zaizenji,character,2025|2026|2026_06
miyabidotto,artist,2025
miyachi_(tanya_visha),artist,2025|2026|2026_06
miyajima_seiya,artist,2025
miyake_kasuhiko,artist,2025
miyako_(azurearea),artist,2025
miyako_(shachiku-san),character,2025|2026|2026_06
miyama_eaka,artist,2025
miyamae_shinichi,artist,2025
miyamakoume,artist,2025
miyamayomema,artist,2025
miyamori_(miyamori_fps),artist,2025
miyamoto_iori_(pig)_(fate),character,2025
miyamoto_musashi,character,2025|2026|2026_06
miyamoto_musashi_(cosplay),general,2025|2026|2026_06
miyamoto_musashi_(fgo_fes._2019)_(fate),character,2025|2026|2026_06
miyamoto_musashi_(fgo_x_lawson_2018)_(fate),character,2026|2026_06
miyamoto_musashi_(fgo_x_lawson_2023)_(fate),character,2026|2026_06
miyamoto_musashi_(fgo_x_pasela_resorts)_(fate),character,2026|2026_06
miyamoto_musashi_(swimsuit_berserker)_(first_ascension)_(fate)_(cosplay),general,2025
miyamoto_musashi_(swimsuit_berserker)_(second_ascension)_(fate)_(cosplay),general,2025
miyamoto_musashi_(swimsuit_berserker)_(third_ascension)_(fate)_(cosplay),general,2025
miyamoto_musashi_(traveling_outfit)_(fate)_(cosplay),general,2025
miyamoto_zekka,character,2026|2026_06
miyanishi_gessui,artist,2025|2026|2026_06
miyanishi_tsuki,artist,2025
miyasaka,artist,2025
miyasato_toomi,character,2025
miyatani_risa,artist,2025
miychi,artist,2025|2026|2026_06
miyo_(san_pinch_),artist,2025
miyorung,artist,2025
miyu_(mii),character,2025|2026|2026_06
miyu_(vtuber),character,2025
miyu_edelfelt_(cat_maid_bikini),character,2025|2026|2026_06
miyuhodou,artist,2025
miyukiva,artist,2025
miyusaashibara,artist,2025
miyuto_(user_amvy8425),artist,2025
miyuyu05,artist,2025
miz_(zyhw4544),artist,2025|2026|2026_06
mizhouzhouzhouzhou688,artist,2025
mizole_(splatoon),character,2025
mizore_ame,artist,2025
mizore_ito,character,2025
mizu1202001,artist,2025|2026|2026_06
mizu_shingen_mochi,general,2025|2026|2026_06
mizuho_(christmas_mode)_(kancolle),character,2025
mizuho_(swimsuit_mode)_(kancolle),character,2025
mizuki1991,artist,2025
mizuki76767,artist,2025
mizuki_(ambience_synesthesia)_(arknights),character,2025|2026|2026_06
mizuki_(elite_ii)_(arknights),character,2026|2026_06
mizuki_(uzuki_no_sato),artist,2025|2026|2026_06
mizuki_kaya,artist,2025|2026|2026_06
mizuki_mukawa,artist,2025|2026|2026_06
mizuki_shiraishi_(kinki_spiritual_affairs_bureau),character,2025
mizuki_takahito,artist,2025
mizuki_wakana,character,2025|2026|2026_06
mizumae,artist,2025
mizumura_kaoru,artist,2025|2026|2026_06
mizuno374,artist,2025
mizuno_akira,character,2025|2026|2026_06
mizuno_makoto_(artist),artist,2025
mizuno_umi,artist,2025|2026|2026_06
mizunori,artist,2025
mizunotohitsuji,artist,2025|2026|2026_06
mizuri_(673yu),artist,2025|2026|2026_06
mizurumi,artist,2025|2026
mizutorinsfw,artist,2025|2026
mj_(zhs),character,2025
mjb9xksqyt5h0f3,artist,2025
mjoanf_1,artist,2025
mk-16_asroc_launcher,general,2025|2026|2026_06
mk-ix_hawk,general,2025
mk-li_zhiheng,artist,2025
mk2_00,artist,2025
mk2s_re,artist,2025
mk_iii_jam,artist,2025|2026|2026_06
mk_xlviii,artist,2025|2026|2026_06
mkie,artist,2025|2026|2026_06
mkk25,artist,2025
mkmatsumoto,artist,2025
mkonoshiro1,artist,2025|2026|2026_06
mkrnn_6221,artist,2025
mkz88,artist,2026|2026_06
ml,artist,2025|2026|2026_06
ml_devil23333,artist,2025
mlkewatnot,artist,2025
mlynar_(ambience_synesthesia)_(arknights),character,2025|2026|2026_06
mm,character,2025|2026|2026_06
mm14,general,2026|2026_06
mm_(cosplay),general,2025|2026|2026_06
mm_(mhm2592),artist,2025|2026|2026_06
mmbdm,artist,2025|2026|2026_06
mmian0718,artist,2025|2026|2026_06
mmiimimm,artist,2025|2026|2026_06
mmky8017,artist,2025|2026|2026_06
mmld21,artist,2025
mmmm_cow_(meme),general,2025
mmmmrotio,artist,2025
mmnmymns2up,artist,2025
mmo!!!!,artist,2025|2026|2026_06
mn0640_s,artist,2025|2026|2026_06
mnmtn,artist,2025|2026|2026_06
mnstrooone,artist,2025|2026|2026_06
mo-chi-an,artist,2025|2026|2026_06
mo_chan0225,artist,2025
mo_nv_zhi_wen_nai_bai_he_zhi_wei,copyright,2025|2026|2026_06
mo_otsss,artist,2026|2026_06
moa_(fade64222),artist,2025|2026|2026_06
moai_(moai_00_),artist,2025|2026|2026_06
mob_2y7,artist,2025
mob_mob_mob_x,artist,2025
mobi_mobi,artist,2025
mobile_suit_guntank,copyright,2025|2026|2026_06
moca,artist,2025
mocaffee,artist,2025|2026|2026_06
mocco,artist,2025
mochamogeko,artist,2025
mochi_(na_si),artist,2025
mochi_ccs,artist,2025|2026|2026_06
mochi_nori,artist,2025|2026|2026_06
mochidart,artist,2025
mochigana,artist,2025
mochikarashi,artist,2025
mochipuyo,artist,2025
mochita_(mochitalian),artist,2025
mochiume9,artist,2025
mochiya_no_arare,artist,2025
mochusama1,artist,2025
mocodogwan10,artist,2025
mocomocoll,artist,2025
mod-chan,character,2025|2026|2026_06
moda,character,2025
modao_zushi,copyright,2025|2026|2026_06
model_request,meta,2025
model_titan,character,2025|2026
modern_architecture,general,2025
modern_girl_(module),general,2025
modern_warfare_(2019),copyright,2025|2026|2026_06
modesty_cover,general,2025|2026|2026_06
modoi,character,2025|2026|2026_06
modoki_betamon,character,2025
moe2013,general,2025|2026|2026_06
moe2014,general,2025|2026|2026_06
moe2015,general,2025|2026|2026_06
moe2016,general,2025|2026|2026_06
moe2017,general,2025|2026|2026_06
moe2018,general,2025|2026|2026_06
moe2019,general,2025|2026|2026_06
moe2020,general,2025|2026|2026_06
moe2021,general,2025|2026|2026_06
moe2022,general,2025|2026|2026_06
moe_(user_rnwk4853),artist,2025
moe_hentai,artist,2025
moebius_(fresh_precure!),character,2025|2026|2026_06
moeking1102,artist,2025
moekki_(oekkimm),artist,2025
moekuma0519,artist,2025|2026|2026_06
mof_(mfmfpic),artist,2026|2026_06
mofftarkin,artist,2025
mofurun_(mahou_girls_precure!),character,2025|2026|2026_06
mofurun_(mahou_girls_precure!)_(cosplay),general,2025|2026|2026_06
mog,character,2025|2026|2026_06
mog_(cosplay),general,2025|2026|2026_06
mog_(ntcm2234),artist,2025
moga_vdvk3434,artist,2025
mogador_(yukata_mode)_(kancolle),character,2025
mogami_(swimsuit_mode)_(kancolle),character,2025
mogami_(yukata_mode)_(kancolle),character,2025
mogami_kai_ni_(swimsuit_mode)_(kancolle),character,2025
mogami_shizuka's_father_(idolmaster),character,2025|2026|2026_06
mogami_shizuka's_mother_(idolmaster),character,2026|2026_06
mogami_yoshiaki,character,2025|2026|2026_06
mogari_shishikuno,character,2026|2026_06
mogera_(godzilla),character,2025|2026|2026_06
moginiki,artist,2025
mogmog-humus,artist,2025|2026|2026_06
mogo_objects,artist,2025|2026|2026_06
mogu_(ff9),character,2025|2026|2026_06
moguranekotora,artist,2025
mohawk_guy_(mechanical_buddy_universe),character,2025|2026|2026_06
mohji,character,2025
moho_pro_12_(medium),meta,2025
mohu_animal,artist,2025|2026|2026_06
moico,artist,2025
moimoimaru,artist,2025|2026
moistcr1tikal,character,2026
moja_(rainpoow),artist,2025|2026|2026_06
mojo,general,2025
mojo_(artist),artist,2025
mojuko_(1st_gen)_(vtuber),character,2025|2026|2026_06
mokataro,artist,2025
mokka_(randomjeremy),artist,2025
mokko_(moccoweb),artist,2025
moko39_takasora,artist,2025
moko_sha_(wao_ko),artist,2025
mokona_apapa,artist,2025
mokoxxnico,artist,2025
moku_(muooku),artist,2025|2026|2026_06
mokuba_(artist),artist,2025
mokuna,artist,2025|2026
mokuya_mushroom,artist,2025
mokyuren,artist,2025|2026|2026_06
mokyutan,artist,2025
mold_lover666,artist,2025|2026|2026_06
moldova_(hetalia)_(original),character,2025
mole_on_body,general,2025|2026|2026_06
mole_on_groin,general,2025
mole_onee-san_(sky-freedom),character,2025|2026|2026_06
mollusc_shell,general,2025|2026|2026_06
molly,artist,2025|2026|2026_06
moloch,character,2025
molochtavros,artist,2025
mom_and_dad_(2017_film),copyright,2025
mom_and_dad_(movie),copyright,2026
mom_lalonde,character,2025|2026
momdroid_(mechanical_buddy_universe),character,2025
moment_2828,artist,2026|2026_06
momiage_lupin_r,artist,2025
momiji_(module),general,2025
momiji_105,artist,2026|2026_06
momizi-kei,artist,2025
momo_(benghuai_xueyuan),character,2025|2026|2026_06
momo_(google_doodle),character,2025
momo_(m0m0saurus),artist,2025|2026|2026_06
momo_hugu,artist,2025
momo_maruo,character,2025|2026|2026_06
momo_omo09,artist,2025
momo_ura,artist,2026|2026_06
momoboga,copyright,2025
momocan_egoism,artist,2025
momochi_ayame_(neet_de_otaku_na_kunoichi_to_naze_ka_dousei_hajimemashita),character,2025
momochi_momotan,artist,2025
momocka-art,artist,2025
momoemokoko22,artist,2025
momoi,artist,2025
momoi_(battlesuit)_(blue_archive),character,2026|2026_06
momoiro_(momoiro_tosagare),artist,2025
momokasa,artist,2025
momokinryuukame,artist,2025
momoko_(artist),artist,2025
momoko_(momoko_120_percent),character,2025
momoko_120_percent,copyright,2025
momomomo_(user_ueus7454),artist,2025
momomoxeno,artist,2025
momon_rkgk,artist,2026|2026_06
momoniku,artist,2025|2026|2026_06
momonotukumo,artist,2025|2026|2026_06
momoride,artist,2025|2026|2026_06
momose_kikuka,artist,2025
momoshiomomo,artist,2025|2026|2026_06
momosizu,artist,2025
momosuzu_nene_(5th_costume),character,2025
momotaro_chitose,artist,2025|2026|2026_06
momoyama_nozomu,artist,2025
momoyamaneko,artist,2026|2026_06
momoyoto,artist,2025
momoyuk2,artist,2025
momura_(one_piece),character,2025|2026|2026_06
momxiji,artist,2025
mona_(artemis),character,2025
monai_illust,artist,2025|2026|2026_06
monarch_(1st_costume)_(amalee),character,2025|2026|2026_06
monarch_(amalee),character,2025|2026|2026_06
monarch_(amalee)_(1st_costume),character,2025
monarch_(amalee)_(cosplay),general,2025|2026|2026_06
monarch_(amalee)_(flame_empress),character,2025
monarch_(amalee)_(siren),character,2025
monarch_(flame_empress)_(amalee),character,2026|2026_06
monarch_(mafia)_(amalee),character,2025|2026|2026_06
monarch_(siren)_(amalee),character,2025|2026|2026_06
monburi,artist,2025|2026|2026_06
mondayspdf,artist,2025
moneko_(null-meta),character,2025
monemasu,artist,2025
monena_p,artist,2025|2026|2026_06
money_rain,general,2025
money_sign,general,2025
moni_(user_jwaa2328),artist,2025
monica_(romancing_saga_3),character,2025|2026|2026_06
monica_wonderlei,character,2025|2026|2026_06
monika_weisswind_(swimsuit)_(granblue_fantasy),character,2025|2026|2026_06
monika_weisswind_(valentine)_(granblue_fantasy),character,2025|2026|2026_06
monique_l'amoreaux,character,2025
monja_aya,character,2025|2026|2026_06
monkey-talk,general,2025|2026|2026_06
monkichi_(sanrio),character,2025|2026|2026_06
monkichi_(sanrio)_(cosplay),general,2025|2026
monkie_kid,copyright,2025|2026|2026_06
monku_no_tsukeyou,copyright,2025
monku_no_tsukeyou_ga_nai_rabukome,copyright,2025
mono,copyright,2025
mono-eye,general,2025|2026|2026_06
mono_(mono_mon),artist,2025|2026|2026_06
mono_(pixiv_93740696),artist,2025|2026|2026_06
monoco_(clair_obscur:_expedition_33),character,2026|2026_06
monoeye,character,2025|2026|2026_06
monohoshizao,general,2025
monologue,artist,2025
monomon_(hollow_knight),character,2025|2026|2026_06
monomon_(hollow_knight)_(cosplay),general,2026
mononoke0307,artist,2025
mononokeotoko01,artist,2025|2026|2026_06
monotoxy,artist,2025|2026|2026_06
monroefin,character,2025|2026|2026_06
monster_akong,artist,2025
monster_girl_(shining_nikki),character,2026|2026_06
monster_hunter_stories_2,copyright,2025|2026|2026_06
monsters_raid_tanpenshuu,copyright,2025|2026|2026_06
montagne_kotone,character,2025|2026|2026_06
montsuki-hakama,general,2025
monu_(1137999691),artist,2025
monyoe,artist,2025
moo,artist,2025
moocar0n,artist,2025|2026|2026_06
moofn,artist,2025
moon8_8sun,artist,2025|2026|2026_06
moon_(bio7124),artist,2025|2026|2026_06
moon_balloon,general,2025
moon_mask,general,2025|2026|2026_06
moon_uni,general,2025|2026|2026_06
moona_hoshinova_(7th_costume),character,2025
moonflower_(plants_vs_zombies),character,2025
moonieashy,artist,2025
mooning321,artist,2025
moonixxeronsfw,artist,2025
moonlight_butterfly_(module),general,2025
moonlight_eh,artist,2025
moonlun215,artist,2025
moonpaw,character,2025
moonsorrow,artist,2025|2026|2026_06
moony_(joel_g),character,2025
mooonten0817,artist,2026|2026_06
mooring_post,general,2025|2026|2026_06
mootypwns_(artist),artist,2025
moppect,artist,2025
mopqrkdnl1,artist,2025
moqcq,artist,2025
mor_angol,artist,2025
moran,artist,2025
morbius_(film),copyright,2025
mordekaiser,character,2025|2026|2026_06
mordesanti,artist,2025
mordred_(fate/apocrypha)_(cosplay),general,2025|2026|2026_06
mordred_(first_ascension)_(fate),character,2026|2026_06
mordred_(memories_at_trifas)_(fate)_(cosplay),general,2025|2026|2026_06
mordred_(second_ascension)_(fate),character,2026|2026_06
mordred_(swimsuit_rider)_(fate)_(cosplay),general,2025|2026|2026_06
mordred_(type-moon_racing)_(fate)_(cosplay),general,2025|2026|2026_06
mordred_kui,artist,2025
morgan_(female)_(devoted_darkness)_(fire_emblem),character,2025
morgan_(female)_(fire_emblem),character,2025
morgan_(female)_(fire_emblem)_(cosplay),general,2025
morgan_(female)_(resplendent)_(fire_emblem),character,2025
morgan_(fire_emblem),character,2025
morgan_(fire_emblem)_(cosplay),general,2025
morgan_(lunashiba),character,2025|2026|2026_06
morgan_(male)_(fated_darkness)_(fire_emblem),character,2025
morgan_(male)_(fire_emblem),character,2025
morgan_(male)_(resplendent)_(fire_emblem),character,2025
morgan_le_fay,character,2025|2026|2026_06
morgan_le_fay_(fate/apocrypha)_(cosplay),general,2025|2026|2026_06
morgan_le_fay_(fgo_x_kyoto_rikyuen)_(fate),character,2025|2026|2026_06
morgan_mundie,artist,2025
morgana_(league_of_legends),character,2025|2026|2026_06
morgana_(league_of_legends)_(cosplay),general,2025|2026|2026_06
morgiana_(tenku)_(grimms_notes),character,2025|2026|2026_06
mori,character,2025
mori777se,artist,2025|2026|2026_06
mori_azuumori,artist,2025
mori_calliope_(9th_costume),character,2025
mori_ken,artist,2025|2026|2026_06
mori_kuro,artist,2026|2026_06
mori_oni,character,2025
mori_ranmaru,character,2025|2026|2026_06
mori_toshiaki,artist,2025|2026|2026_06
mori_toshiaki_(style),general,2025|2026|2026_06
moriartea,artist,2025
morigan_raven,character,2025
morihito_kanehira,artist,2025
moriiti,artist,2025
morimori_(pixiv),artist,2025
morimorihonmaru,artist,2025|2026|2026_06
morino_natsumi,artist,2025|2026|2026_06
morinoku,artist,2025
moriobi,artist,2025|2026|2026_06
morioka_yuuko,artist,2025
morisawa_chiaki_(artist),artist,2025
morita_mayu_(artist),artist,2025
moritaku0708,artist,2025|2026|2026_06
moriya_ako,artist,2025
moriyadm,artist,2025
moriyama_(pixiv47135650),artist,2025
moriyama_sou,artist,2025
morizo_(girls_creation),character,2026|2026_06
mornay_(kangjini2002),artist,2025|2026|2026_06
morning0g,artist,2025
morninorth,artist,2025|2026|2026_06
moro_no_kimi,character,2025
moromo1996,artist,2025
morpheus_(mythology),character,2026|2026_06
morphine_(personification),character,2025|2026|2026_06
morrah,character,2025
morrah_(hi_club),character,2025
morris,artist,2025
morro,character,2025|2026|2026_06
mortar_(baseball)_(tower_defense_stimulator),character,2026|2026_06
mortar_(tower_defense_stimulator),character,2026|2026_06
mortis_(doll)_(bang_dream!),character,2025
morumorun3,artist,2025|2026|2026_06
morva,character,2025
mosamosa_888,artist,2025
mosekyo26,artist,2025|2026
moses_parting_the_red_sea,copyright,2025
moshie_studio,artist,2025
moskilacerta(artist),artist,2025
moss_charger,character,2025
mossan_(mossan65536),artist,2025
mota2yanen,artist,2025|2026|2026_06
moth_sabbath,artist,2025
mothclute,artist,2025
mother-in-law,general,2025
mother_(luminous_avenger_ix),character,2025|2026|2026_06
mothermaru,artist,2025
mothman,character,2025|2026|2026_06
motigome138,artist,2025
motigusa,artist,2025
motimotica,artist,2025
motitayadayo,artist,2025|2026|2026_06
motiuma3,artist,2025
motives_of_good_boys_(ensemble_stars!),general,2025
motoi_(dizziness),artist,2025
motoi_01,artist,2025
motokitoki,artist,2025
motoko,character,2025
motonari_mouri,character,2025|2026|2026_06
motoori_kosuzu_(student_librairian_of_gossip),character,2025
mototaku,artist,2025|2026|2026_06
motoyama_tomoaki,character,2025
motsushi,artist,2025
motu_wangchuan,artist,2025|2026|2026_06
moubokobokodayo,artist,2025
mouhitorinoboku,artist,2025
moukaku,character,2025
moukaku_(cosplay),general,2025
moumo_(momomosan1109),artist,2025
moumon,character,2025
mountainrm,artist,2025
mountainroll,artist,2025|2026|2026_06
mouqiang77,artist,2025|2026|2026_06
mouri_motokiyo,character,2025
mouri_motonari_(rance_10),character,2025
mouri_motonari_(sengoku_musou),character,2025|2026|2026_06
mouri_terumoto,character,2025|2026|2026_06
mouria_(fabiniku),character,2025|2026|2026_06
mourninglamby_(mimi),artist,2025|2026|2026_06
mousanjiq,artist,2025
mouse_(5zzb),artist,2025
mouse_(nezumi33),artist,2025
mouse_nose,general,2025|2026|2026_06
mousou_fantashi,artist,2025
mousou_girl_(module),general,2025
mouth_gag,general,2025
mouth_in_wrong_place,general,2025|2026|2026_06
mouzsloremipsum,artist,2025
moveslikebagel,artist,2025
movie_poster,general,2025|2026|2026_06
moving_gun,artist,2025|2026|2026_06
mow_egg,artist,2025
moxom_momo,artist,2025
moyakonbu,artist,2025
moyasi_093neko,artist,2025|2026|2026_06
moyu_(moyuu_lc),artist,2025
moyu_0211,artist,2025|2026|2026_06
moyuko_(rin_miku39),artist,2025|2026|2026_06
moyunin,artist,2025
moz9_shinonomeb,artist,2025|2026|2026_06
mp-446_viking,general,2025|2026|2026_06
mp-prototype,artist,2025|2026|2026_06
mphf5822,artist,2025|2026|2026_06
mpi-ak-74,general,2026|2026_06
mpi-km,general,2025|2026|2026_06
mr-tekuchi,artist,2025|2026|2026_06
mr._a,character,2025|2026|2026_06
mr._black,character,2025|2026|2026_06
mr._bones_(video_game),copyright,2025|2026|2026_06
mr._edtropolis,artist,2025
mr._hirasawa,character,2025
mr._men,copyright,2025
mr._nobody,character,2025|2026|2026_06
mr._nothing_(ambience_synesthesia)_(arknights),character,2025|2026|2026_06
mr._smoothie,general,2026|2026_06
mr._white,character,2025|2026|2026_06
mr.knight_(honkai_impact),character,2025
mr_alfred,character,2025|2026|2026_06
mr_ande_(shining_nikki),character,2026
mr_crystal_(meesh),character,2025
mr_evil,artist,2025
mr_gamer_xd,artist,2025
mr_m00th,artist,2025|2026|2026_06
mr_mackey,character,2025
mr_pottsdam,character,2025
mr_president_(extra_lives),character,2026
mr_quessos,artist,2025
mr_sakai,artist,2025
mr_sheva_wax,artist,2025|2026
mr_yheu,artist,2025
mrfluffyspiky,artist,2025
mrgagfoot,artist,2025
mrgx18698869,artist,2025
mrmothsecret,artist,2025|2026|2026_06
mrn4453,artist,2025|2026|2026_06
mrs._hirasawa,character,2025
mrs._snake_(fate),character,2025|2026|2026_06
mrs._snake_(fate)_(cosplay),general,2025|2026|2026_06
mrs.yega_(nai0026er),artist,2025|2026|2026_06
mrw_(merawo_),artist,2025
mrwes326,artist,2025
mrxt7727,artist,2025
ms._marvel,character,2025|2026|2026_06
ms._marvel_(cosplay),general,2025|2026|2026_06
ms0,artist,2025
ms_bewb,artist,2025
ms_bnzka,artist,2025|2026
msaeng_(00grimza),artist,2025|2026|2026_06
msd_z,artist,2025
msmad,artist,2025
msyg2258,artist,2025
mt-01,general,2025|2026|2026_06
mtblue_plus,artist,2025
mtcz8728,artist,2025
mtdy,artist,2026|2026_06
mthmint,artist,2025|2026|2026_06
mtjoyy,artist,2025
mtjx7883,artist,2025|2026|2026_06
mty_mmm,artist,2025|2026|2026_06
mu513989,artist,2025|2026|2026_06
mu_(pixiv_40374297),artist,2025|2026|2026_06
mu_bai_(my_harem_grew_so_large_i_was_forced_to_ascend),character,2025|2026|2026_06
mu_huu,artist,2025
mu_muzi_der_weibo,artist,2025
mubu,artist,2025
muchi_muchi,artist,2025
muchi_muchi_pork,copyright,2025|2026|2026_06
muchipuin,artist,2025
mud_castle,general,2025
mudo34e,artist,2025
mudubu00,general,2026|2026_06
muedo_(seiga),artist,2025
mufa_x,artist,2026|2026_06
mufetojiiba_(magallan),artist,2025
muff_(clothes),general,2025|2026|2026_06
mugetsu_form_(bleach),general,2025|2026|2026_06
mugi_(iccomae),artist,2025|2026|2026_06
mugi_(user_mezy4828),artist,2025
mugi_0,artist,2025
mugi_jinken893,artist,2025|2026|2026_06
mugi_no_yae,artist,2025
mugicha_(zoro1132),artist,2025|2026|2026_06
mugiiii03,artist,2025
mugyaclan,artist,2025
mugyiiiii_ika,artist,2025|2026|2026_06
muimeisan,artist,2025
muji,artist,2025
mujigae_keobkeikeu,artist,2025
mujin,general,2025|2026
mujina_(youkai),general,2025|2026|2026_06
muju_(deviant_art),artist,2025
mukau61,artist,2025
mukiriyokubato,artist,2025
mukk2883,artist,2025|2026|2026_06
mukosuta,artist,2025|2026|2026_06
mukubirdy,artist,2025
mukumuta_(juxj3355),artist,2025
mulan,copyright,2025
mulberry_(elite_ii)_(arknights),character,2026|2026_06
mulberry_key,artist,2025
mulcharmy_fuwaross,character,2025
mulhubs,artist,2025|2026|2026_06
mulim-eseo_jeolleumbal-ilo_sal-anamgi,copyright,2025|2026|2026_06
mulin,artist,2025
multi-strapped_bikini,general,2025
multi_type_(ultra_series),general,2025
multicolored_beret,general,2025|2026|2026_06
multicolored_bikesuit,general,2025
multicolored_footwear,general,2025
multicolored_gemstone,general,2025|2026|2026_06
multicolored_headwear,general,2025
multicolored_legwear,general,2025
multicolored_wetsuit,general,2025|2026|2026_06
multilingual,general,2025
multimouse_(character),character,2025
multiple_bows,general,2025
multiple_commentaries,meta,2025|2026|2026_06
multiple_hair_buns,general,2025
multiple_hair_clips,general,2025|2026|2026_06
multiple_hairpins,general,2025|2026|2026_06
multiple_hands,general,2025
multiple_limbs,general,2025|2026|2026_06
multiple_penises,general,2025|2026|2026_06
multiple_pulse_(armored_core),general,2025
mumeidehanai,artist,2025|2026
mummification,general,2025
mumu_(04ilvw9fnr91k5j),artist,2025
mumumu_hoshibito,artist,2025|2026|2026_06
muna-ge,artist,2025
munakata_kyousuke,character,2025
munoelguns_(artist),artist,2025
muo_(user_gntu5233),artist,2025
muon,artist,2025
murakumo_(akatsuki_blitzkampf),character,2025
murakumo_(valentine's_day)_(kancolle),character,2025
muramatsu-dono_(sengoku_musou),character,2025|2026|2026_06
murano_sayaka_(gigo),character,2025
murano_sayaka_(playground),character,2025
murano_sayaka_(walking_diary),character,2025
murasaki_(kyokugen_dasshutsu),character,2025
murasaki_ryo,artist,2025
murasaki_shikibu_(swimsuit_rider)_(fate),character,2025
murasaki_shikibu_(swimsuit_rider)_(fate)_(cosplay),general,2025
murasaki_yoshino,artist,2025
murasaki_yuri,artist,2025
murasame_(jmsdf),general,2025|2026|2026_06
murasame_(round_one)_(kancolle),character,2025|2026|2026_06
murasame_kai_ni_(race_queen_mode)_(kancolle),character,2025
murasame_works,artist,2025
murayama_kimisuke,artist,2025
murazina,artist,2025
murlovely,artist,2025
murmur_ibuna,artist,2025
murohushi_risa,character,2025|2026|2026_06
murphy_(dycm420),artist,2025|2026|2026_06
murupuru_22,artist,2025|2026|2026_06
musashi-kun_to_murayama-san_wa_tsukkiatemita,copyright,2025
musashi_(corvette),general,2025
musashi_(swimsuit_mode)_(kancolle),character,2025
musashibo_benkei_(under_the_same_sky)_(fate),character,2025
musashibou_benkei,character,2025
muscle_band,general,2025
muse_loss,artist,2025|2026|2026_06
musechan,artist,2025
museum2088,artist,2025
mush,artist,2025|2026|2026_06
mushihime-sama,copyright,2025|2026|2026_06
mushihime-sama_futari,copyright,2025|2026|2026_06
mushiki_kuga,character,2025
mushoku_tomei_sai,general,2026|2026_06
mushou_zhongxin_zhi_guafu_wen_ai,artist,2025
mushroom_girl_(hks),character,2025
mushroompus,artist,2025
mushstone,artist,2025
music_player,general,2025
musical_android_(itou),character,2025|2026|2026_06
musigyouza,artist,2025
muslim,general,2025|2026|2026_06
musou_gamer,general,2025
mustardleafp,artist,2025
mustelid,general,2025
musuko_(son_of_everyone),artist,2025
muta0083,artist,2025
mutea,artist,2025
muted_color,general,2025|2026|2026_06
muteki_gamer,character,2025|2026|2026_06
muto-s,artist,2025
mutsu_(haregi_mode)_(kancolle),character,2025
mutsu_(yukata_mode)_(kancolle),character,2025
mutsuki_kana_(rinbu),character,2025|2026
mutuki560,artist,2025
muuko_(vertigris),character,2025
muun_088,artist,2026|2026_06
muunburuu,artist,2025
muutsuki_(vertigris),character,2025
muxi297,artist,2025
muze_nptd2527,artist,2025
mv_augusta_dragster,general,2025|2026|2026_06
mwrylyx,artist,2025|2026|2026_06
my_boo_(2024_film),copyright,2025
my_dear_bunny_(module),general,2025
my_dear_my_happiness_(idolmaster),general,2025|2026|2026_06
my_friend's_hot_soccer_mom_(comic),copyright,2026
my_own_fairy_tale_(love_live!),general,2025
my_room,general,2025|2026|2026_06
my_scene_jammin_in_jamaica,copyright,2025
myaa,artist,2025|2026|2026_06
myai,artist,2025|2026|2026_06
myamul144,artist,2025|2026|2026_06
myangdu,artist,2026|2026_06
mydarksideart,artist,2025
myforuwlglij69i,artist,2025|2026|2026_06
mygreysky,artist,2025|2026
myhappiidays,artist,2025
myke_greywolf,artist,2025
myl,general,2025
myla,artist,2025
mylittlesheepy,artist,2025
mynameisorz,artist,2025
myomuron,artist,2025
myomyomyo_u,artist,2025
myon_(arca_live),artist,2025
myoukou_pose,general,2025|2026|2026_06
myourenfujin,character,2025
myoushun,artist,2025
myownpaladise,artist,2025
mypallet,artist,2025
mypxv-4010,artist,2025|2026|2026_06
myrarose,artist,2025
myrtle_(elite_ii)_(arknights),character,2026|2026_06
myru263,artist,2025
mysterious_butterfly_(module),general,2025
mysterious_heroine_x_(third_ascension)_(fate)_(cosplay),general,2025|2026|2026_06
mysterious_heroine_x_alter_(first_ascension)_(fate)_(cosplay),general,2025|2026|2026_06
mysterious_heroine_x_alter_(princess_of_red_bean_paste)_(fate)_(cosplay),general,2025
mysterious_heroine_x_alter_(second_ascension)_(fate)_(cosplay),general,2025|2026|2026_06
mysterious_man_(fire_emblem),character,2025
mysterious_neko_v,character,2025
mysterious_neko_w,character,2025
mysterious_neko_x,character,2025
mysterious_neko_y,character,2025
mysterious_neko_z,character,2025
mystery,artist,2025
mystery_(spongebob_squarepants),character,2025
mystic_dawn_(idolmaster),general,2025|2026|2026_06
mystic_fire_(pokemon),general,2025
mystical_beast_of_serkhet,character,2025|2026|2026_06
myszkaa,artist,2025|2026|2026_06
myuc-ed8s,artist,2025
myugotyou,artist,2026|2026_06
myuratch,artist,2025
myuyuki_meo,character,2026|2026_06
mz15,artist,2025
mz_15,artist,2025
mzk3,artist,2025|2026|2026_06
mzzu,artist,2025|2026|2026_06
n-13,artist,2025
n-san,artist,2025
n.chagashi,artist,2025
n.gin,character,2025
n/p_(np5034674217827),artist,2025
n0_llp,artist,2025
n1000sec,artist,2026|2026_06
n1k2-j,general,2025|2026|2026_06
n1on,artist,2025|2026|2026_06
n4dz0,artist,2025
n72,artist,2025
n8kos,artist,2025|2026|2026_06
n9at,artist,2025|2026|2026_06
n_24,artist,2026|2026_06
n_akimasa,artist,2025
n_nai_nai_n,artist,2025|2026|2026_06
n_yoharu,artist,2025
na_be123,artist,2025
na_bia,artist,2025|2026|2026_06
na_nami_arisu,artist,2025
naafiri,character,2025|2026|2026_06
naala,character,2025
naaran,artist,2025
naarsann,artist,2025
nabe_ut,artist,2025
nabepro,artist,2025
naboo_royal_handmaiden_(battle_dress),character,2025
nacarattt,artist,2026
nachi_fantuan,artist,2025
nachooz,artist,2025
nachtigal,character,2025|2026|2026_06
nachzehrer_king_(arknights),character,2025
nada,artist,2025|2026|2026_06
nada_(diives),character,2025
nadesico_hoshino,character,2025|2026|2026_06
nadine_saint-pol,artist,2025
nadja_(iris_mysteria!),character,2025
nado,artist,2026|2026_06
naesala_(sea's_shadow)_(fire_emblem),character,2025
nagainegi,artist,2025|2026|2026_06
nagakura_jin,character,2025|2026|2026_06
nagakura_shinpachi_(isshin),character,2025|2026|2026_06
nagamikaku,artist,2025|2026|2026_06
nagao_hiroki,artist,2025
nagao_kagetora_(grand_journey)_(fate),character,2026
nagara_(light_cruiser),general,2025|2026|2026_06
nagare_ippon,artist,2025
nagasaki_akira,artist,2025
nagato_(haregi_mode)_(kancolle),character,2025
nagatsuki_(55rstomdn1qqj6x),artist,2025
nagayama_(zappazappa),artist,2025
nagi-negitoro,artist,2025
nagi71,artist,2025
nagiazusa,artist,2025
nagihoko,artist,2025|2026|2026_06
naglering_(crosscore),character,2025|2026|2026_06
naglfar_sakura,artist,2025
nago_(na7_go5),artist,2025|2026|2026_06
nagori_(voyage),artist,2025
nagoya_shachihachi,artist,2025
nagu_(skizblaznir),artist,2025
nahralab_(honkai_impact),character,2026|2026_06
nahuib,artist,2025
nai-chan,artist,2025
naihebridge,artist,2025|2026|2026_06
naiko_(pixiv13781356),artist,2025|2026|2026_06
nail_charm,general,2025
nailianglujiu767,artist,2025
naishuanghaohaohe,artist,2026|2026_06
naito_mare_(vtuber),character,2025|2026|2026_06
naiyou_caoyuanshu_fulei,artist,2025|2026|2026_06
najaggwaeng,artist,2025|2026|2026_06
naka_(light_cruiser),general,2025|2026
naka_(summer_mode)_(kancolle),character,2025
nakabachi_(steins;gate),character,2025
nakafukada_mitsuhiko,character,2025
nakahara_hisafumi,artist,2025
nakahara_kouhei,artist,2025
nakaji_(user_snap3353),artist,2025|2026|2026_06
nakajima_motoyuki,artist,2025
nakajou_hisaya,artist,2025
nakaki,artist,2025
nakamura_mikoto,artist,2025
nakamura_yuto,character,2025|2026|2026_06
nakano_futaba,artist,2025|2026|2026_06
nakapika,artist,2025
nakare2845,artist,2025
nakarin,artist,2025
nakarin_(naka123na),artist,2025
nakata_rei,artist,2025
nakatsu_(nakatsu22),artist,2025|2026|2026_06
nakatsu_castle,character,2025
nakaya_ryou,artist,2025
nakayama_festa_(entrust_myself_to_the_dice)_(umamusume),character,2025|2026|2026_06
nakayama_masahiko,artist,2025
nakayama_masaki,artist,2025
nakayamada_yasuyoshi,character,2025
nakayosi_(kodansha),copyright,2025
nakazeko,artist,2025|2026|2026_06
nakazu,artist,2025
naked_boot,general,2026|2026_06
naked_challenge,general,2025
naked_gun_33_1/3,copyright,2025
nakiri_ayame_(off-work),character,2025
nakiusagi,artist,2025|2026|2026_06
nako2mypazuzwkq,artist,2025
nakuru_(synthv),character,2025
naleudag,artist,2025
nallck,artist,2025
nam_yungyeong,artist,2025
nama_namusan,artist,2025
namadonuts,artist,2025|2026|2026_06
namaniku_senpai,artist,2025
namari_no_kamifuusen,artist,2025
namatame_taro,character,2025|2026|2026_06
nambu_type_14,general,2025|2026|2026_06
"nambu_type_a_modified_(""papa"")",general,2025|2026|2026_06
nameko_hachikou,artist,2025|2026|2026_06
namekuji_yoshito,artist,2025
nameless_ability,artist,2025
nameless_ark,artist,2025|2026|2026_06
namewithnumbers,artist,2025
nami86,artist,2025
nami_(league_of_legends),character,2025|2026|2026_06
nami_(league_of_legends)_(cosplay),general,2025|2026|2026_06
nami_(one_piece)_(onigashima),general,2026
namieeesss,artist,2025|2026|2026_06
namikakeo,artist,2025
namin,artist,2025|2026|2026_06
namin_(anjpzaobmhbppxs),artist,2025|2026|2026_06
namino.,artist,2025|2026|2026_06
namnahcaka,artist,2025
namou_(namorton09),artist,2025
namul_steal,artist,2026|2026_06
namur,character,2025
nana2318j,artist,2026|2026_06
nana73,artist,2025|2026|2026_06
nana_(akashic_chronicle),character,2025|2026|2026_06
nana_(ebitokanimiso),artist,2025|2026|2026_06
nana_(inanna-nakano),artist,2025|2026|2026_06
nana_kagura_(real_life),character,2026|2026_06
nanaasuzy_pk,artist,2025
nanachi_(made_in_abyss)_(cursed),character,2025|2026
nanado_(pnzx7787),artist,2025
nanae_ichinomiya,character,2025|2026|2026_06
nanahahe_fl,artist,2025
nanaharu_(0420),artist,2025|2026|2026_06
nanahoshi_nana,character,2025|2026|2026_06
nanako_(iyapan),character,2025
nanako_(melty_blood),character,2025
nanako_(tennis_no_ouji-sama),character,2025|2026|2026_06
nanakoro81,artist,2025|2026|2026_06
nanally_(neverness_to_everness),character,2025|2026|2026_06
nanama_(vtuber),character,2025|2026|2026_06
naname_(seven28),artist,2025
nanami_noshiro,character,2025
nanami_tou,artist,2025
nanamiko74,artist,2025|2026|2026_06
nanamin7777,artist,2026
nanaminl,artist,2025
nanamizu_kayu,artist,2025
nananamako,artist,2025|2026|2026_06
nanarei7,artist,2025|2026|2026_06
nanaring,character,2025
nanashi_(524198),artist,2025
nanashi_(gegege_no_kitarou),character,2025|2026|2026_06
nanashi_(pos_t_0w0),artist,2025|2026|2026_06
nanashino_(yamayan),artist,2025
nanashnojo,artist,2025|2026|2026_06
nanasun_(nnsn02777),artist,2025
nanatsuichi,artist,2025|2026|2026_06
nanba_teru,character,2025|2026
nandoro_09,artist,2025|2026|2026_06
nanica26,artist,2025
nanika9,artist,2025
nanji379,artist,2025
nanjo_masayuki,character,2025
nanjou_kumiko,character,2025|2026|2026_06
nanneichii,artist,2025|2026|2026_06
nanokumav,artist,2025
nanon0804,artist,2025|2026|2026_06
nanoram,artist,2025
nanpi,artist,2025
nanqizizhou,artist,2025
nantou_ichiban,character,2025
nanxu,artist,2025|2026|2026_06
nanxuexixia,artist,2025|2026|2026_06
nanyi46293,artist,2025|2026|2026_06
nao_(escalation_heroine),character,2025
nao_(moji),artist,2025
nao_asami,character,2025|2026|2026_06
nao_kumaneko,artist,2025
naoe_yuu,character,2025|2026|2026_06
naoiseoshey,artist,2026|2026_06
naomi_(den-o),character,2025
naomi_(den-o)_(cosplay),general,2025
naomi_kennedy,character,2025
naomicococo,artist,2025
naomin_iva_lucille,character,2025
naopon918,artist,2025|2026|2026_06
naoru,artist,2025|2026|2026_06
naoto_luna,character,2026|2026_06
naoya_saeki,character,2025
napaea,character,2025
naphanya,artist,2025|2026|2026_06
napoleon_bonaparte_(welcome_to_the_travelling_circus!)_(fate),character,2025
nappy_(artist),artist,2025
napstablookeon,artist,2025
nara-ou_renge,character,2025
naraatori,artist,2025|2026|2026_06
narai_kinya,character,2025|2026|2026_06
naraka_(5th_costume)_(nijisanjji),character,2025
narayu,artist,2025|2026|2026_06
narek_ishru_de_mildonia,character,2025
nari19,artist,2025|2026|2026_06
narisumashi_genga,copyright,2025
narita_brian_(heavenly_laughter_kaburaya)_(umamusume),character,2025|2026|2026_06
narita_taishin_(stubborn_markt)_(umamusume),character,2025|2026|2026_06
naroya_(meropaka),character,2025
narrow28406455,artist,2025|2026|2026_06
naruchisukisuki,artist,2025|2026|2026_06
narukami_yuu,character,2025
narukami_yuu_(cosplay),general,2025
narukamikagero1,artist,2025
narukamiruka,artist,2025
narulinn,artist,2025|2026|2026_06
narumahi_(88641930),artist,2025
narumi_(siesta),artist,2025
narumi_hyou,artist,2025|2026|2026_06
narumiya_yuu,character,2025
naruse_haru,character,2025
naruse_miki,character,2025|2026|2026_06
naruto,copyright,2025
naruto:_road_to_ninja,copyright,2025|2026|2026_06
naruto_mobile:_the_wandering_savior,copyright,2026
naruto_shippuuden_kizuna,copyright,2025|2026|2026_06
naruuuuuu9,artist,2025
narvy_(heaven_burns_red),character,2025|2026|2026_06
nasti_lunorey_(arknights),character,2026|2026_06
nastja_sajovic,artist,2025
nasucabocha,artist,2025|2026|2026_06
nasukichi_t,artist,2025|2026|2026_06
nasus,character,2025|2026|2026_06
nasutorako,artist,2025|2026|2026_06
natae_(niteeee9314),artist,2025
natchan_rera_(ferry),general,2026|2026_06
nate_harlow,character,2025
nate_timely_(plants_vs_zombies),character,2025
natebaertsch,artist,2025|2026|2026_06
nathan01179745,artist,2025|2026
national_police_agency_(south_korea),general,2025
nationalism,general,2025
native,artist,2025|2026|2026_06
natochi200,artist,2025
natori_sana_(sana_tric_wave),character,2025|2026|2026_06
natsu-sama,artist,2025
natsu_(pixiv91352603),artist,2025
natsu_(yes!_precure_5),character,2025|2026|2026_06
natsu_(yes!_precure_5)_(lafary),character,2026|2026_06
natsu_kaze,artist,2025
natsu_minazuki,artist,2025
natsu_watch,artist,2025
natsugumo_(race_queen_mode)_(kancolle),character,2025
natsuhikari3,artist,2025
natsujiru,artist,2025
natsuki_gemu,artist,2025
natsuki_hiroshi,artist,2025
natsuki_kitagawa,artist,2025
natsuki_naoko,character,2025|2026|2026_06
natsuki_shinohara,character,2025|2026
natsuko_maki,character,2025
natsume_(saru_getchu),character,2025
natsume_anan,character,2025
natsumi_a3,artist,2025
natsumi_kanna_(neet_de_otaku_na_kunoichi_to_naze_ka_dousei_hajimemashita),character,2025
natsuno_shiki,artist,2025
natsupoi,artist,2025
natsuto_(tamacolle),character,2025
natsuyasumi_o_kawaii_onna_no_ko,copyright,2025
nattoushouyu3,artist,2025|2026|2026_06
nattsu_(nicoseiga),artist,2025
nattsu_shiro,artist,2025
natumusumeab,artist,2025
natur's_dad_(marshy),character,2025|2026
natur's_mom_(marshy),character,2025|2026
natural_note,general,2025
naturalborn-mizu,artist,2025
natydj,artist,2026|2026_06
naughty_sorority_(comic),copyright,2026
nautilus_(league_of_legends),character,2025|2026|2026_06
nauuj,artist,2025|2026|2026_06
nava0under,artist,2026|2026_06
naval_cat_holiday,artist,2025|2026|2026_06
naval_flag,general,2025
naval_sailor_uniform,general,2025
navi_(princession_orchestra),character,2025
navimon,character,2025
navis_ba_(user_kvak7252),artist,2025|2026|2026_06
navisprinkles,artist,2025
navy_baseball_cap,general,2025
navy_pants,general,2025
navy_seal_copypasta,general,2025
navy_thunder_ranger_(cosplay),general,2025
nay,artist,2025|2026|2026_06
nayak,artist,2025|2026|2026_06
nayakiro,artist,2025
naye_(xter),character,2025|2026|2026_06
nayu_taf,artist,2025|2026|2026_06
nayuun,artist,2025|2026|2026_06
naza_erisuis,character,2025
nazamil_(tales),character,2025|2026|2026_06
nazoushi,artist,2025|2026|2026_06
nazuna_(gacha_level._9999),character,2025|2026
nazuna_(kajitsu),character,2025
nazuna_(koshikake_nimaikin),character,2025
nazuna_stella,artist,2025
nb_(yee_e),artist,2025
nbwcloud,artist,2025
ncean,artist,2025
ncheng11good,artist,2025|2026|2026_06
ne000000t,artist,2025|2026|2026_06
ne_nanikore,artist,2025
near,character,2025
nebo_mayura,artist,2025
nebris_(brown_dust_2),character,2025|2026|2026_06
nebris_(brown_dust_2)_(cosplay),general,2026|2026_06
nebris_(labyrinth_gatekeeper)_(brown_dust_2),character,2026|2026_06
nebris_(laid-back_lifeguard)_(brown_dust_2),character,2025|2026|2026_06
nebris_(new_hire)_(brown_dust_2),character,2025|2026|2026_06
nebula_(crosscore),character,2025|2026|2026_06
neck_collar,general,2025
necklace_censor,general,2025|2026|2026_06
necoco112061,artist,2025|2026|2026_06
necota,artist,2025
necoyu25,artist,2026|2026_06
need_for_speed_(2014_film),copyright,2025
needle_hedgehog,general,2025|2026|2026_06
needle_phobia,general,2025|2026|2026_06
needlehawk,general,2025|2026|2026_06
neee-t,artist,2025|2026|2026_06
neeko's_father,character,2025|2026|2026_06
neeko's_mother,character,2025|2026|2026_06
neeko_(league_of_legends),character,2025|2026|2026_06
neeko_(league_of_legends)_(cosplay),general,2025|2026|2026_06
neeneegoose,artist,2025
neesaig,artist,2025
neexz,artist,2025
nefi=nera,character,2025|2026|2026_06
negai007,artist,2025
negationtenmaru,artist,2025
negev_ng-7,general,2025
negggi4,artist,2025
negisen,artist,2025|2026|2026_06
negishi_oniku,artist,2025|2026|2026_06
negiwo,artist,2025|2026|2026_06
nei_takarai_(gokurakugai),character,2025
neisch_gofis,character,2025
neko-chan_(dokusen_yoku_ga_tsuyo_sugiru_yandere_petto_neko-chan),character,2025
neko-niki,artist,2025
neko6black,artist,2025
neko_(pixiv28238559),artist,2025
neko_bocchi,artist,2025|2026|2026_06
neko_cyber_(module),general,2025
neko_ni_chikyuu,artist,2025
neko_tokage419,artist,2026|2026_06
neko_tori,artist,2025
neko_tougarashi,artist,2026
nekobashi_toshio,artist,2025
nekociel,character,2025
nekodayo22,artist,2025|2026|2026_06
nekohybrid2017,artist,2025
nekokan-nekokan,artist,2025|2026|2026_06
nekokat,artist,2025
nekoken,general,2026
nekokusa5,artist,2025|2026|2026_06
nekomaru,artist,2025
nekomarunisei,artist,2025
nekomata_kurumi_&_wakana,character,2026|2026_06
nekomata_nyanko,artist,2025
nekomata_okayu_(casual),character,2025
nekomata_okayu_(personya_respect),character,2025|2026|2026_06
nekomia,general,2025|2026|2026_06
nekomicha,artist,2025
nekomimi_parka_(module),general,2025
nekomoshi,artist,2025
nekonomimiko,artist,2025
nekonosuke_nekonojaw,artist,2025
nekoponchiar,artist,2025|2026|2026_06
nekor0id,artist,2025
nekoreset13,artist,2025|2026|2026_06
nekoshige,artist,2025
nekoshizuku_mira,artist,2025|2026|2026_06
nekotsuki,artist,2025
nekoyama_mia,character,2025|2026|2026_06
nekoyamamono,artist,2025
nekoyashiki_08,artist,2025|2026|2026_06
nekozaki_nao,artist,2025
nekozounpoko,artist,2025|2026|2026_06
nel_6108,artist,2025|2026|2026_06
nell_(trickcal),character,2025
nelldya,artist,2025
nellr_art,artist,2025
nelly,character,2025|2026|2026_06
nelly's_mom_(south_park),character,2025|2026|2026_06
nelyne_(milramemo),character,2025
nelyrian1,artist,2025|2026|2026_06
nemesis_(megami_tensei),character,2025
nemiart,artist,2025
nemmori_draws,artist,2025
nemo_(fate/grand_order_arcade),character,2025|2026|2026_06
nemo_(fate/grand_order_arcade)_(cosplay),general,2025|2026|2026_06
nemo_(first_ascension)_(fate/grand_order_arcade),character,2025|2026|2026_06
nemo_(second_ascension)_(fate/grand_order_arcade),character,2025|2026|2026_06
nemo_(user_ryaa2474),artist,2025
nemon_kony,artist,2025
nemu-san,artist,2025
nemu_(haibane),character,2025
nemu_(haibane)_(cosplay),general,2025
nemu_(jdgz3357),artist,2025|2026|2026_06
nemu_(l8r_fu),artist,2025
nemu_(nemurumask),artist,2025|2026|2026_06
nemu_mohu,artist,2025
nemu_nemu_(module),general,2025
nemui,character,2025|2026|2026_06
nemui_(ohisashiburi),character,2025
nemui_468,artist,2025
nemuiz,artist,2025
nemumui_uto27,artist,2025|2026|2026_06
nemuri_gbng,artist,2025|2026|2026_06
nemuri_haru,artist,2025
nemuri_min,artist,2025
nemuri_nek0,character,2025|2026|2026_06
nemuritaa,artist,2025|2026|2026_06
nen_master_(dungeon_and_fighter),character,2025
nena,character,2025
nene_(ponymoe),character,2025
nenenemuri,artist,2025|2026|2026_06
nenenene1109,artist,2025
neng_liang_sheng_ming_ti,artist,2025
nenyanen0,artist,2026|2026_06
nenza_naore,artist,2025
neo_graduation,copyright,2025
neo_kusano,artist,2025
neo_politan,character,2025
neo_politan_(atlas),character,2025
neo_politan_(cosplay),general,2025
neomero_(pixiv61398076),artist,2025
neon_(kyjin),artist,2025
neon_(neo_getter_robo),character,2025|2026|2026_06
neon_girl_(ohisashiburi),character,2025
neoul_(hat),general,2026|2026_06
neoul_4444,artist,2026|2026_06
neowise,artist,2025
nepcel,artist,2026|2026_06
nepdora,character,2025
neprime2003,artist,2025
neptuniosolar_(artist),artist,2025
nerawareta_megami_tenshi_angeltia,copyright,2025|2026|2026_06
neri_ane_(h_si11),artist,2025
neri_ume,artist,2025
neria,character,2025
nerida,character,2025
nerida_(styx_envoy),character,2025
nern8347,artist,2026|2026_06
nero_(geuk4788),artist,2025|2026|2026_06
nero_(min2nr),artist,2025
nero_(voyaki),artist,2025
nero_claudius_(fate/extra)_(cosplay),general,2025|2026|2026_06
nero_claudius_(fgo_x_kyoto_rikyuen)_(fate),character,2025|2026|2026_06
nero_claudius_(formal_dress)_(fate)_(cosplay),general,2025|2026|2026_06
nero_claudius_(idol_emperor)_(fate)_(cosplay),general,2025
nero_claudius_(olympian_bloomers)_(fate)_(cosplay),general,2025|2026|2026_06
nero_claudius_(pure_night_dress)_(fate)_(cosplay),general,2025
nero_claudius_(red_lightning)_(fate)_(cosplay),general,2025|2026|2026_06
nero_claudius_(saber_venus)_(fate)_(cosplay),general,2025|2026|2026_06
nero_claudius_(type-moon_racing)_(fate)_(cosplay),general,2025|2026|2026_06
neroli_(pokemon),character,2025
neroli_(pokemon)_(cosplay),general,2025
neroo,artist,2025
neru_utano,character,2025
neruko,artist,2025|2026|2026_06
neruku,artist,2025
nerv,general,2025|2026|2026_06
nes_gamepad,general,2025|2026|2026_06
nether,character,2025
netherred,artist,2025
netherwing_(honkai:_star_rail),character,2025
neto_moti,artist,2025
netspike,artist,2025
neun_(vtuber),character,2025
neuvillette_(dragon)_(genshin_impact),character,2025
nev_nev24,artist,2025
neva_(seiga12010002),artist,2025
nevada_(christmas_mode)_(kancolle),character,2025
nevada_(swimsuit_mode)_(kancolle),character,2025
nevada_kai_(christmas_mode)_(kancolle),character,2025
nevada_kai_(swimsuit_mode)_(kancolle),character,2025
nevada_kai_mod.2_(christmas_mode)_(kancolle),character,2025
nevada_kai_mod.2_(swimsuit_mode)_(kancolle),character,2025
new_armor_x_(mega_man)_(cosplay),general,2025
new_cutie_honey,copyright,2025
new_horizons,character,2025|2026|2026_06
new_international_track_&_field,copyright,2025|2026
new_kamen_rider,copyright,2025|2026|2026_06
new_knight,character,2025
new_national_stadium,general,2025|2026|2026_06
new_orleans_hornets,copyright,2025
new_pinko_(yu-ji-oh),artist,2025
new_stars_rose,general,2025|2026|2026_06
new_start_go!_(ensemble_stars!),general,2025|2026|2026_06
new_virtua_fighter,copyright,2026|2026_06
newstarbegin,artist,2025|2026|2026_06
newtmitchell,artist,2025
nextr3d,artist,2025
nezha_(the_legend_of_luoxiaohei),character,2025|2026|2026_06
nezha_nao_hai,copyright,2025|2026|2026_06
ng_note02,artist,2026|2026_06
ngc7k137,artist,2025
ngcvian,artist,2025|2026|2026_06
nghia_(koshika_rina),character,2025|2026|2026_06
nghrstst,artist,2025
ngkrinkled,artist,2025
ngun8232,artist,2025
nhev4873,artist,2025
nhimuchan,artist,2026|2026_06
ni-na,artist,2025
ni_hoshi,artist,2025
ni_no_sakura_kouchou_(module),general,2025
ni_no_sakura_senbu_(module),general,2025
nia_(hks),character,2025|2026|2026_06
niah_(black_survival),character,2026|2026_06
nian_(elite_ii)_(arknights),character,2026|2026_06
niaode,artist,2025
nibinibu1,artist,2025
niboonskull,artist,2026|2026_06
niboshi_vrc,artist,2025|2026|2026_06
nice_(meatbeatem3d),artist,2026|2026_06
nice_nature_(run&win)_(umamusume),character,2025|2026|2026_06
nichiii_random,artist,2025|2026|2026_06
nichijo,artist,2025
nichirine,artist,2025|2026|2026_06
nick-ian,artist,2025
nick714-x,artist,2025
nick_(mii),character,2025|2026|2026_06
nick_heidfield,character,2025|2026|2026_06
nick_stephan,artist,2025
nico-sama,character,2025|2026|2026_06
nico.,artist,2025
nico_(xuanyuan_jian_can),character,2025
nicolas_welch,artist,2025|2026
nicole_(escalation_heroines),character,2025
nicole_francesca,character,2025
nicole_reeyn,character,2026|2026_06
nidalee,character,2025|2026|2026_06
nidhoggr_(fire_emblem)_(new_year),character,2025
nido_ice,artist,2025
nidone_uto_(hiro_0607),character,2025|2026|2026_06
nielspeterdejong,artist,2025
niezaozhe113,artist,2025|2026|2026_06
nigashita_sakana_wa_oukikattaga_tsuriageta_sakana_ga_ouki_sugita_kudan,copyright,2025|2026|2026_06
nigatsu_(fevrali),artist,2025
nigatsumikka,artist,2025|2026|2026_06
nigewaka_whobu,artist,2025|2026|2026_06
niggurath_(honkai_impact),character,2025|2026|2026_06
night_and_jenny_(shining_nikki),character,2025
night_raven_college_uniform,general,2025
night_vision,general,2025|2026|2026_06
nightblade,character,2025
nightborne,general,2025|2026|2026_06
nightcap_(plants_vs_zombies_heroes),character,2025
nightcore,artist,2025|2026
nightheaad,artist,2025
nightlife,general,2025|2026|2026_06
nightlight_(lanuit_03),artist,2025
nightly_bloomers_(project_sekai),general,2025
nightmare_orb,general,2025|2026|2026_06
nightshade_(plants_vs_zombies),character,2025
nigjing_zhiyuan,artist,2025
nihonnneko,artist,2025
niigaki_kazunari,artist,2025
nijimaru,character,2025|2026|2026_06
nijisanji_symphonia_concert_uniform,general,2025
nika_(kpak3548),artist,2025
nika_(one_piece),character,2025
nika_(weibo_1765532371),artist,2025
nikabocha,artist,2025
nikaidou_hiro,character,2025
nikitanv,artist,2025
nikke_seishun_burst:_nikke_gakuen,copyright,2025
nikki_watkins_(barbie),character,2025
nikku(user_grkf3753),artist,2025|2026|2026_06
nikku_(user_ehxk4737),artist,2025|2026
niko's_mom_(oneshot),character,2026|2026_06
niko_(nikooo2016),artist,2025
nikonov_aleksand,artist,2025
nikukai_(nkbn_241),artist,2025|2026|2026_06
nikukyu_(ehus4333),artist,2026|2026_06
nikurabbit_again,artist,2025
nikuten,artist,2025|2026
nil_(pceh3453),artist,2025|2026|2026_06
nilah_(league_of_legends),character,2025|2026|2026_06
nilim_snow,character,2025
nillin_(artist),artist,2025
nilou_(samsung)_(genshin_impact),character,2025|2026|2026_06
nim_r18,artist,2025
nimble_harvester_mek_(genshin_impact),general,2025|2026|2026_06
nimi_nightmare_(2nd_costume),character,2026|2026_06
nimirom_(6403aghm),artist,2025
nimiya280,artist,2025
nimu2m,artist,2025
nimu_(vtuber)_(1st_costume),character,2025|2026|2026_06
nimu_(vtuber)_(2nd_costume),character,2025|2026|2026_06
nimu_(vtuber)_(3rd_costume),character,2025|2026|2026_06
nimu_(vtuber)_(4th_costume),character,2025|2026|2026_06
nimura-0601,artist,2025
nina_(benghuai_xueyuan),character,2025|2026|2026_06
nina_(bridal)_(fire_emblem),character,2025|2026|2026_06
nina_kosaka_(2nd_costume),character,2025
nina_makuneri,character,2025|2026|2026_06
nina_saotome_(4th_costume),character,2025
nina_usagi,artist,2025
nine9tiz,artist,2025
nine_(hi_club),character,2025
nines63,artist,2025
ningen_modoki,artist,2025
ningogogog19911,artist,2025
ninijin,character,2025|2026|2026_06
ninipi_(niar0814),artist,2025
ninitsubo_ayakashimaru,character,2025
ninja+comic_form_(best_match),general,2025
ninja_boost,general,2025
ninjago_dragons_rising,copyright,2025|2026|2026_06
ninji_(mario),character,2025|2026|2026_06
ninnin14,artist,2025
ninogin69,artist,2025|2026|2026_06
ninokurowa_isuke,character,2025
ninomiy,artist,2025
nintendo_3ds_(medium),meta,2025
ninuyya,artist,2025
niooonin,artist,2025
nipple_dumbbell,general,2025
nipple_gape,general,2025
nir_525,artist,2025
nira10,artist,2025|2026|2026_06
nirew,artist,2026|2026_06
niru_(escalation_heroine),character,2025
nisanrei121,artist,2025|2026|2026_06
nisha_(vtuber)_(1st_costume),character,2025|2026|2026_06
nisha_(vtuber)_(old_design),character,2025|2026|2026_06
nishi2023,artist,2025|2026|2026_06
nishi_yusuke,artist,2025
nishida_ayumi,artist,2025
nishida_kiri,artist,2025|2026|2026_06
nishikae-poe,artist,2026|2026_06
nishikawa_carrie,character,2025|2026|2026_06
nishimori_hina,character,2025
nishimura_hiroyuki_(2ch),character,2025
nishin_(user_sdau4572),artist,2025
nishino_flower_(feelings_loaded_into_a_small_prize)_(umamusume),character,2025|2026|2026_06
nishino_flower_(tiered_petal)_(umamusume),character,2026|2026_06
nishino_katsumi,artist,2025
nishitter7,artist,2025
nishizono_ria_(manno(kanpi2100)),character,2025
nisio_isin,character,2025
nisokurui,artist,2025|2026|2026_06
nito_nazuna_(black_bunny),character,2025|2026
nito_nazuna_(cross_x_mark),character,2025|2026|2026_06
nito_nazuna_(drifting_island),character,2025|2026|2026_06
nito_nazuna_(ice_cream_shop),character,2025|2026|2026_06
nito_nazuna_(pop_in_to),character,2025|2026|2026_06
nito_nazuna_(red_riding_hood),character,2025|2026|2026_06
nito_nazuna_(universe_guide),character,2025|2026|2026_06
nito_nazuna_(valkyrie),character,2025|2026|2026_06
nitocris_(a_perfect_new_year)_(fate),character,2026|2026_06
nitocris_(fgo_fes._2019)_(fate),character,2025
nitocris_(first_ascension)_(fate),character,2026|2026_06
nitocris_(second_ascension)_(fate),character,2026|2026_06
nitocris_alter_(korean_ver._7th_anniversary)_(fate),character,2026|2026_06
nitori_yuuya,artist,2025
nitouchesiji,artist,2025|2026|2026_06
nitronic_ff14i,artist,2025
niveus-diabolus,artist,2025
niwakafun_e,artist,2025
niwanazu,artist,2025
nix_(beatmania_iidx),character,2025
nixri504,artist,2025
nixtutyannh,artist,2025|2026|2026_06
nizou_okada,character,2025
nk1109r,artist,2025
nkdr2000,artist,2025
nke,artist,2025
nkegg,artist,2025
nkmdk41,artist,2025
nkota_k,artist,2025|2026|2026_06
nktyoushiki9060,artist,2026|2026_06
nkz_(nmm23mm),artist,2025|2026
nlle993,artist,2025
nm_(tshell2761),artist,2025
nme_(g76b1),artist,2026|2026_06
nmnkymd,artist,2025|2026|2026_06
nn1004,artist,2025
nn_namochi,artist,2025
nnamiya_0,artist,2025
nnitimuu,artist,2025
nnkk933306,artist,2026|2026_06
nnps_km_sonya,artist,2025
nnyes,artist,2025
nnytnk106,artist,2025
no-129,artist,2025
no-zp,artist,2025|2026|2026_06
no.1_machine,artist,2025|2026|2026_06
no._21:_feral_scent_(little_lost_nightmare)_(pgr),character,2026|2026_06
no._21:_feral_scent_(pgr),character,2025|2026|2026_06
no._21:_feral_scent_(revival_remedy)_(pgr),character,2025|2026|2026_06
no._21:_feral_scent_(tiny_bad_wolf)_(pgr),character,2026|2026_06
no?,artist,2025|2026|2026_06
no_(ninirno),artist,2025|2026|2026_06
no_ai_logo,general,2025
no_arms,general,2025|2026|2026_06
no_facepaint,general,2026|2026_06
no_halo,general,2025|2026|2026_06
no_lady_on_twitter_can_recreate_this_(meme),general,2025|2026|2026_06
no_legwear,general,2025|2026|2026_06
no_nails,general,2026|2026_06
no_pants?,general,2026|2026_06
no_tail,general,2025|2026|2026_06
no_talk_me_im_angy_(phrase),general,2025|2026|2026_06
no_visor,general,2025
no_wings,general,2025|2026|2026_06
noa,artist,2025|2026|2026_06
noa_(86380828),artist,2025|2026|2026_06
noa_(project_carneades),character,2025
noa_(shinja_zero_no_megami-sama),character,2025
noa_ilst,artist,2025|2026|2026_06
noachi_(noati23),artist,2025
noako,artist,2025
noatun,general,2025
noble_(module),general,2025
noble_game_(ensemble_stars!),general,2025|2026|2026_06
nobloo,artist,2025|2026|2026_06
noboru_(shoki14-lin),artist,2025
nobuhiro_(mochi),artist,2025|2026|2026_06
nobunaga_damashii,general,2025|2026|2026_06
nobushito_kuro,artist,2025
noc_vo,artist,2026|2026_06
noco_(clair_obscur:_expedition_33),character,2026|2026_06
noctilucent_(crosscore),character,2025|2026|2026_06
nocturnal_devil,artist,2025
nocturne_(league_of_legends),character,2025|2026|2026_06
nocturne_(pixiv41691),artist,2025|2026|2026_06
nod,artist,2025
nod6125,artist,2025
nodachi_(artist),artist,2025
nodens_(benghuai_xueyuan),character,2025|2026|2026_06
noe_226,artist,2025
noel_(traumerei),character,2025
noelclover,artist,2025
noelle_(alice_in_cradle),character,2025|2026|2026_06
noelle_francesca,character,2025
noenoeto,artist,2025
noeul_(hat),general,2025
nogawa_serori,artist,2025
nogi_pilotstar,artist,2025|2026|2026_06
nogiwa_miho_(nonomura_byouin_no_hitobito),character,2025|2026|2026_06
nohittingstart,artist,2025|2026
noi_(nuoyawupengchuan),artist,2025
noichi_83,artist,2025
noin518_draw,artist,2025
noin518_twit,artist,2025
noinoichebura,artist,2025
noir-black-shooter,artist,2025
noirmatic,artist,2025
noise_(suite_precure),character,2025|2026|2026_06
noishe,character,2025|2026|2026_06
nojiko,character,2025
noki_0x3,artist,2025|2026|2026_06
nokki_(meropaka),character,2025
nokonoko10271,artist,2025
nokooooooo,artist,2026|2026_06
nokora_(otonarinoco),artist,2025
nolee,character,2025
nolv00,artist,2025|2026|2026_06
nomeazog,artist,2025
nomosashi_(kuzu24),artist,2025
nomoto_miho,character,2025|2026|2026_06
non_(nonnon_0620),artist,2025
non_(okamoto_tarou),copyright,2025|2026|2026_06
non_non_moral,artist,2025|2026|2026_06
non_weathers,artist,2025|2026|2026_06
nona_ennea,artist,2025
nonaka_gou,artist,2025
noname_naname,artist,2025
nongqiling,artist,2025|2026|2026_06
nongsuo_yuzu,artist,2026|2026_06
nongtles,artist,2025
nongttaeng,artist,2025|2026|2026_06
nonii_(npck4428),artist,2025|2026|2026_06
noninoinnoni,artist,2025
nonisakuwana,artist,2025|2026|2026_06
nonkazumi,artist,2025|2026|2026_06
nonkhian_r18,artist,2025
nonnani,artist,2025
nonnecheri,artist,2025
nonno_(nonno417),artist,2025|2026
nono(makai_gacha),character,2025
nono_(dragon_raja),character,2025
nono_(totokin),artist,2025
nono_sasaki,character,2025|2026|2026_06
nonoka_(awakended)_(arcaea),character,2026|2026_06
nonoko_(1k6sx1encx45226),artist,2025|2026|2026_06
nonomondya,artist,2025
nonomori,artist,2025|2026|2026_06
nonomura_alice,character,2025|2026
nonon_yukiii,artist,2026|2026_06
nonono_(escalation_heroines),character,2025|2026|2026_06
nonsense_eye,artist,2025
nontan_(nontan_to_isshou),character,2025
nontan_to_isshou,copyright,2025
nontraditional_pokeball,general,2025
noobie,artist,2025
noodles_and_tea,artist,2025
noogats,artist,2026
noontide108,artist,2025|2026|2026_06
nopetroto,artist,2025|2026|2026_06
noquelle_art,artist,2026
nora-neko,artist,2025|2026|2026_06
nora_(ender_magnolia),character,2025
nora_(oxenfree),character,2025
nora_(usjf7752),artist,2025
norah_(muse),character,2025
norainu,artist,2025
noraki151,artist,2026|2026_06
noraneko_kanojo_o_ezukeshitai,copyright,2025|2026|2026_06
nordic_clothing,general,2025|2026|2026_06
nordie,artist,2025|2026|2026_06
norico,artist,2025
noriko_222,artist,2025|2026|2026_06
noriori1113,artist,2025|2026|2026_06
noririn4696,artist,2025
noririn_(shiroyagi),artist,2025|2026|2026_06
noritaka_hamazaki,character,2025|2026|2026_06
noritoikio,artist,2026|2026_06
normak,artist,2025
normal_suit,general,2025
norman,artist,2025
normi724,artist,2025
norn_ace,character,2025
norn_ace_(cosplay),general,2025
noroi_no_neurose_(vocaloid),copyright,2025
north_carolina_(state),general,2025|2026
northa_(fresh_precure!),character,2025|2026|2026_06
northampton_(yukata_mode)_(kancolle),character,2025
norther_lights_(visual_novel),copyright,2025
noruno1510,artist,2025
norwegian_uniform,general,2025|2026|2026_06
norwell_(arknights),character,2025
nose_grab,general,2025|2026|2026_06
nosferatu,copyright,2026|2026_06
noshiro_(light_cruiser),general,2025|2026|2026_06
noshiro_(swimsuit_mode)_(kancolle),character,2025
nosnoss_k,artist,2025
not_(nx1tl),artist,2025
not_ohagi,artist,2025
nothing,artist,2025
noti,artist,2025
noti_(marsh_mallow),artist,2026|2026_06
nott_(critical_role),character,2025|2026|2026_06
nott_cochlea,character,2026|2026_06
nottenj,artist,2025
notxela,artist,2025
notyorugata,artist,2025|2026|2026_06
nou_(pokemon),character,2025|2026|2026_06
nouhime,character,2025|2026|2026_06
nouhime_(sengoku_musou),character,2025|2026|2026_06
noumi_(halloween_mode)_(kancolle),character,2025
noumu_(1393_noam),artist,2025|2026|2026_06
nov_yanagi,artist,2025|2026|2026_06
nova_(exnezo),character,2026|2026_06
nova_moonfang,artist,2026|2026_06
novam,artist,2025
now,copyright,2026|2026_06
nowa_(mamorukun_curse!),character,2026|2026_06
nowaki_(halloween_mode)_(kancolle),character,2025
nowaki_(yukata_mode)_(kancolle),character,2025
nox_official,copyright,2025
noxizmad,artist,2025
noxon_nsfw,artist,2025
noy,artist,2025
noyeshr,artist,2025
noyneiiim,artist,2025|2026|2026_06
noyz_(artist),artist,2025|2026|2026_06
nozomi_goto,artist,2025
npc1,artist,2025|2026
npc_(ragnarok_online),character,2025
npc_after_dark,artist,2025
npjh,artist,2025|2026
npnfj705,artist,2026
nrk_(user_epnw5554),artist,2025|2026|2026_06
nrmr3,artist,2025
nrykki_ruskias,character,2025|2026|2026_06
nsa32exnivqu5lp,artist,2025|2026|2026_06
nsfwalfy,artist,2025
nsfwgreen,artist,2025
nthgo4nns,artist,2025
ntir,artist,2025|2026|2026_06
nttuax,artist,2025
nu0_1n,artist,2025|2026|2026_06
nu_(kage_no_jitsuryokusha_ni_naritakute!),character,2025|2026|2026_06
nu_(nmas_nmnk34),artist,2025|2026|2026_06
nu_(ruy8121),artist,2025
nu_wa,character,2025|2026|2026_06
nu_wa_(musou_orochi),character,2026|2026_06
nuan_nuan_-nikki,artist,2025
nubarin,artist,2025
nuclear82,artist,2025|2026|2026_06
nuclear_monkey,artist,2025|2026|2026_06
nude_male_naked_apron_female,general,2025
nude_pantyhose,general,2026|2026_06
nuehnana,artist,2025
nufu8139,artist,2025
nufucha,artist,2025|2026|2026_06
nuka_cola,general,2025|2026|2026_06
nuka_cola_quantum,general,2025|2026|2026_06
nukain_(napsskai),artist,2025|2026|2026_06
nukazuke,artist,2025
nukesaku696,artist,2026|2026_06
nukotei,artist,2025
nukou,artist,2025
null404,artist,2025
null_(luminous_avenger_ix),character,2025
null_(luminous_avenger_ix_2),character,2025|2026|2026_06
nullpote,artist,2026|2026_06
nulsom_0,artist,2025
numarukkari,artist,2025
numb,artist,2025
numb.,artist,2025
number-only_commentary,meta,2025
number_6_(nier),character,2026|2026_06
number_brooch,general,2025|2026|2026_06
number_creatures,copyright,2025
number_eight_(battle_spirits),general|character,2025|2026
numberfalls_alternate_universe,copyright,2026
numii,artist,2025|2026|2026_06
nun0n0,artist,2026|2026_06
nun_0_nun,artist,2025|2026|2026_06
nunchaku_(artist),artist,2025
nunnun_(pixiv52839827),artist,2025|2026|2026_06
nunu_(league_of_legends),character,2025|2026|2026_06
nunu_(league_of_legends)_(cosplay),general,2025|2026
nurakuramono_n,artist,2025
nuri,character,2025
nurikabe_(character),character,2025
nurikabe_(kbuc339),artist,2025
nurnberg,general,2025|2026|2026_06
nurse_(metal_max),character,2025
nursery_rhyme_(a_moment_of_silence)_(fate)_(cosplay),general,2025
nursery_rhyme_(little_little_bullet)_(fate),character,2026|2026_06
nursing_pads,general,2025|2026|2026_06
nuru_(ezvr2347),artist,2025|2026|2026_06
nuru_nuru_094,artist,2025|2026|2026_06
nurupo_(kyojinslav),artist,2025
nururuateka,artist,2025
nusji.lll,artist,2025
nut_eater,character,2025|2026
nutahi12345,artist,2025|2026|2026_06
nutpea_berry,general,2025
nuts_(yes!_precure_5),character,2025|2026|2026_06
nuts_ktkt,artist,2025|2026|2026_06
nuukeds,artist,2025
nuxrei,artist,2025|2026|2026_06
nv_qin_jie_shi_xiluo_chang,copyright,2025
nv_qin_jie_shi_xiuluo_chang,copyright,2026|2026_06
nva_uniform,general,2025|2026|2026_06
nvalee,artist,2025|2026|2026_06
nw_0925,artist,2025
nxde_(g-i-dle),general,2025
nyaasu,artist,2025
nyabiko_(pokemon),character,2026|2026_06
nyaco_(77699199),artist,2025
nyagama,artist,2025|2026|2026_06
nyagozu,artist,2025
nyakamo,artist,2025|2026|2026_06
nyam_(non0320),artist,2026|2026_06
nyame_ms,artist,2026|2026_06
nyamunyamu,artist,2025
nyan23522,artist,2025|2026|2026_06
nyan_ko_(module),general,2025
nyan_mech442,artist,2025
nyan_poco_march,artist,2025
nyancul47,artist,2026|2026_06
nyancypeekachew,artist,2025
nyangaki,artist,2025|2026|2026_06
nyanmi,general,2025|2026|2026_06
nyantythirty,artist,2025
nyanyaqwi,artist,2026|2026_06
nyaorin,character,2025|2026|2026_06
nyaphelia_(vtuber),character,2025
nyarawr,artist,2025
nyarlathotep_(benghuai_xueyuan),character,2025|2026|2026_06
nyatasha_nyanners_(2nd_costume),character,2025|2026|2026_06
nyatasha_nyanners_(3rd_costume),character,2025|2026|2026_06
nyatasha_nyanners_(4th_costume),character,2025|2026|2026_06
nyatasha_nyanners_(5th_costume),character,2025|2026|2026_06
nyatoufu,artist,2025|2026|2026_06
nyi_(sanrio),character,2025|2026|2026_06
nyle202,artist,2025
nylen_fedrock,character,2025|2026|2026_06
nymm,character,2025
nypmh_the_cat,character,2026|2026_06
nypo,artist,2025
nyuel_(pixiv_76523986),artist,2025|2026
nyukai_kanro,artist,2025
nyuumen_(neogodrice),artist,2025
nyuyosuke_o_shigoto_boshuuchu,artist,2025|2026|2026_06
nza,artist,2025
o'brian_(halo),character,2025|2026|2026_06
o-kairos-o,artist,2025
o-ring_bracelet,general,2025|2026|2026_06
o-ring_strap,general,2025|2026|2026_06
o031r,artist,2025
o0rikka0o,artist,2025
o2h2_oh4,artist,2025
o7fian,artist,2026|2026_06
o9yuki,artist,2025
o_(rakkasei),artist,2025|2026|2026_06
o_(user_xrwa3284),artist,2025|2026|2026_06
o_botsu4,artist,2025
o_dlb_o,artist,2025|2026|2026_06
o_kibi,artist,2025
o_n_(on303m),artist,2025
o_sho_maru,artist,2025
oath_of_judah_(benghuai_xueyuan),character,2025|2026|2026_06
oba-q_honpo_qt,artist,2025
oberon_(third_ascension)_(fate)_(cosplay),general,2025
object,general,2025
obomi_(yu-gi-oh!),character,2025
oboro_(autumn_mode)_(kancolle),character,2025
oboro_(christmas_mode)_(kancolle),character,2025
oboro_(halloween_mode)_(kancolle),character,2025
oboro_(race_queen_mode)_(kancolle),character,2025
oboro_(round_one)_(kancolle),character,2025|2026|2026_06
oboro_(swimsuit_mode)_(kancolle),character,2025
oboro_(yukata_mode)_(kancolle),character,2025
oboroduki_leo,artist,2025|2026|2026_06
obscure_(video_game),copyright,2025|2026
obsi,artist,2025|2026|2026_06
oc-chan_(ketopon),character,2025
ocean_o7,artist,2025|2026|2026_06
ochamul,artist,2026|2026_06
ochatenchan,artist,2026|2026_06
ochi_gero,artist,2025|2026|2026_06
ochinchin_land,general,2025
ocp_(camo),general,2025|2026|2026_06
octavia_(power_pros),character,2025|2026|2026_06
october_(user_herz3858),artist,2025
octoppoi_(artist),artist,2025|2026
octopus_sausage_earrings,general,2025|2026|2026_06
octopussy,artist,2025
oculus,copyright,2025
oculus_rift,general,2025
oda,artist,2025
oda_(101511a),artist,2025
oda_nobunaga,character,2025|2026|2026_06
oda_nobunaga_(cosplay),general,2025|2026|2026_06
oda_nobunaga_(koha-ace)_(cosplay),general,2025|2026|2026_06
oda_nobunaga_(maou_avenger)_(fate)_(cosplay),general,2025|2026|2026_06
oda_saburo_kuon_nobunaga,character,2025|2026|2026_06
oda_suzuka,artist,2025
odahving,character,2025
odawara_(ghoul_school),character,2025
odayaka,artist,2025|2026|2026_06
odayaka_(style),general,2025|2026|2026_06
odda_(elite_ii)_(arknights),character,2025
odette=odile_(tenku)_(grimms_notes),character,2025
odette_odile_(grimms_notes),character,2025|2026|2026_06
odette_odile_(original)_(grimms_notes),character,2026|2026_06
odette_odile_(tenku)_(grimms_notes),character,2026
odeu,artist,2025
odile_(benghuai_xueyuan),character,2025|2026|2026_06
odol_(drk100),artist,2025
odst642,artist,2025|2026|2026_06
oekaki3neko222,artist,2025
oekaki3nekoneko,artist,2025
oekaki_oekaki_1,artist,2025
oekaki_onigiri,artist,2025|2026|2026_06
oekakikei,artist,2025|2026|2026_06
oekakikujira,artist,2025
oekakimmy,artist,2025
oekakinakuko,artist,2025
off_shoulder_pajamas,general,2025
office_lady_(orchid_(pixiv3730518)),character,2025
official_alternate_bangs,general,2025
official_alternate_breast_size,general,2025
official_alternate_design,general,2025|2026|2026_06
official_alternate_halo_color,general,2026|2026_06
official_alternate_streak_color,general,2025|2026|2026_06
official_alternate_weapon,general,2025|2026|2026_06
official_mascot,general,2025|2026|2026_06
ofliatata,artist,2025|2026|2026_06
ogamikeito,artist,2025
ogasawara_hisame,character,2025|2026|2026_06
ogasawara_hisame_(cosplay),general,2026|2026_06
ogata_juhachi,artist,2025
ogata_rin_(ghoul_school),character,2025
ogawa_eri_(freelance_animator),artist,2025
oggy_(2nohito),character,2025
ogogok_(user_ahna2283),artist,2025|2026|2026_06
ogudomon_x,character,2025|2026|2026_06
ogumo_ran,character,2025|2026|2026_06
ogun_(persona),character,2026|2026_06
ogura_(sao_no),artist,2025
ogura_yorou,artist,2025
oguri_cap_(miraculous_white_star)_(umamusume),character,2025|2026|2026_06
oh4tahsr,artist,2025|2026|2026_06
oha_v,artist,2025|2026|2026_06
ohaiosyu_u9,artist,2025
ohalu34307,artist,2025
ohana._(user_jhpk8322),artist,2025|2026|2026_06
oharalove11,artist,2025|2026|2026_06
ohc.,artist,2025
ohitoyoshi_gai_isekai_de_hitohaga_agemasun,copyright,2025
ohkiiki,artist,2025
ohm,character,2025
ohno,artist,2025
ohone,artist,2025
ohoshi,artist,2025
ohtado,artist,2025
oici_ne,artist,2025|2026|2026_06
oilen0731,artist,2025|2026|2026_06
oimo_kenpi,artist,2025
oimo_uma2,artist,2025
oiru,artist,2025
oishiipuddii,artist,2025
oishinbo_(anime),copyright,2025|2026
oiun,artist,2025
oizaki_ken,artist,2025
oj,character,2025
ojizou,artist,2025|2026|2026_06
ojo_aa,artist,2025|2026|2026_06
ojt,artist,2025
oka1zgxqz7dbr0y,artist,2025
okabe_masatsuna,character,2025|2026|2026_06
okachan,artist,2025
okada_fumi,artist,2025
okada_izou_(fgo_x_lawson_2023)_(fate),character,2026|2026_06
okaka_factory,artist,2025
okakaonigiri0,artist,2025|2026|2026_06
okamaka,artist,2025
okame_(mask),general,2026|2026_06
okami_madoko,artist,2025|2026|2026_06
okamine_mikie_(cr-unit),character,2026|2026_06
okamocho,artist,2025
okamoto_dx,artist,2025
okao4142,artist,2026|2026_06
okayu_(cwtv7823),artist,2025|2026|2026_06
okazaki_rintaro,character,2025|2026|2026_06
okeyneto1,artist,2025
okimiyage,artist,2025
okinami_(swimsuit_mode)_(kancolle),character,2025
okinami_kai_ni_(swimsuit_mode)_(kancolle),character,2025
okinaruno,artist,2025|2026|2026_06
okinobus,artist,2025|2026|2026_06
okiraku_reijowa_konyaku_haki_ni_hokosuemo,copyright,2025
okiraku_ryoushu_no_tanoshii_ryouchi_bouei_~seisan-kei_majutsu_de_na_mo_naki_mura_o_saikyou_no_jousai_toshi_ni~,copyright,2025
okita_(frankenfran),character,2025|2026
okita_trainer,character,2025|2026|2026_06
okitara_20-nengo_nandesukedo_akuyaku_reijou_no_sono_ato_no_sono_ato,copyright,2025
okitsune-sama_ni_onegai!_haison_ni_nokotteta_kamisama_ga_fantasy_ka_shita_gendaishakai_ni_hourikomaretara_saikyoudatta,copyright,2025
okitsune_summer~natsu_gasshuku~onna_no_ko-tsuki,copyright,2025
okiyo,artist,2025
okkotsu_yuuta,character,2025|2026|2026_06
okkotsu_yuuta_(cosplay),general,2025|2026|2026_06
okkuri_bee,character,2026|2026_06
okojo-chan,artist,2025
okonomi_tarou,character,2026|2026_06
okota_mikan,artist,2025|2026|2026_06
okra_ecory,artist,2025
okrboooom,artist,2025
okudake,artist,2025
okudake77,artist,2025
okudo61_omori,artist,2025|2026|2026_06
okudo_(okudo61),artist,2025|2026|2026_06
okuhida_suzu,character,2025
okuma_rasuko,artist,2025
okuni_(pokemon),character,2025|2026|2026_06
okura_0915,artist,2026|2026_06
okuribito,copyright,2025
okuta_rimu,artist,2025|2026|2026_06
olaf_(league_of_legends),character,2025|2026|2026_06
olatte_r18,artist,2026|2026_06
olayavalle,artist,2025
old-b,artist,2025
old-fashioned_doughnut,general,2025
old_chen,artist,2025
old_gnawbone,character,2025
old_town_square,general,2025
older_sister,general,2025
oldwiseman,artist,2025
oleyl,character,2025
olga_(motto!_haramase!),character,2025
olga_marie_animusphere_(8th_anniversary),character,2025
olga_marie_animusphere_(cornered_mice),character,2026|2026_06
olga_marie_animusphere_(dogs_in_space),character,2026|2026_06
olitimpers,artist,2026
olivia_hye,character,2025|2026|2026_06
olivia_hye_(cosplay),general,2026|2026_06
oliviaarlart,artist,2025
oliviajoytaylor,artist,2025
olivie_(iris_mysteria!),character,2025
olivier_(heartcatch_precure!),character,2025|2026|2026_06
olivier_(heartcatch_precure!)_(cosplay),general,2025|2026|2026_06
olivier_(kage_no_jitsuryokusha_ni_naritakute!),character,2025|2026|2026_06
ollanius_pius,character,2025
olly1st,artist,2025
ollypop,artist,2025|2026|2026_06
olm,general,2025
olz7lkunn,artist,2025|2026|2026_06
om_(bmsm),artist,2025
omach,general,2025|2026|2026_06
omame_(hnb_nrt),artist,2025
omame_0mm,artist,2026|2026_06
omaru00,artist,2025
omaru_polka_(6th_costume),character,2025
omaru_polka_(street_casual),character,2025
omcxxx,artist,2025
omega_(1223440887),artist,2025|2026|2026_06
omega_(kage_no_jitsuryokusha_ni_naritakute!),character,2025|2026|2026_06
omega_rario,character,2025
omegaaiyandie,artist,2025|2026|2026_06
omg,artist,2025|2026
omikami,artist,2025|2026|2026_06
omino_masahiko,artist,2025
omiy,artist,2025
omnifarious,copyright,2025|2026|2026_06
omochi_ksw,artist,2025
omochibaaa,artist,2025
omochichi96,artist,2025
omochiizu,artist,2025
omodaka,character,2025
omoei,artist,2025
omoi_no_rian_morusoo_doresu_(project_sekai),general,2025
omoi_o_sasageru_otome_no_melody_~afureru_omoi_o_shirabe_ni_nosete~,copyright,2025
omoi_seiji,artist,2025
omomomizu,artist,2025
omoni_umani,artist,2026|2026_06
omori_yoshiwo,artist,2025
omoriaisteru,artist,2026|2026_06
omorokamo,artist,2025
omoti,artist,2025
omotimoti55,artist,2025|2026|2026_06
omu(raichi719),artist,2025
omuretsutabero,artist,2025|2026|2026_06
omurice_(304975636),artist,2025
on_(o_onn),artist,2026|2026_06
on_computer,general,2025|2026|2026_06
on_grass,general,2025|2026|2026_06
on_your_mark,copyright,2025|2026|2026_06
onabe_no_kata,character,2025
onahole_boobjob,general,2026|2026_06
onakasuki,artist,2025
once_(artist),artist,2025|2026|2026_06
oncensored_(artist),artist,2025
one-man_army,general,2025|2026|2026_06
one-man_army_(ensemble_stars!),general,2025
one_(battle_for_dream_island),character,2026
one_eye_narrowed,general,2025
one_eyed_neko,artist,2025
one_o_clcok,artist,2025
one_tama-book,copyright,2025|2026
one_wangwangwan,artist,2025
onee-san_(pensis_x),character,2025
onehundred-monsters,artist,2025
onekobox,artist,2025
onemu_(onenneeee),artist,2025|2026|2026_06
oneselt,artist,2025
onettfarts,artist,2025
ongaro,artist,2025
oni_(dead_by_daylight),character,2025
oni_chan_sky,artist,2025|2026|2026_06
onigiri_(vtuber)_(1st_costume),character,2025|2026|2026_06
onigiri_(vtuber)_(3rd_costume),character,2025|2026|2026_06
onigiri_(vtuber)_(6th_costume),character,2025|2026|2026_06
onigiri_(vtuber)_(new_year),character,2025|2026|2026_06
onigiri_(vtuber)_(old_design),character,2025|2026|2026_06
onigiri_(vtuber)_(summer),character,2025|2026|2026_06
onigiri_(vtuber)_(winter),character,2025|2026|2026_06
onigiri_kue,artist,2025
onigiri_niban,artist,2025
onigiri_yumi09,artist,2025
onigirifrnd,artist,2025
onigirinoguis,artist,2025|2026|2026_06
onigiripretty,artist,2025
oniichantoitte,artist,2025
oniisan02b,artist,2025
oniko-chan,artist,2025
onikokko,artist,2025
oniku_(oyano_tataki),artist,2025
onimai_meimei,character,2026|2026_06
onion_fried20,artist,2026|2026_06
onion_tama2525,artist,2025|2026|2026_06
onionmeister,character,2025|2026|2026_06
onioohashi,artist,2025
onipuff,artist,2025|2026|2026_06
oniyanna,artist,2025|2026|2026_06
onko,artist,2025
onli720justmao,artist,2026|2026_06
only_my_railgun_(meme),general,2025
only_pantyhose,general,2025|2026|2026_06
onlysala,artist,2025
onna_tomodachi_wa_tanomeba_igaito_yara_sete_kureru,copyright,2025
onnanokofish,artist,2025
onnnnbaaafg,artist,2025
onnomono,artist,2025
onnonmo,artist,2025
ono_987673,artist,2025
ono_majime_(cool_poko),character,2026|2026_06
ono_majime_(cool_poko)_(cosplay),general,2026|2026_06
ono_no_komachi,character,2025
ono_tofu,character,2025
onoda_chiomi,character,2025
onodera_shoko,artist,2025
onoe_serike,general,2026|2026_06
onsideseven,artist,2025
oobak,artist,2025
oochiiii,artist,2025
oocoo,character,2025|2026|2026_06
oogami_banri,character,2025|2026|2026_06
oogami_haru,character,2025
oogami_koga_(wolf),character,2025|2026|2026_06
oogami_sachi,character,2025
oogami_shiro,character,2025|2026|2026_06
ooi_(haregi_mode)_(kancolle),character,2025
ooi_(tsuyu_mode)_(kancolle),character,2025
ooi_ore,artist,2025|2026|2026_06
ooi_tsubasa,character,2025|2026|2026_06
ooishi_(shiromanta),character,2025
ooishi_(user_dfgx5544),artist,2025|2026|2026_06
ooji_romu,artist,2025
ookami_girl_(idolmaster),general,2025
ookami_mio_(10th_costume),character,2026|2026_06
ookami_mio_(casual),character,2025
ookawa_ageha,artist,2025
ookuninushi_(megami_tensei),character,2025
oomine_ringo_(chieri_no_koi_wa_8_meter),character,2025
oomono,artist,2025
ooncee34,artist,2026
ooneda_kazue,artist,2025
oonishi,artist,2025|2026|2026_06
oono_tsutomu_(animator),artist,2025
oono_tsutomu_(red_chime),artist,2025
ooo247ooo,artist,2025
ooo_rider_watch,general,2025
oosawa_ofuda,artist,2025
ooshibu_hihumi,character,2026
oosoto_masaki,character,2025
oota_kasumi,artist,2025
oota_shinnosuke,artist,2025
ootani-kun,artist,2025
ootani_marina,artist,2025
ootani_shouhei,character,2025|2026|2026_06
ootani_yoshitsugu_(sengoku_musou),character,2025|2026|2026_06
ootori_tatta,character,2025|2026|2026_06
ootsuki_(mob_psycho_100),character,2025
ootsuki_aruru,character,2025|2026|2026_06
ootsuku_shouji,artist,2025
oowim,artist,2025
ooyama_jyuna,artist,2025
ooyama_mayuri,character,2025|2026|2026_06
ooyodo_(christmas_mode)_(kancolle),character,2025
ooyodo_(light_cruiser),general,2025|2026
ooyodo_(swimsuit_mode)_(kancolle),character,2025
ooyodo_(tsuyu_mode)_(kancolle),character,2025
oozeki_koyui,character,2025
oozora_subaru_(8th_costume),character,2025
oozora_subaru_(9th_costume),character,2026|2026_06
oozora_subaru_(work),character,2025
op_na_dayo,artist,2026|2026_06
op_peration24,artist,2025
opa515,artist,2025
opacity_00,artist,2025|2026|2026_06
opal_bei_fong,character,2025
open_bikini,general,2025
open_umbrella,general,2025
opera_(ensemble_stars!),general,2025
operation_desert_storm,general,2025
operatory_light,general,2025|2026|2026_06
ophanim_(devil_summoner),character,2025|2026|2026_06
ophelia,character,2025
ophelia_phamrsolone_(grail_league)_(fate),character,2025
ophirianmerchant,artist,2025|2026
oplusojia,artist,2025
opossumachine,artist,2025
opossumisst,artist,2025|2026|2026_06
oppai_no_ouja,copyright,2025
oppai_tsuma_~innyuu_l-cup_himawari_kirari~,copyright,2025|2026
oq,artist,2025|2026|2026_06
oqo_808,artist,2025
or_om7,artist,2025
or_so_i've_heard_(meme),general,2026|2026_06
ora_(kamen_rider_zi-o)_(cosplay),general,2025
orange-peel,artist,2025
orange_amplifiers,general,2025|2026|2026_06
orange_bikesuit,general,2025
orange_blindfold,general,2025
orange_blossom_(1980s),character,2025
orange_blossom_(module),general,2025
orange_brooch,general,2025
orange_clouds,general,2025|2026|2026_06
orange_dog,artist,2025|2026|2026_06
orange_footwear,general,2025
orange_gemstone,general,2025|2026|2026_06
orange_headphones,general,2025
orange_headwear,general,2025
orange_innertube,general,2025|2026|2026_06
orange_konkon_(module),general,2025
orange_legwear,general,2025
orange_lipstick_tube,general,2025|2026|2026_06
orange_osmanthus_cookie,character,2025
orange_pom_poms,general,2025
orange_racing_suit,general,2026|2026_06
orange_ranger,character,2025
orange_sleeve_cuffs,general,2025|2026|2026_06
orange_soul_(undertale),character,2026|2026_06
orange_speedo,general,2025
orange_stripes,general,2025
orange_sweatband,general,2025|2026|2026_06
orange_swim_briefs,general,2025|2026|2026_06
orange_undershirt,general,2025
orange_wetsuit,general,2025|2026|2026_06
orangebell_(doukutsu_monogatari),character,2025
orangeetc,artist,2025|2026|2026_06
orangeshka,artist,2025
oratnir,artist,2025|2026|2026_06
orb_trinity,character,2025
orbit_(mascot),character,2025|2026|2026_06
orca_bochiclub,artist,2025
orca_dolphin916,artist,2025|2026|2026_06
orchid_(crosscore),character,2026|2026_06
orchid_(pixiv3730518),artist,2025
orcs,general,2025
ordeal_call_servant_(female),character,2025
order_brush_(splatoon),general,2025|2026|2026_06
ordesu,artist,2026|2026_06
ordinary_cell,character,2025
ordinary_cell_(cosplay),general,2025
ore_(kankin_jk),character,2025
ore_no_onna_tomodachi_ga_saikou,copyright,2025
ore_wa_suratobi_da!,copyright,2025
orekigenya,artist,2025
oren_argiolas,character,2025
orenji,artist,2025
orenji_(orenjipiiru),artist,2025
oreshki,artist,2025|2026|2026_06
oreteki,artist,2025
organis_(artist),artist,2025
ori_maru00,artist,2025
orianna_(league_of_legends),character,2025|2026|2026_06
orianna_(league_of_legends)_(cosplay),general,2025|2026
orichalcos,general,2025|2026|2026_06
origami_kobo,artist,2025
originator_(module),general,2025
originbeginer,artist,2026|2026_06
orihako,artist,2025
orihara_kon,artist,2025
orihime_and_hikoboshi_(ensemble_stars!),general,2025|2026
orikasa4423,artist,2025
orinasu,artist,2025
orion_(user_cayz7348),artist,2026|2026_06
orizuru_(anatatachi_soredemo_sensei_desu_ka!),character,2025|2026|2026_06
orlog_e,artist,2025
ornate_drinking_glass,general,2025
ornn,character,2025|2026|2026_06
orochi_(uchi_no_hime-sama),character,2025
oroi_03,artist,2025|2026|2026_06
ororo_munroe,character,2025
orphan_(film),copyright,2025
"orpheus_(""genesis"")_(identity_v)",character,2026|2026_06
orphia,character,2025|2026|2026_06
orreo_ssk,artist,2025|2026|2026_06
orrrromi,artist,2025|2026|2026_06
orteo_(norn's_dine),character,2025
ortlinde_(ring_the_bell)_(fate)_(cosplay),general,2025|2026|2026_06
ortlinde_(welcome_to_the_travelling_circus!)_(fate),character,2025
orto,artist,2025|2026|2026_06
oruba_(mahou_girls_precure!),character,2026|2026_06
oryou_(lancer)_(fate),character,2025
orzottt,artist,2025|2026
os_8p,artist,2025
os_n000,artist,2025
osa_(artist),artist,2025
osa_watikosan,artist,2025
osage_(8545675),artist,2025
osaka_kouji,artist,2025
osaka_sougo,character,2025|2026|2026_06
osakabehime_(swimsuit_archer)_(fate)_(cosplay),general,2025|2026|2026_06
osakana,artist,2025
osakanaaaaaa,artist,2025
osakaqcvo,artist,2025
osakaqcvow,artist,2025
osaki_masaki,character,2025
osaki_pekomaru,artist,2025
osamu_sakata,artist,2025
osananajimi_to_romcom_ni_naranai,copyright,2025
osanpo_style_(module),general,2025
osarutukamaeru,artist,2025|2026|2026_06
osawa_rurino_(gigo),character,2025
osca,artist,2025
oscarcelestini,artist,2025
oshi-katsu,general,2025|2026|2026_06
oshi_(10406386),artist,2025
oshi_mitu,artist,2025
oshiego_to_kisu_wosuru_baretara_owaru,copyright,2025
oshiete_teacher_(love_live!),general,2025|2026|2026_06
oshin0_(zheng),artist,2025
osono_(jpku7757),artist,2025
ossana_(xipe_totec),character,2025
otakami999,artist,2025
otaku's_mom_(shashaki),character,2025|2026|2026_06
otaku-apologist,artist,2025|2026
otama_jaguchi,artist,2025|2026|2026_06
otaman_(mariverse),character,2025
ote_mo,artist,2025
otenki93,artist,2025|2026|2026_06
othello-senpai_(op_na_yarou),character,2025|2026|2026_06
othellonia_teru,artist,2025
otiasa_hannama,artist,2025
otintin,artist,2025
otlreisama,artist,2025|2026|2026_06
oto_(id_252396),artist,2025|2026|2026_06
otobo_i,artist,2025
otogi_yuugi,artist,2025
otogirisou_(grimms_notes),character,2025
otohime_(uchi_no_hime-sama),character,2025
otohime_kiyohime_(fate)_(cosplay),general,2025|2026|2026_06
otoko_no_ko,general,2025
otoko_no_ko_pov,general,2025
otome_ginsei_lumiphonia,copyright,2025|2026|2026_06
otomo_sorin_(sengoku_basara),character,2025
otonashi_kyousuke,artist,2025
otone_hokke,character,2025|2026
otorihara,artist,2025
otorii_tsubame,character,2025
otosareteiku_onee-chan_to_nani_mo_dekinai_boku_~akogare_no_kanojo_wa_in_otoshi_chitai_o_sarakedasu~,copyright,2025
otoshi_kemono,artist,2025
otosidamahosiii,artist,2025
ots-39,general,2025|2026|2026_06
otsuatsushi,artist,2025
otsuka_ken,artist,2025
otsuka_masumi,artist,2025
otsukemono,artist,2025
otsunao,artist,2025
ottar,character,2025
ottertheauthor,artist,2025
ottyame1,artist,2025|2026|2026_06
oturusan,artist,2025
otyokoosake,artist,2025
ou3lt,artist,2025
ou_kunitoshi,artist,2025|2026|2026_06
oufi_association_(identity)_(project_moon),general,2025
ougi_leo,artist,2025|2026|2026_06
ouka_(sakura_oinari),artist,2025|2026|2026_06
ouka_sushi,artist,2025
oukawa_kohaku_(tale_of_antique),character,2025|2026|2026_06
ouma_zi-o,character,2025
ouma_zi-o_(cosplay),general,2025
ouma_zi-o_rider_watch,general,2025
ouriannya,artist,2025
ousaka_tama,artist,2025
ouse_kohime,artist,2025
out69,artist,2025
outaki_wakana,character,2025|2026|2026_06
outer_moka,general,2025|2026|2026_06
outrage_(2010_film),copyright,2025
outworld_devourer_(dota),character,2025
ova,copyright,2025|2026
oval_image,general,2025|2026|2026_06
ovenmeister,character,2025|2026|2026_06
over_myself_(idolmaster),general,2025|2026|2026_06
overcomepeanuts,artist,2025
overdrive,copyright,2025
overed_weapon,general,2025
overhead,general,2025|2026|2026_06
overhearing,general,2025|2026|2026_06
overlord_2,copyright,2025|2026|2026_06
oversized_insect,general,2025
overtuer,artist,2025|2026|2026_06
overwatch_(logo),general,2025|2026|2026_06
oviot,artist,2025
ovoip,artist,2025
owaniteia,artist,2025|2026|2026_06
owen,character,2025|2026
owen_shaw,character,2025
owl_girl_(gomulgong),character,2025
owlymedics,artist,2025
own_cum_in_pussy,general,2026
own_fingers_together,general,2025
owo1734,artist,2025
owuru,artist,2025
ox_ears,general,2025
ox_girl,general,2025
ox_horns,general,2025
ox_tail,general,2025
oxizn,artist,2025
oxypetalum,general,2026|2026_06
oyama0_43,artist,2025
oyashio_(christmas_mode)_(kancolle),character,2025
oyasuu3,artist,2025
oyayubi-hime,character,2025|2026|2026_06
oycico,artist,2025
oyluser0715,artist,2025|2026|2026_06
oyuoyu_brak,artist,2025
oyuru_(ichi_jo),artist,2025
oz_kun,artist,2025
ozaki_(den-o),character,2025
ozaki_akira,artist,2025
oze_(halcanaoze),artist,2025
ozeki_miyabi,artist,2025
oziyo,artist,2025
ozllo_artworks,artist,2025
ozoi,character,2025|2026|2026_06
ozureiji,artist,2025|2026|2026_06
ozzo855122,artist,2025
p&amp;c,artist,2025
p-chan,character,2025|2026|2026_06
p-chan_(artist),artist,2025
p-chan_(cosplay),general,2025|2026|2026_06
p-chan_(suite_precure),character,2025|2026|2026_06
p-hsc,artist,2025
p-man,artist,2025|2026|2026_06
p-man-p-man,artist,2025|2026|2026_06
p-style_(module),general,2025
p.i.x.a.l.,character,2026|2026_06
p0kan1,artist,2025|2026|2026_06
p0n2pa1n,artist,2025
p1enon,artist,2026|2026_06
p90,general,2025|2026|2026_06
p90_(personification),character,2025
p_o_n,artist,2025
p_oxo7,artist,2025|2026|2026_06
paag,general,2025
paangoliin,artist,2026|2026_06
pack_noodles,general,2025|2026|2026_06
pacoscandy,artist,2025
pad_sex_cyclops,artist,2025|2026|2026_06
padding,general,2025|2026|2026_06
padme_amidala_(black_corset_dress),character,2025
padme_amidala_(foreign_residence_gown),character,2025
padme_amidala_(green_velvet_dress),character,2025
padme_amidala_(jubilation_dress),character,2025
padme_amidala_(lakeside_gown),character,2025
padme_amidala_(lilac_visitation_outfit),character,2025
padme_amidala_(senate_gown),character,2025
padme_amidala_(silk_nightdress),character,2025
padme_amidala_(summer_meadow_dress),character,2025
padme_amidala_(throne_room_gown),character,2025
padme_amidala_(tunic_and_leggings),character,2025
padme_amidala_(white_action_attire),character,2025
pafujojo,artist,2025|2026|2026_06
pagm2432,artist,2025
pahe99kero,artist,2025|2026|2026_06
pahyon,artist,2025
pai-niangniang_(kusuriya_no_hitorigoto),character,2025
pailolidrawfag,artist,2025|2026|2026_06
paimin,artist,2025
pain_starr,artist,2025
painted_dog,general,2025
paintlatte,artist,2026|2026_06
paintress_(clair_obscur:_expedition_33),character,2026|2026_06
paintschainer,meta,2025
paizhaobozhu,artist,2025|2026|2026_06
pajama_party_(module),general,2025|2026|2026_06
pajeon_(food),general,2025|2026|2026_06
pakkkkkkkkra,artist,2025|2026|2026_06
pako@7272usa,artist,2025
pakupakukeema,artist,2025
palace_of_the_ocean_(ensemble_stars!),general,2025
paladin_(dungeon_and_fighter),character,2025
paladin_fm,artist,2025
pale_color,general,2025|2026|2026_06
pale_fixer_(lobotomy_corporation),character,2025|2026|2026_06
pale_rider_(paleriderz),artist,2025
pales_(sennen_sensou_aigis),character,2025
palette_(object),general,2025
palladion,character,2025
palladion_(cosplay),general,2025
pallas_(megami_tensei),character,2025
pallina_(tokidoki),character,2025
pallo_special,general,2025|2026|2026_06
palpal_3284,artist,2025|2026|2026_06
pam-pam_(precure),character,2025
pam-pam_(precure)_(human),character,2025
pam-pam_(precure)_(human)_(children's_lunch_dress),character,2025
pam-pam_(precure)_(human)_(cosplay),general,2025
pam_pan_meli,artist,2025
pami_(mascot),character,2025|2026|2026_06
pamipyon,artist,2025
pan-chan,character,2025|2026|2026_06
pan-chan_(pan_(pixiv41343614)),character,2025|2026|2026_06
pan_(pan_p),artist,2025|2026|2026_06
pan_(pixiv41343614),artist,2025
pan_(xeno)_(dragon_ball)_(cosplay),general,2025
pan_haoyu_(koshika_rina),character,2025|2026|2026_06
pan_long_(benghuai_xueyuan),character,2025|2026|2026_06
pan_long_(benghuai_xueyuan)_(cosplay),general,2025|2026|2026_06
pan_yin_hu,character,2025
pancake-haluka,artist,2025|2026|2026_06
pancakehotmot,artist,2025
pandada_san,artist,2025|2026|2026_06
pandajanai,artist,2025|2026|2026_06
pandamaaaan,artist,2025|2026|2026_06
pandaman,character,2025
pandora_(persona),character,2025|2026|2026_06
panel,general,2025
pang_de,character,2025
pangaea,artist,2025
pangcijun532,artist,2025
panictwiter,artist,2025
panik_(yu-gi-oh!),general,2025|2026|2026_06
panko_(dznp3752),artist,2025
pankration_(benghuai_xueyuan),character,2025|2026|2026_06
pankusa,artist,2025
panneko3,artist,2025
pannko6216,artist,2025
pansy_(module),general,2025
pantacle,artist,2025
pantai_jepi,artist,2025
pantheon_(league_of_legends),character,2025|2026|2026_06
panther,general,2025|2026|2026_06
pantheras_magistra,character,2025|2026|2026_06
pantsu_shot,artist,2025
panty_cutout,general,2025|2026|2026_06
pantyhose_on_penis,general,2025|2026|2026_06
panzer_vii_(ash_arms),character,2025
panzerbuchse_39,general,2025|2026|2026_06
pao_(h123wx945),artist,2025
paobebe9000,artist,2025
paola_bona,character,2025
paolongtaodeknock,artist,2025
papa_(punch_punch_forever!),character,2026|2026_06
papacat0737,artist,2025
papanda,character,2025|2026|2026_06
papapaimon,artist,2025
papaver_(flower),general,2025|2026|2026_06
papaya_b0i,artist,2025|2026|2026_06
papaya_nya,artist,2025
papel,character,2025
paper_boy_(video_game),copyright,2025|2026
paper_mario,copyright,2025|2026|2026_06
paper_mario:_the_thousand_year_door,copyright,2025
paper_roll,general,2025|2026|2026_06
papermental,artist,2025
paperpal_bonnie,character,2025
paperpal_buddy,character,2025
paperpal_freddie,character,2025
papillon_(1973_film),copyright,2025
papillon_lily_(cosplay),general,2025|2026|2026_06
papillon_studio,artist,2025|2026|2026_06
papipu,artist,2025
papirorooru,artist,2025|2026|2026_06
pappala_pappa,artist,2025|2026|2026_06
pappap2411,artist,2025|2026|2026_06
papulatus_(maplestory),character,2026
papyrus_(underswap),character,2025
para_(para546767),artist,2025
para_(vtuber)_(1st_costume),character,2025|2026|2026_06
para_(vtuber)_(2nd_costume),character,2025|2026|2026_06
para_(vtuber)_(3rd_costume),character,2025|2026|2026_06
para_(vtuber)_(bug),character,2025|2026|2026_06
para_(vtuber)_(rabbit),character,2025|2026|2026_06
para_hu01,artist,2025|2026|2026_06
paracelsus_(cafe_camelot)_(fate),character,2025
paracelsus_(fate),character,2025
paracelsus_(fate)_(cosplay),general,2025
paracelsus_(void_dust_shaved_ice)_(fate),character,2025
paradigm_reversi!_(ensemble_stars!),general,2025|2026|2026_06
paradise_d,artist,2025
paradise_lost,copyright,2025|2026|2026_06
parami_arts,artist,2025
paranoia_(rpg),copyright,2025|2026|2026_06
paranormal_high_school,copyright,2025
parapering00,artist,2025
parasite_(film),copyright,2025
parasite_(superman),character,2025
parasitic_gntk,artist,2026|2026_06
pardofelis_(simply_orange),character,2025|2026|2026_06
parfaitgi,artist,2025
parfaithsr,artist,2025
parfum-fraise,artist,2025|2026
parfy_(parfait_ehmy),character,2025
paril00,artist,2025|2026|2026_06
parinoshinise,artist,2026|2026_06
paris_(the_iliad),character,2025
paris_parado,character,2025|2026|2026_06
park_na-heul,character,2025
parmi_(ninsun),character,2025
parsifal,character,2025|2026|2026_06
partially_buried,general,2025|2026|2026_06
partially_obscured,general,2025|2026|2026_06
particle_projector_cannon,general,2025
party_pantry,artist,2025
paru_rari,artist,2025
parvis_(arknights),character,2025
parzi,character,2025
parzival,character,2025
parzival_(mythology),character,2026|2026_06
pasedena_(crash_bandicoot),character,2025
passionlip_(celeb_summer_experience_swimsuit)_(fate),character,2025
passionlip_(third_ascension)_(fate)_(cosplay),general,2025
pasta_pas_ta,artist,2025
patapi,general,2025
patch_cord,general,2025
patchouligo,artist,2025|2026|2026_06
patchwork_(module),general,2025
patchy_piecey_(infinity_nikki),character,2026
paternity_fraud,general,2025
patirisulove,artist,2025|2026|2026_06
patomanworkshop,artist,2025|2026
patrice_blazing_(plants_vs_zombies),character,2025
patricia_(iris_mysteria),character,2025
"patricia_dorval_(""fate"")",character,2025|2026|2026_06
patrick_hambali,artist,2025
patriot_exosuit_(helldivers),general,2025
patrulea4444,artist,2025|2026|2026_06
patsy_(camp_lazlo),character,2025|2026
patti_pattii,artist,2025
paul_allen_(cosplay),general,2025
paul_bunyan_(filler_flowers)_(fate),character,2026|2026_06
paul_bunyan_(little_little_bullet)_(fate),character,2026|2026_06
paul_remy,artist,2025
pauleenanne,artist,2025|2026|2026_06
paulie,character,2025
pauline_(aero)_(mario),character,2026|2026_06
pauline_(cowgirl),character,2025
pauline_(cowgirl)_(mario),character,2026
pauline_(mario),character,2025|2026|2026_06
pauline_(mario)_(cosplay),general,2025|2026|2026_06
pauline_(party_time),character,2025
pauline_(party_time)_(mario),character,2026|2026_06
pauline_(rose)_(mario),character,2025|2026|2026_06
pauline_(super_rush)_(mario),character,2025|2026|2026_06
pauline_(tennis_aces)_(mario),character,2025|2026|2026_06
pauline_(young)_(mario),character,2026|2026_06
pavolia_reine_(street),character,2025
paw_panties,general,2025|2026|2026_06
paw_print_cutout,general,2025|2026|2026_06
paw_print_tattoo,general,2025
pawoo-chan,character,2025|2026|2026_06
pawpawtea,artist,2025|2026|2026_06
pawsup,artist,2025
payaso_(benghuai_xueyuan),character,2025|2026|2026_06
pazuzu,character,2025|2026|2026_06
pc_doplhin,copyright,2025
pc_fworks,artist,2025|2026|2026_06
pcb_silkscreen_(medium),meta,2025|2026|2026_06
pda,general,2025|2026|2026_06
pdal_(pdalhhh),artist,2025
pdnthesqueakqul,artist,2025
pea_(pzpcheat),artist,2025
peacake_(arknights),character,2025|2026|2026_06
peacake_(arknights)_(cosplay),general,2025|2026|2026_06
peach_parasol_(mario),general,2025
peachenvy,artist,2026|2026_06
peaches_(vtuber),character,2025|2026|2026_06
peachfantasia,artist,2025
peachy,artist,2025
peachy_(love_nikki),character,2025
peachytanooki,artist,2026|2026_06
peaggy_(moranxue16215),artist,2025|2026|2026_06
peaman,artist,2025
peanut_(tabunniis),artist,2025
peanut_huasheng,artist,2025|2026|2026_06
pear-pal,character,2025|2026|2026_06
pear-pal_(cosplay),general,2025|2026|2026_06
pear_blossom,general,2025|2026|2026_06
pear_shaped_figure,general,2025
pearl_(gemstone),general,2025|2026|2026_06
pearl_(pearl_2022),character,2025
pearl_(pearl_2022)_(cosplay),general,2025
pearl_(species)_(steven_universe),general,2026|2026_06
pearltearizzy,artist,2025|2026|2026_06
peashooter_(plants_vs_zombies),character,2025
pebi,general,2025|2026
peccatulum_acediae?,character,2025
peccatulum_gulae?,character,2025
peccatulum_irae??,character,2025
peccatulum_pigritiae?,character,2025
pecco_(pecchn478),artist,2025
peco_(bof),character,2025
pectoral_flexing,general,2025
pectorals_peek,general,2025
pedora,general,2025|2026|2026_06
pedro,character,2025|2026
peebbam,artist,2025|2026|2026_06
peg_(deviledfisheggs),artist,2025
pegabug_(character),character,2025|2026|2026_06
pegasus_wings,general,2025
pehesse,artist,2025|2026|2026_06
peien4025,artist,2025
peipeihepei1107,artist,2025
peisuky_art,artist,2025
pekachukirby,artist,2025|2026|2026_06
peke,character,2025
peke-kun,character,2025
pekoe_(robert),artist,2025
pekyking,artist,2025|2026|2026_06
pele_maniax,artist,2025|2026|2026_06
peli-toucan,character,2025
pell,character,2025
pellapie,character,2025
pelorovis_(crosscore),character,2025|2026|2026_06
pelri033,artist,2025|2026|2026_06
pemojoke,artist,2025
pen_guinnn_dess,artist,2025
penance_(ambience_synesthesia)_(arknights),character,2025|2026|2026_06
pendant_earring,general,2025|2026|2026_06
penelope,character,2025
penelope_(ms_pigtails),character,2025|2026|2026_06
penetration_after_ejaculation,general,2025
pengin0808,artist,2025|2026|2026_06
pengin_shokushu_tsukai,artist,2025
penguinist,character,2025|2026|2026_06
peninsula_hantou,artist,2025
penis-shaped_balloon,general,2025|2026|2026_06
penis-shaped_fruit,general,2025|2026|2026_06
penis_belt,general,2025|2026|2026_06
penis_flicking,general,2025
penis_grab,general,2025|2026|2026_06
penis_in_eye,general,2025|2026|2026_06
penis_in_pantyhose,general,2025|2026|2026_06
penis_in_thighhigh,general,2025|2026|2026_06
penis_necklace,general,2025
penis_on_floor,general,2025|2026|2026_06
penis_tongue,general,2025|2026
penis_under_clothing,general,2025
penis_warmer,general,2025|2026
penis_weights,general,2025|2026
penki_(mario),character,2025
penny_(kyata_ti666),character,2025
pennybug_(character),character,2025
pensacola_(zhan_jian_shao_nyu),character,2025
pensis_x,artist,2025
pentagonal_trapezohedron,general,2025
pente_(kage_no_jitsuryokusha_ni_naritakute!),character,2025|2026|2026_06
penthesilea,character,2025
penthouse,general,2025|2026|2026_06
penumbral_x_(azur_lane),character,2025|2026|2026_06
people's_police_(china),general,2025|2026|2026_06
pepero_no_bouken,copyright,2025
pepper_(no_game_no_life),character,2025
pepshi506,artist,2025|2026|2026_06
pepushi_drow,artist,2025|2026|2026_06
perapera,artist,2025|2026|2026_06
perfect_knockout_gamer_level_99,character,2025|2026
perfect_puzzle_level_50,general,2025|2026|2026_06
perfect_zector,general,2026|2026_06
perfume_bottle_hair_ornament,general,2025
perikles,character,2026|2026_06
peril,general,2025|2026|2026_06
perineal_piercing,general,2025|2026|2026_06
perishrepublic,artist,2026|2026_06
perl_(vertigris),character,2025
pernethopia,artist,2025|2026|2026_06
perorozilla_(blue_archive),character,2025
perse_(benghuai_xueyuan),character,2025|2026|2026_06
persephone_(benghuai_xueyuan),character,2025|2026|2026_06
persiaya,artist,2025|2026|2026_06
persocom,general,2025
persona92,artist,2025|2026|2026_06
perth_(swimsuit_mode)_(kancolle),character,2025
pesi,artist,2025
petal_print_kimono,general,2025
petapann,artist,2025
petard_(aoe2),character,2025
peter_fantasia,general,2025|2026|2026_06
peter_pan,copyright,2025
peter_pan_(character),character,2025
peter_pan_(character)_(cosplay),general,2025
peter_pete,character,2025
petite_cerisier,artist,2025
petr_velikiy_(battlecruiser),general,2025|2026|2026_06
petra_gurin_(3rd_costume),character,2025
petraii,artist,2025|2026|2026_06
petty_(benghuai_xueyuan),character,2025|2026|2026_06
peugeot207,artist,2026|2026_06
pew_(artist),artist,2025
pf54j53ilobv7cw,artist,2025
pfhor,general,2025|2026
pfhor_juggernaut,general,2025|2026
pg495gj,artist,2025
pg4lq,artist,2025|2026|2026_06
ph6xeivbgpimggg,artist,2025|2026|2026_06
ph_draw,artist,2025|2026|2026_06
phahuris,artist,2025
phainon_(luckin_coffee)_(honkai:_star_rail),character,2026|2026_06
pham,character,2025
phanp,artist,2025
phanphan_(happinesscharge_precure!),character,2025|2026|2026_06
phantasm_(batman),character,2025|2026|2026_06
phantom_(2013_film),copyright,2025
phantom_(ambience_synesthesia)_(arknights),character,2025|2026|2026_06
phantom_(happinesscharge_precure!),character,2025|2026|2026_06
phantom_blood_(film),copyright,2025
phantom_debeso,artist,2025
phantom_ix_row,artist,2025|2026|2026_06
phantom_of_the_opera_(secret_company_assassin)_(fate),character,2026|2026_06
phantom_thieves_vs_detectives_(ensemble_stars!),general,2025
phantomarcade3k,artist,2026
phantomdirge,artist,2025
phantommarbles,artist,2025
phasmophobia,copyright,2025|2026|2026_06
phat_beet,character,2025
phatom_balloon_boy_(fnaf),character,2026|2026_06
phecda,character,2025
philanemo,artist,2025
philanthropy(friendly_sky),artist,2025
philau_(shironeko_peoject),character,2026|2026_06
philena_ivy,character,2025
philena_ivy_(cosplay),general,2025
philia_regis,character,2025|2026|2026_06
philiko,artist,2025
phillip_m_jackson,artist,2025
phillop,character,2025
phinyx,artist,2025
phishcaek,artist,2025
phoebekeitkei,artist,2025
phoenix_30073115,artist,2025
phoenix_moon_(module),general,2025
phone_on_face,general,2025
phonecard,general,2025|2026|2026_06
photon_(marvel),character,2025|2026
phoxhunter_(duet_night_abyss),character,2025|2026|2026_06
phuc_trong_sang,artist,2025|2026
phung_dinh_dung,artist,2025
phyllo_(tatoeba_last_dungeon_mae_no_mura_no_shounen_ga_joban_no_machi_de_kurasu_youna_monogatari),character,2025
pi-chun,general,2025
piapro,copyright,2025
pica,character,2025
pichichaputintontanton,general,2026|2026_06
picking_wedgie,general,2025|2026|2026_06
picklechippy,artist,2025
pierced_frenulum,general,2025
piercing_tool,general,2025
pierosharin,artist,2025
pierretta_(module),general,2025
pierrot_(smile_precure!),character,2025|2026|2026_06
pig_man_(pixiv_74681286),artist,2025
pig_pen,character,2025|2026|2026_06
piggy_(extra_lives),character,2026
pigpotato97,artist,2026|2026_06
piiman,character,2025
piink-rose,artist,2025|2026|2026_06
piiragp0pz,artist,2025|2026|2026_06
pika_(melancholy_fff),artist,2025|2026|2026_06
pika_(ps),character,2025
pika_mouse,artist,2025
pikala,character,2025
pikala_(cosplay),general,2025
pikapika_hoppe,artist,2025
pike_121,artist,2025|2026|2026_06
pikone,artist,2025
pikopiko_bibibi,artist,2025
pikopikoguramu,artist,2025
piku_(pikumin),artist,2025
pilgrim_(silentreverie),artist,2025
pill_on_tongue,general,2025|2026|2026_06
pillow_bed,general,2026|2026_06
pillowdear_(2nd_costume),character,2025
pillowdear_(3rd_costume),character,2025
pills_a,artist,2025|2026
pilo_pilo,artist,2025|2026|2026_06
pilyeon,artist,2025|2026|2026_06
pimpreza,artist,2025
pin_(battle_for_dream_island),character,2026
pinafore,artist,2025|2026|2026_06
pinakuwaping,artist,2025
pinastri4,artist,2025|2026|2026_06
pinaxpinakes,artist,2026|2026_06
pinbunvt,character,2025|2026
pinching_ass_cheeks,general,2025|2026|2026_06
pinching_belly,general,2025|2026|2026_06
pindad_ss1,general,2026|2026_06
pineap000,artist,2025|2026|2026_06
pineapplebread,artist,2025
pinecone_(seasons_of_travel)_(arknights),character,2025
ping9137,artist,2025
pingas,general,2025
pinguiinos,general,2026|2026_06
pingupingn,artist,2025
pink-haired_girl_(sonic),character,2025
pink_bandaid,general,2025
pink_bikesuit,general,2025
pink_blindfold,general,2025
pink_blush,general,2026|2026_06
pink_bricc_catgirl_(musclemiqote),character,2026|2026_06
pink_brooch,general,2025
pink_clouds,general,2025|2026|2026_06
pink_doughnut,general,2025
pink_eyebrows,general,2025
pink_footwear,general,2025
pink_fox,general,2025
pink_gemstone,general,2025|2026|2026_06
pink_harpy_(thus0),character,2025
pink_headphones,general,2025
pink_headwear,general,2025
pink_innertube,general,2025|2026|2026_06
pink_legwear,general,2025
pink_lipstick_tube,general,2025|2026|2026_06
pink_pasties,general,2025
pink_petticoat,general,2025
pink_pops_(module),general,2025
pink_pouch,general,2025
pink_racing_suit,general,2026|2026_06
pink_ranger,character,2025
pink_ranger_(cosplay),general,2025
pink_sleeve_cuffs,general,2025|2026|2026_06
pink_star,general,2025|2026|2026_06
pink_straps,general,2025|2026|2026_06
pink_stripes,general,2025
pink_sweatband,general,2025|2026|2026_06
pink_sweets,character,2025|2026|2026_06
pink_undershirt,general,2025
pink_wetsuit,general,2026|2026_06
pinkbitchy,artist,2025|2026|2026_06
pinkkoffin_(person),character,2025
pinklips_nsfw,artist,2025
pinknipple,general,2025
pinkturnip232,artist,2025|2026|2026_06
pinky_cooper,character,2025|2026|2026_06
pino_(girlspowerspirits),artist,2025
pino_(meiji),general,2025
pino_sweet,artist,2025|2026|2026_06
pinocchio,copyright,2025
pinocchio_(character),character,2025
pinocchio_(character)_(cosplay),general,2025
pinocchio_(disney),copyright,2025
pinocchio_(wonderland_wars),character,2026|2026_06
pinpuu,artist,2025
pinuett,artist,2025|2026|2026_06
pio,artist,2025
pioneer_10,character,2025|2026|2026_06
pip_(pixiv16701134),artist,2025
pipe_in_mouth,general,2025|2026|2026_06
pipe_mouth,character,2025|2026|2026_06
pipette,general,2025
pipi,artist,2025
pipidevil888,artist,2025|2026|2026_06
pipipipipipipi,artist,2025
pipkin_pippa_(2nd_costume),character,2025
pippikatsu,artist,2025
pippin,character,2025
pippppin,artist,2025
pippppppppin,artist,2025
pippu_ele,artist,2025|2026|2026_06
piranha_yummu,character,2025
piratarum,artist,2025
pirate,general,2025|2026|2026_06
pirate+train_form_(best_match),general,2025
pirate_(module),general,2025|2026|2026_06
pirate_festival_(ensemble_stars!),general,2025|2026|2026_06
piroshiki+,artist,2025
piru_zhky,artist,2025
pishuke,artist,2025|2026|2026_06
pita_nsfw,artist,2025|2026|2026_06
pitcher,general,2025
pitching_mound,general,2025|2026|2026_06
pivot_(re:zero),character,2025|2026|2026_06
pivotmasterdx,artist,2025|2026
piwa,artist,2025
pixai,meta,2025
pixel_font,general,2025|2026|2026_06
pixelcadete,artist,2025|2026|2026_06
pixelkebab,artist,2025
pixiv59088456,artist,2025|2026|2026_06
pixiv702234335,artist,2025
pixiv940358123,artist,2025
pixiv_106384533,artist,2025|2026|2026_06
pixiv_11173922,artist,2025
pixiv_51363053,artist,2025|2026|2026_06
pixiv_81858154,artist,2025
pixiv_background,general,2025
piyo_(pixiv82205260),artist,2025|2026
piyox9,artist,2025
pizza_background,general,2025
pizza_morinaga,artist,2025
pizza_oisii6,artist,2025|2026|2026_06
pj_(goof_troop),character,2025
pkdn_discovery,artist,2025|2026|2026_06
pkgame,general,2025|2026|2026_06
pkm_lemon,artist,2026|2026_06
pkynocardia,artist,2025
pla_vtuber,artist,2025|2026|2026_06
plabit,artist,2025
placeholder,artist,2025
plague_bearers,general,2025|2026|2026_06
plaid_headwear,general,2025
plaid_legwear,general,2025
plan_(planhaplalan),artist,2025|2026|2026_06
plant_animal,general,2025
planted_hatchet,general,2025
planted_spear,general,2025
plantern_(plants_vs_zombies),character,2025
plants_vs_zombies,copyright,2025
plants_vs_zombies:_all_stars,copyright,2025|2026|2026_06
plants_vs_zombies_2,copyright,2025
plants_vs_zombies_adventures,copyright,2025
plants_vs_zombies_heroes,copyright,2025
plants_vs_zombies_hybrid,copyright,2025
plapping,general,2025
plasma_gun,general,2025|2026|2026_06
plastic_szewczyk_(arknights),character,2025
plated_beetle_(metroid_prime),character,2025
platform_footwear,general,2025
platinascumon,character,2025
platinumgames_inc.,copyright,2025
platnium_hair,general,2026|2026_06
platonic_sleeping_together,general,2025
platunoy_787,artist,2025
player1_please,artist,2025
player_character_(female)_(digimon_story:_time_stranger),character,2025
player_character_(male)_(digimon_story:_time_stranger),character,2025
playing_doctor,general,2025
playing_drum,general,2025|2026|2026_06
pleasedevourme,artist,2025
pleated_curtains,general,2025
pleiades_night_(ensemble_stars!),general,2025|2026|2026_06
plesiosaurus,general,2026|2026_06
plover,artist,2025
plug-in_(module),general,2025
plugsuit,general,2025
plum_lipstick,general,2025|2026|2026_06
plumbytes,artist,2025
plungerma_man_(skibidi_toilet),character,2025|2026|2026_06
plus_sign_hair_ornament,general,2025
plus_sign_ornament,general,2025
plzdom_c,artist,2025
plzdomi,artist,2025
pm-06,general,2025|2026|2026_06
pm-84_glauberyt,general,2025|2026|2026_06
pm_blackdoooog,artist,2025
pmdrawsmour,artist,2025
pmg,artist,2025
pmlx,artist,2025
pmzt7335,artist,2025
pn_(wnsl216),artist,2025|2026|2026_06
pnk_wonderful,artist,2026|2026_06
pnskb,artist,2025
po0000000000,artist,2025
po_(enjoy_ronpa),artist,2025
po_(user_fhwj8882),artist,2025
po_chino,artist,2025
pobiscqcqp38813,artist,2025
pocahontas,copyright,2025
poccora,artist,2025|2026|2026_06
pochi-chan,artist,2025
pochi_dot,artist,2025|2026|2026_06
pochimaru_(vtuber)_(1st_costume),character,2025|2026|2026_06
pochimaru_(vtuber)_(2nd_costume),character,2025|2026|2026_06
pochimaru_(vtuber)_(3rd_costume),character,2025|2026|2026_06
pochimaru_(vtuber)_(4th_costume),character,2025|2026|2026_06
pocho,artist,2025|2026|2026_06
pocketknife,general,2025
pocketnii,artist,2025
pocketsun,artist,2025|2026|2026_06
poco0818_l,artist,2025
pocorat,artist,2025
podang,artist,2025
poe512d,artist,2025
pohitashi,artist,2025|2026|2026_06
poi,general,2025|2026|2026_06
poifree,artist,2025
point_(user_muwz5858),artist,2025
pointy_footwear,general,2025
poipoi_poip,artist,2025|2026|2026_06
poison_stories,artist,2025
poisony_(futari_wa_precure),character,2025|2026|2026_06
pojinegaio,artist,2025
poka,artist,2025
poke_ball_(legends),general,2025
pokemaniac_(pokemon),character,2025
pokemon008,artist,2025|2026|2026_06
pokemon_(game),copyright,2025
pokemon_airy,artist,2025
pokemon_bdsp,copyright,2025|2026|2026_06
pokemon_bw,copyright,2025|2026|2026_06
pokemon_bw2,copyright,2025|2026|2026_06
pokemon_bw_(anime),copyright,2025|2026|2026_06
pokemon_bw_(prototype),copyright,2025|2026|2026_06
pokemon_dppt,copyright,2025|2026|2026_06
pokemon_dppt_(anime),copyright,2025|2026|2026_06
pokemon_dppt_(prototype),copyright,2025|2026|2026_06
pokemon_frlg,copyright,2025|2026|2026_06
pokemon_gsc,copyright,2025|2026|2026_06
pokemon_gsc_(prototype),copyright,2025|2026|2026_06
pokemon_hgss,copyright,2025|2026|2026_06
pokemon_lgpe,copyright,2025|2026|2026_06
pokemon_magikarp_jump,copyright,2025
pokemon_mart,general,2025
pokemon_on_horn,general,2025|2026|2026_06
pokemon_oras,copyright,2025|2026|2026_06
pokemon_ranger,copyright,2025
pokemon_ranger_2,copyright,2025
pokemon_ranger_3,copyright,2025
pokemon_rgby,copyright,2025|2026|2026_06
pokemon_rgby_(prototype),copyright,2025|2026|2026_06
pokemon_rse,copyright,2025|2026|2026_06
pokemon_rse_(anime),copyright,2025|2026|2026_06
pokemon_rse_(prototype),copyright,2025|2026|2026_06
pokemon_sm_(anime),copyright,2025|2026|2026_06
pokemon_sv,copyright,2025|2026|2026_06
pokemon_swsh,copyright,2025|2026|2026_06
pokemon_taur,general,2025|2026
pokemon_the_movie:_white/black_-_victini_and_zekrom/reshiram,copyright,2025
pokemon_usum,copyright,2025|2026|2026_06
pokemon_xy,copyright,2025|2026|2026_06
pokemon_xy_(anime),copyright,2025|2026|2026_06
pokemon_xy_(prototype),copyright,2025|2026|2026_06
pokenaka,artist,2025
poking_breast,general,2025
pokra_(plants_vs_zombies),character,2025
pokrfacedartist,artist,2025
pokseu,artist,2025|2026|2026_06
pokuru666,artist,2025
pol_(weibo_1744253333),artist,2025|2026|2026_06
pola_(swimsuit_mode)_(kancolle),character,2025
poladraws,artist,2025
poland_(artist),artist,2025|2026
polar_chaldea_uniform,general,2025
polarity_the_hedgehog,character,2026|2026_06
pole_vaulting_zombie_(plants_vs_zombies),character,2025
polearm_behind_back,general,2025
poligon046,artist,2025
politsiya,general,2025
polka_dot_legwear,general,2025|2026|2026_06
pollo-chan,artist,2025|2026
polo,artist,2025
poly,artist,2025|2026|2026_06
polychromatic,general,2025|2026|2026_06
polycoria,general,2025
polydeuces,character,2025
polyhymnia,character,2026|2026_06
polyna_kim,artist,2025|2026|2026_06
pomeo,artist,2025
pomesthetic_art,artist,2025
pomme_pourrie,artist,2025|2026
pommel_tassel,general,2025|2026|2026_06
pomokoro,artist,2025
pon1006mrn,artist,2025
ponferia,artist,2025|2026|2026_06
pongo_(crosscore),character,2026|2026_06
ponhasol,artist,2025
ponkotsu-works,artist,2025
ponta,artist,2025
ponta_(leafia2),artist,2025
ponta_(nagazubon),artist,2025
pontiff_parallelism,artist,2025|2026|2026_06
ponto_nei_(2nd_costume),character,2025|2026|2026_06
pontyk,artist,2025
ponytail_(artist),artist,2025
ponytal,general,2025
ponzu_(csvc8775),artist,2025|2026|2026_06
pool_table,general,2025|2026|2026_06
poop_hands,general,2025|2026|2026_06
poopingfox,artist,2026|2026_06
poopoopoppopoo,artist,2025|2026|2026_06
poor_things_(film),copyright,2025
pop_(smile_precure!),character,2025|2026|2026_06
pop_(smile_precure!)_(human),character,2025|2026|2026_06
pop_star,general,2025
pope_joan_(a_reward_for_your_studies)_(fate),character,2025
pope_joan_(event_portrait)_(fate),character,2025
pope_joan_(fate),character,2025
pope_joan_(fate)_(cosplay),general,2025
pope_joan_(first_ascension)_(fate),character,2025
pope_joan_(third_ascension)_(fate),character,2025
popeye,character,2025|2026|2026_06
popeye_(cosplay),general,2025|2026|2026_06
popeye_(video_game),copyright,2025|2026|2026_06
popipep,artist,2025
popipopopo0000,artist,2025
popmhan,artist,2025
popo,character,2025|2026|2026_06
poporucha,artist,2025
popothin,artist,2025
poppi_alpha_(xenoblade)_(cosplay),general,2025
poppi_qt_(xenoblade)_(cosplay),general,2025
poppi_qtpi_(xenoblade)_(cosplay),general,2025
popping_gummy,general,2025
popple,general,2025|2026|2026_06
poppoco_ya,artist,2025
poppoes,artist,2025
poppy_(league_of_legends),character,2025|2026|2026_06
poppy_bei_fong,character,2025
popuni10,artist,2025
porcelain_ezreal,character,2025
porco1127,artist,2025|2026|2026_06
porky's_(film),copyright,2025
poro_(league_of_legends),character,2025|2026|2026_06
poro_king,character,2025|2026|2026_06
pororo,character,2025|2026|2026_06
porsche_918,general,2025|2026|2026_06
port,general,2025|2026|2026_06
porter_robinson,copyright,2025
portra_400_(arlo_parks),general,2025
poru_bm,artist,2025
poruporu,artist,2025|2026|2026_06
pose_parody,general,2026|2026_06
poseidon_(crosscore),character,2026|2026_06
poseidon_(sentai_red_ga_isekai_de_boukensha_ni_naru),character,2025|2026|2026_06
poshi_nemiiyo,artist,2025
poshi_zheyi_wen_ba,artist,2025
poshpompadour,artist,2025|2026|2026_06
possi_onanikki,character,2025
postojna_cave,general,2025
pota_pct2021,artist,2025
potato_mine_(plants_vs_zombies),character,2025
pote3chan,artist,2025|2026|2026_06
poti,artist,2025
potienotforty,artist,2025|2026|2026_06
potion_craft:alchemy_simulator,copyright,2025
potpourri_(heartcatch_precure!),character,2025|2026|2026_06
potpourri_vampu,character,2025|2026
potto,artist,2025
potty_training,general,2025|2026|2026_06
poulet,character,2025|2026|2026_06
pov_bullying,general,2025|2026|2026_06
pov_stabbing,general,2025|2026|2026_06
powapowa1559,artist,2025
powder_(module),general,2025
power_poke-kun_(10),character,2025|2026|2026_06
power_poke-kun_(13),character,2025|2026|2026_06
power_poke-kun_(7),character,2025|2026
power_pro_kun,character,2025|2026|2026_06
power_pro_kun_pocket,copyright,2025|2026|2026_06
power_pro_kun_pocket_1,copyright,2025|2026|2026_06
power_pro_kun_pocket_10,copyright,2025|2026|2026_06
power_pro_kun_pocket_11,copyright,2025|2026
power_pro_kun_pocket_12,copyright,2025|2026|2026_06
power_pro_kun_pocket_13,copyright,2025|2026|2026_06
power_pro_kun_pocket_14,copyright,2025|2026|2026_06
power_pro_kun_pocket_2,copyright,2025|2026|2026_06
power_pro_kun_pocket_3,copyright,2025|2026|2026_06
power_pro_kun_pocket_4,copyright,2025|2026|2026_06
power_pro_kun_pocket_5,copyright,2025|2026|2026_06
power_pro_kun_pocket_6,copyright,2025|2026|2026_06
power_pro_kun_pocket_7,copyright,2025|2026|2026_06
power_pro_kun_pocket_8,copyright,2025|2026|2026_06
power_pro_kun_pocket_9,copyright,2025|2026|2026_06
power_pro_kun_pocket_r,copyright,2025|2026|2026_06
power_rangers_prime,copyright,2025
power_rangers_shattered_grid,copyright,2025
power_type_(ultra_series),general,2025
poyo_(anchbi_i),artist,2025
poyo_teitoku,artist,2025|2026|2026_06
ppeko0602,artist,2026|2026_06
ppo495,artist,2025
ppppppgggggg,artist,2025
pptsy,artist,2025
ppy_000,artist,2025|2026|2026_06
pr0ngsie,artist,2025|2026
pr_2730_sk,artist,2025|2026|2026_06
pra_11,artist,2025
pramanix_(ambience_synesthesia)_(arknights),character,2025|2026|2026_06
prandtl-glauert_singularity,general,2025|2026|2026_06
prawnm33,artist,2025
praycity0925,artist,2025
prayer_tag,general,2025|2026|2026_06
prc311,artist,2025
prdg7323,artist,2025
pre-lucia_(zenless_zone_zero),character,2026|2026_06
preamykyuushi,artist,2025|2026|2026_06
pred_ha,artist,2025|2026|2026_06
prehensile_ribbon,general,2025
prejun,artist,2025|2026|2026_06
prema_ja,artist,2026|2026_06
present_nadeko,character,2025|2026|2026_06
presenting_another,general,2025|2026|2026_06
presenting_anus,general,2025|2026|2026_06
presenting_armpit,general,2025|2026|2026_06
presenting_ass,general,2025|2026|2026_06
presenting_breasts,general,2025|2026|2026_06
president_barbie,character,2025
presnow,artist,2025|2026|2026_06
prestige_arcanist_zoe_(league_of_legends),character,2025
prestige_battle_bunny_miss_fortune,character,2025
prestige_commander_caitlyn,character,2025
prestige_spirit_blossom_aphelios,general,2026
pretty-purin720,artist,2025
pretty_retro,copyright,2025
prey_(2022),general,2025
prey_(predator),copyright,2025
pride_star_(idolmaster_side-m),general,2025|2026|2026_06
priest77,artist,2025|2026|2026_06
priest_(aoe),character,2025
priest_(aoe)_(cosplay),general,2025
priest_(asgard),character,2025
priest_(dungeon_and_fighter),character,2025|2026
primal_peashooter,character,2025
primal_potato_mine_(plants_vs_zombies),character,2025
primal_x_hearts,copyright,2025
prime_warframe,general,2025|2026|2026_06
primitive32ele1,artist,2025|2026
primordia,general,2025|2026|2026_06
prince_ali_(the_story_of_thor),character,2025|2026|2026_06
prince_bubba_gumball,character,2025
prince_carlos,character,2025
prince_daniel_(barbie),character,2025
prince_nicholas,character,2025
prince_of_persia_(videogame),copyright,2025|2026
princeofredroses,artist,2025
princess_(module),general,2025|2026|2026_06
princess_alexa,character,2025
princess_and_the_pauper,copyright,2025
princess_aurora,character,2025
princess_catania,character,2025
princess_daisy_(fairy)_(cosplay),general,2025
princess_daisy_(golf),character,2025|2026|2026_06
princess_daisy_(hoops_3-on-3),character,2025|2026|2026_06
princess_daisy_(swimwear),character,2025
princess_daisy_(tennis_64),character,2025
princess_daisy_(toadstool_tour),character,2025|2026|2026_06
princess_dress,general,2025|2026|2026_06
princess_fumizuki_(arknights),character,2025
princess_heart,general,2025
princess_ish,character,2025|2026
princess_katrina,character,2025
princess_lorena,character,2025
princess_maria_(itoko_itk),character,2025|2026|2026_06
princess_melody_(barbie),character,2025
princess_outfit,general,2025|2026|2026_06
princess_peach_(golf),character,2026|2026_06
princess_peach_(horror_land),character,2025|2026|2026_06
princess_peach_(mystery_land),character,2025|2026|2026_06
princess_peach_(pirate_land),character,2025|2026|2026_06
princess_peach_(summer_sports),character,2025|2026|2026_06
princess_peach_(tennis_aces),character,2025
princess_peach_(toadstool_tour),character,2025|2026|2026_06
princess_peach_(yukata),character,2025
princess_tori,character,2025
principal_of_the_thing,character,2025
principle_(to_love-ru),character,2025
print_folding_fan,general,2025
print_footwear,general,2025
print_request,meta,2025
prinz_eugen_guangming_bengtan,artist,2025|2026
pris_(tate_no_yuusha_no_nariagari),character,2025
prism_bicker,general,2025
prism_magic,general,2025
prisma_illya_(sapphire_version)_(cosplay),general,2025|2026|2026_06
prisma_illya_(zwei_form)_(cosplay),general,2025|2026|2026_06
prmaren1,artist,2025
procrastynacia,artist,2025|2026|2026_06
producer_bourbon,character,2025|2026|2026_06
product_request,meta,2025
professor_houjou,character,2025
professor_houjou_(cosplay),general,2025
professor_ochanomizu,character,2025|2026|2026_06
professor_v_(tower_defense_stimulator),character,2026|2026_06
profitshame,artist,2025|2026|2026_06
progear,copyright,2025
progrise_key,general,2025
project-disrubtion,artist,2025
project:_kha'zix,character,2025|2026|2026_06
project_[i],copyright,2025|2026|2026_06
project_gamm,copyright,2025
project_jhin,character,2025
project_n.e.t.,copyright,2025
projectumbra,artist,2025
projekt_red_(elite_ii)_(arknights),character,2026|2026_06
prokion_(escalation_heroines),character,2026|2026_06
promestein,character,2025|2026|2026_06
promestein_(cosplay),general,2025|2026|2026_06
promise_maker,artist,2025
promise_swords_(ensemble_stars!),general,2025|2026|2026_06
propell,general,2025
proptatoes,artist,2025|2026|2026_06
prosciutto,character,2025
prosciutto_(cosplay),general,2025
protagonist_(caligula),character,2025
proto_drive,character,2025
prototype_07_(vtuber),character,2025|2026|2026_06
prototype_46cm_twin_gun_mount,character,2025
prozetxxxxx,artist,2025
prsk_ebiiii,artist,2025
prts_(arknights),general,2025
prudence_(blitzcore),character,2025|2026|2026_06
ps90,general,2025|2026|2026_06
pseudonym,artist,2025
psycha_(artist),artist,2025
psycho_(film),copyright,2025
psycho_gundam_mk-ii,character,2025
psycho_rangers,general,2025
psyco_bawoo,character,2025
psyco_gm,character,2025
psyco_gundam,character,2025
psyco_gundam_mk_ii,character,2025
psyco_gundam_mk_iii,character,2025
ptilopsis_(ambience_synesthesia)_(arknights),character,2025|2026|2026_06
ptolemaios,character,2025|2026|2026_06
pu_0521,artist,2025|2026|2026_06
pu_tan_inu,artist,2026|2026_06
puberty_2_(album),copyright,2025|2026|2026_06
pubic_tattoo_through_clothing,general,2025|2026|2026_06
puchi_(code-k),artist,2025
puchiguso,character,2025|2026|2026_06
puchipuchi,artist,2025
puchipuchi_o_ekaki_renshuu,artist,2025
puckered_nipples,general,2025
puckjjick_(belbesi19),artist,2025
pudding_crush,artist,2025
pudding_well,artist,2025
pueat158,artist,2025
puff,character,2025|2026|2026_06
puff-shroom_(plants_vs_zombies),character,2025
puff_(go!_princess_precure),character,2025|2026|2026_06
puff_(go!_princess_precure)_(human),character,2025|2026|2026_06
puffy_legwear,general,2025
puffy_lips,general,2025|2026|2026_06
puffy_pastels_(module),general,2025
puffy_vulva,general,2026|2026_06
pukawurld,artist,2025
pukupuku_(pukupuku_tennen_kairaiban),character,2025|2026|2026_06
pulchra,character,2025
pull_string,general,2025|2026|2026_06
pulling_curtains,general,2025
pulling_own_hair,general,2025
pulsar_a11,artist,2025|2026|2026_06
pululito1,artist,2025
puma,general,2025
pump_(font),general,2025
pumpkin_(gpmphjikyva5qlo),artist,2025
pumpkin_(plants_vs_zombies),character,2025
pumpkin_dream_(module),general,2025
pumpton,artist,2025
punching_gummy,general,2025
punisher,character,2025
punisher_(capcom),copyright,2025
punisher_(cosplay),general,2025
punk_(module),general,2025|2026|2026_06
punkish_(module),general,2025
punyaru,artist,2025
puppet_(el_jarocho_feliz),character,2025|2026
puppet_(library_of_ruina),character,2025|2026|2026_06
puppet_ganon,character,2025
puppnet,artist,2025
puppybitch,artist,2025|2026|2026_06
pure_butterfly_(module),general,2025
pure_cruel,artist,2025
pure_pare,artist,2025
pure_valentine_(idolmaster),general,2025|2026|2026_06
puremi_(felinewitch),artist,2025
purin_esthe,artist,2025
puring,artist,2026
purirun_(civilian)_(precure),character,2026|2026_06
purple-haired_loli_(haguhagu),character,2025|2026|2026_06
purple_(jobseeking),artist,2025|2026|2026_06
purple_ankle,general,2026|2026_06
purple_bikesuit,general,2025
purple_blindfold,general,2025
purple_brooch,general,2025
purple_card,general,2025|2026|2026_06
purple_clouds,general,2025|2026|2026_06
purple_footwear,general,2025
purple_gemstone,general,2025|2026|2026_06
purple_headphones,general,2025
purple_headwear,general,2025
purple_heart_(chaos_form),character,2025|2026|2026_06
purple_heart_(goddesses'_promise),character,2025|2026|2026_06
purple_innertube,general,2025|2026|2026_06
purple_leaves,general,2025
purple_leglet,general,2025
purple_legwear,general,2025
purple_lipstick_tube,general,2025|2026|2026_06
purple_outfit,general,2025|2026|2026_06
purple_petticoat,general,2025
purple_ranger,character,2025
purple_rise,general,2025|2026|2026_06
purple_sleeve_cuffs,general,2025|2026|2026_06
purple_soul_(undertale),character,2026|2026_06
purple_star,general,2025|2026|2026_06
purple_straps,general,2025|2026|2026_06
purple_stripes,general,2025
purple_suspenders,general,2025|2026|2026_06
purple_undershirt,general,2025
purple_visor,general,2025|2026|2026_06
purple_wetsuit,general,2025|2026|2026_06
purple_wisterias_of_may_(ensemble_stars!),general,2025|2026|2026_06
purple_z,artist,2025
purpled,character,2025|2026|2026_06
purplepeachpp_(ppanimation),artist,2026
purplewis,artist,2025
purpurart,artist,2025
purrana_ks,artist,2025
purrrquernya,artist,2025
purrynx,artist,2026|2026_06
purson_soi,character,2025
purupu_(plpl_ilust),artist,2025
pururu_(emil_chronicle_online),character,2025
puruta,artist,2025|2026
pusom_(fox_doll)_(dragon_village),character,2025
puss_in_boots_(character),character,2025
puss_in_boots_(character)_(cosplay),general,2025
pussy_juice_on_table,general,2025
pussy_neck,general,2025|2026
pussy_slap,general,2025|2026|2026_06
puto1057,artist,2025|2026|2026_06
putotyra_(ooo_combo),character,2025|2026|2026_06
putsch,character,2025|2026|2026_06
puttee,general,2025|2026|2026_06
puu_maru,artist,2025
puuni1221,artist,2025
puyu_(yimaoxun),artist,2025
puzzle_gamer_level_50,general,2025|2026|2026_06
pvn_4/3_wappa,general,2025|2026|2026_06
pwawla,character,2025
pwgp6_tomato,artist,2025|2026|2026_06
pxusk08170704,artist,2025
pyaa,artist,2025
pye_ji,artist,2025
pyeonhwa_07,artist,2026|2026_06
pygmalioneffec2,artist,2025
pyke_(league_of_legends),character,2025|2026|2026_06
pyo_(user_kxwz8772),artist,2025
pyoitto_hareruya,general,2025
pyopyopyo,artist,2025|2026|2026_06
pyramid_head_chan,general,2025
pyroblujay,artist,2025|2026|2026_06
pyroxene_(crosscore),character,2026|2026_06
pyuge_(gouhounikuya),artist,2025
pyuuni,artist,2025
pyxis_(vtuber),character,2026|2026_06
pzk,artist,2025
q0cf4qmgrk5ivxc,artist,2025
q441,artist,2025
q_(eros),character,2025
q_(zero_time_dilemma),character,2025
qaq0540777,artist,2026|2026_06
qbness,artist,2025|2026|2026_06
qc6,artist,2025
qfc-kiyoi,artist,2025
qhfrjx,artist,2025|2026|2026_06
qi_(rkmm2425),artist,2025
qi_ji_nuan_nuan,artist,2025|2026|2026_06
qi_peng,artist,2025|2026|2026_06
qi_xuan,artist,2025|2026|2026_06
qi_ying_you_chen_la,artist,2026|2026_06
qia_(pixiv_56064800),artist,2025
qian_(coin),general,2025|2026|2026_06
qian_qiu_(novel),copyright,2025
qiancengmian_shatanwang,artist,2025|2026|2026_06
qiao_zhong_xie,artist,2025
qiaochuqiaochu,artist,2025|2026|2026_06
qidoras,artist,2025|2026|2026_06
qii_namii,artist,2025
qiming_zhen_de_hao_nan,artist,2025|2026|2026_06
qin_shi_huang,character,2025|2026|2026_06
qin_shi_huang_(cosplay),general,2025|2026|2026_06
qin_yi,character,2025|2026|2026_06
qing6547,artist,2025|2026|2026_06
qing_jiuzi,artist,2025|2026|2026_06
qing_shi_mang_xue_(user_faem7575),artist,2025|2026|2026_06
qing_wen_fujin_you_yake_yiyuan_ma,artist,2025
qing_yu,artist,2025
qing_yumo,character,2025|2026|2026_06
qingduodian_oc_fan,artist,2025
qingniaoyi,artist,2025
qingshan_wuji,artist,2025
qingshuang_su_le_da_changyin_shijie,artist,2026|2026_06
qingxin_gua_yu,artist,2025
qingyan,artist,2025|2026|2026_06
qinshishizhang,artist,2025
qinxinqinxinqin,artist,2025|2026|2026_06
qinzi_shao_yuanwuqu,artist,2025
qiong_dong,artist,2025|2026|2026_06
qipu_zimi,artist,2025
qiqeqe,artist,2025|2026|2026_06
qishuheiguang,artist,2025|2026|2026_06
qiuyu_fangying,artist,2025
qiwiq1707,artist,2025|2026|2026_06
qixiang_shen,artist,2025
qiyana_(league_of_legends),character,2025|2026|2026_06
qiyana_(league_of_legends)_(cosplay),general,2025|2026|2026_06
qiyue_qing_chin,artist,2025|2026|2026_06
qiyun317,artist,2025
qjinjiu,artist,2025
qkqajrwk,artist,2026|2026_06
qmpzalsk,artist,2025
qmthtdy,artist,2025
qortnrkt,artist,2025
qq_(pixiv42788728),artist,2025|2026|2026_06
qqau47t9k,artist,2025
qqingyi,artist,2025|2026
qqqrinkappp,artist,2025
qria,artist,2025
qrteg87yhl16571,artist,2026|2026_06
qswsvir5r6gahyk,artist,2025|2026|2026_06
quabara,character,2025
quad_boobs,general,2025
quad_damage,general,2025
quadruple_scoop,general,2025
quail-zoz03,artist,2026|2026_06
quan_(masquerade)_(fire_emblem)_(cosplay),general,2025|2026|2026_06
quang_hoang,artist,2025
quantum_sketch_(benghuai_xueyuan),character,2026|2026_06
quark,character,2025|2026|2026_06
quasimodo,character,2025
quassihollic,artist,2025
quatre_vingt-sept,character,2025|2026|2026_06
que_meng_meng,artist,2025|2026|2026_06
queen_(snow_white),character,2025
queen_(snow_white)_(cosplay),general,2025
queen_carmelita,character,2025
queen_draco_(first_ascension)_(fate)_(cosplay),general,2025
queen_draco_(second_ascension)_(fate)_(cosplay),general,2025
queen_elle,character,2025|2026|2026_06
queen_eve,character,2025
queen_nanari,character,2025|2026|2026_06
queen_of_horseshoes,general,2025|2026|2026_06
queen_of_sheba_(queen's_voyage)_(fate),character,2026|2026_06
queen_of_sheba_(welcome_to_the_travelling_circus!)_(fate),character,2025
queen_of_the_azamina,character,2025
queen_rupia_(duel_masters),character,2026|2026_06
queen_sphene,character,2025
queen_vanessa_ii,character,2025
queenbee_(crosscore),character,2026|2026_06
queendom_(tv_series),copyright,2025|2026|2026_06
queenie_(mechanical_buddy_universe),character,2025|2026|2026_06
quelang,artist,2025
quelsstone,artist,2025|2026|2026_06
quest_(artist),artist,2025
quest_gamer_level_1,general,2025|2026|2026_06
quest_gamer_level_2,character,2025|2026|2026_06
quest_gamer_level_3,general,2025|2026
questless_night_(wuthering_waves),character,2025
quetzalcoatl_(dragon_maid),general,2025|2026
queues,artist,2025
quick,general,2025
quick_shirt,general,2025|2026|2026_06
quicksilver,character,2025
quicksilver_(cosplay),general,2025
quiet-victories,artist,2025
quiet_(benghuai_xueyuan),character,2025|2026|2026_06
quietstring,artist,2026
quildren_(ike_eveland),character,2025
quince_flower,general,2025|2026|2026_06
quinn_(league_of_legends),character,2025|2026|2026_06
quinoko,artist,2025|2026|2026_06
quintet,copyright,2025|2026|2026_06
quipi,artist,2025
quiz_street_fighter_academy,copyright,2025|2026|2026_06
quma,character,2025
qunqun_na_olganite,character,2025
quote_(doukutsu_monogatari),character,2025
quote_(doukutsu_monogatari)_(cosplay),general,2025
quragenomiken,artist,2025|2026|2026_06
quwgn,artist,2025|2026|2026_06
quwrofsk8,artist,2025
quyen_pham,artist,2025
qwentylock,artist,2025|2026|2026_06
qyanyan_05,artist,2025
r'lyeh_(shinrabanshou),character,2025|2026|2026_06
r'lyehian,general,2025
r-2d_nsfw,artist,2025
r-77_adder,general,2025
r-ena,artist,2025
r-wade,artist,2025
r.n-san,artist,2025
r.o.b.-chan_(ros_1206),character,2025|2026|2026_06
r18_ayame,artist,2025|2026|2026_06
r1nzo,artist,2025
r2718281,artist,2025
r9_6owl,artist,2026
r_(user_pzzt2437),artist,2025|2026|2026_06
r_bishh,artist,2025
r_cutiee,artist,2025
r_in_anime,artist,2025
r_n_(kisaragiyurii),artist,2025
r_nqc0,artist,2025|2026|2026_06
ra_(crosscore),character,2026|2026_06
ra_mentanaka,artist,2025
raaga_xxii,artist,2025
rab-langdon,artist,2025
rabbit+rabbit_form,character,2025
rabbit+tank_form,character,2025|2026|2026_06
rabbit+tank_form_(black_hazard),general,2025
rabbit+tank_sparkling,general,2025
rabbit+tank_sparkling_fullbottle,general,2025
rabbit-ear_headwear,general,2025
rabbit_nose,general,2025|2026|2026_06
rabbit_panties,general,2025|2026|2026_06
rabbit_visor,general,2025|2026|2026_06
rabbitentrails,artist,2025
rabbitfolly,artist,2025
rabbitmaidensoftworks,copyright,2025
rabu_(pixiv_38571565),artist,2025
raccoon_nose,general,2025|2026|2026_06
rachelyuk00,artist,2025
racieb,artist,2025
radeon-hd5770x2,artist,2025
rader_(youtuber),character,2025
radha_heir_to_keld,character,2025
radical_star_(module),general,2025
radicalslab,artist,2025
radio_backpack,general,2025
rael,artist,2025
rael7phj3v94056,artist,2026|2026_06
raelmangaman,artist,2025|2026|2026_06
raeon012,artist,2025|2026|2026_06
rafael_(kamihime_project),character,2025
raffaelemarinetti,artist,2025
raffi_irruham,artist,2025
rafi,artist,2025
rafuschan,artist,2025
rage_of_bahamut,copyright,2025
ragecndy,artist,2025|2026|2026_06
raggy_the_piecey,character,2025|2026|2026_06
ragnark_sinmara_(taimanin_rpgx),character,2025
ragnarok026,artist,2025
ragnarok_(demon_sword),character,2025
ragya,artist,2025
rai32019,artist,2025|2026|2026_06
rai_miruku,artist,2025
raicy,artist,2025
raid_riser,general,2025
raider_(spacecraft),general,2025|2026|2026_06
raika_(ocean_of_sun),artist,2025|2026|2026_06
raika_(yuru_yuri),character,2025
raika_(yuru_yuri)_(cosplay),general,2025
rail_a,artist,2025
rain_(rain910),artist,2025
rain_(tensei_shitara_slime_datta_ken),character,2025
rain_(voice_actor),artist,2026
rain_drops_uniform,general,2025
rainbow_(artist),artist,2025
rainbow_dash_(crystal_war),character,2025|2026|2026_06
rainbow_gorein,artist,2025|2026|2026_06
rainbowkenny23,artist,2025
rainbowsugarflower,artist,2025
raincoat_pull,general,2025|2026|2026_06
raindice,artist,2025
raine_komiru,artist,2025
rainfoxuwu,artist,2025|2026|2026_06
rainga,artist,2025
rainto,artist,2025|2026|2026_06
rainy0903,artist,2025|2026|2026_06
rainy_season's_blossoms_(ensemble_stars!),general,2025
raion.,artist,2025
raion_(inoueraion),artist,2025
raiseart,artist,2025|2026|2026_06
raised_glass,general,2026
raisei_no_ryu_tsukai,copyright,2025|2026|2026_06
raiz_art_works,artist,2025
raiza,character,2025
raj_(camp_lazlo),character,2025|2026
rajulia_(unitia),character,2025
rakan_(league_of_legends),character,2025|2026|2026_06
rakan_(league_of_legends)_(cosplay),general,2025|2026|2026_06
rake_ta1gou,artist,2025|2026|2026_06
rakeru_(dokidoki!_precure),character,2025|2026|2026_06
rakeru_(dokidoki!_precure)_(cosplay),general,2025|2026|2026_06
rakeru_(dokidoki!_precure)_(human),character,2025|2026|2026_06
rakeru_(vtuber),character,2025|2026|2026_06
rakka_(haibane),character,2025
rakka_(haibane)_(cosplay),general,2025
raku_(afk_arena),character,2025
rakugaki_sanhai,artist,2025|2026|2026_06
rakugaki_skebe,artist,2025
rakugakijunkie,artist,2025|2026|2026_06
rakuyou,character,2025
rally,artist,2025
ram_pam_pumpkin,artist,2025
ramen_spoon,general,2025
ramio3_2,artist,2025
ramirez_do_everything,general,2025
rammus,character,2025|2026|2026_06
ramon_suarez,artist,2025
rampage_(film),copyright,2025
rampage_gattling,general,2025
rampage_vulcan,general,2025
ramsses,character,2025
ramurin,character,2025|2026|2026_06
ran_(nico16765199),artist,2025
ran_guruguru,artist,2025
rana_(user_anzu7337),artist,2025|2026
ranartx,artist,2025
rance_(dokidoki!_precure),character,2025|2026|2026_06
rance_(dokidoki!_precure)_(cosplay),general,2025|2026|2026_06
rance_(dokidoki!_precure)_(human),character,2025|2026|2026_06
rance_10,copyright,2025
ranch_(masakox),character,2025|2026|2026_06
rancyou,artist,2025
rand_marks,character,2025
ranga_(tensei_shitara_slime_datta_ken),character,2025
ranger,general,2025|2026|2026_06
ranger_(christmas_mode)_(kancolle),character,2025
ranger_(dungeon_and_fighter),character,2025
ranger_(race_queen)_(kancolle),character,2025
ranger_(race_queen_mode)_(kancolle),character,2025
raniya,character,2025
raniya_(sentai_red_ga_isekai_de_boukensha_ni_naru),character,2025|2026|2026_06
ranma-chan,character,2025|2026|2026_06
ranma-chan_(cosplay),general,2025|2026|2026_06
rannohana629,artist,2025|2026|2026_06
ranosuke,artist,2025
rantofish,artist,2025
ranya_(sentai_red_ga_isekai_de_boukensha_ni_naru),character,2025
raomeoy,artist,2025
rapier-chan_(centurii),character,2025
rappe92,artist,2025
rapti_(benghuai_xueyuan),character,2026|2026_06
raptora,character,2025
rapunzel,copyright,2025
rapunzel_(grimm),character,2025
rapunzel_(grimm)_(cosplay),general,2025
rara_(yhch2582),artist,2025|2026|2026_06
rarara_(pixiv_14765246),artist,2025
rarasa_(rarasa),artist,2025|2026|2026_06
rasazy_(friday_night_funkin'),character,2025|2026|2026_06
rashid_(koshika_rina),character,2025|2026|2026_06
rashomon_(benghuai_xueyuan),character,2025|2026|2026_06
rasoso_(rasobung),artist,2025|2026|2026_06
raspberry_(module),general,2025
raspberry_fox_(module),general,2025
raspberry_torte_(1980s),character,2025
raspberry_torte_(2009),character,2025
raspberryism_(module),general,2025
rasputin_(fate),character,2025
rasputin_(second_ascension)_(fate),character,2025
rasputin_(third_ascension)_(fate),character,2025
rasubosu,artist,2025
ratatoskr_(fire_emblem)_(new_year),character,2025
rate_(latte_daruta2),artist,2025
ratflat,artist,2025
ratohnhakekenwa,artist,2025|2026|2026_06
ratoratah_(ooo_combo),character,2025|2026|2026_06
ravages_of_time,copyright,2025
ravell,artist,2025
ravenclavern,artist,2025
raviel,character,2025|2026|2026_06
raviel_(cosplay),general,2025|2026|2026_06
raviolimavioli,artist,2025|2026|2026_06
ravula_fuju,character,2026|2026_06
raw_(film),copyright,2025
ray98774,artist,2025
raymond_(girls_frontline),character,2025
raymond_lacap,artist,2025|2026|2026_06
raymond_ozwell,character,2025|2026|2026_06
rayne_elf_smith,character,2025
rayrijo,artist,2025
rayu_(pokemon),character,2026|2026_06
razalis_(tales),character,2025|2026|2026_06
razid_(corsairzero11),artist,2025
raziel,character,2025|2026|2026_06
razorback,general,2025|2026|2026_06
razputin_(psychonauts),character,2025|2026|2026_06
razputin_(psychonauts)_(cosplay),general,2026|2026_06
rbtmd22,artist,2025|2026|2026_06
rbxlaifjzlilxep,artist,2025
rcop_o,artist,2025
rctork,artist,2025|2026
re--ji,artist,2025
re1kirisaki342,artist,2025
re:ankh_(mrsz4523),artist,2025
re:vale,general,2025
re;lord_dai_san_shou,copyright,2025|2026|2026_06
re_eva,artist,2025|2026|2026_06
re_hkrk_fe,artist,2025
re_kyu,artist,2025
re_no_ayu,artist,2025
reach_extender,general,2025
reachiizu,artist,2025
reactor_(module),general,2025
real_(ss),artist,2025
reapersun_art,artist,2025
rear_pussy,general,2025
rebecca59118221,artist,2025|2026|2026_06
rebecca_(puyopuyo),character,2025|2026|2026_06
rebekah_(benghuai_xueyuan),character,2025|2026|2026_06
rebornartist,artist,2025
recap100ml,artist,2025|2026|2026_06
recare,artist,2025|2026|2026_06
receiver_(module),general,2025
rechalli_deviantart,artist,2025
recolored_(medium),meta,2026|2026_06
recreation,general,2025
recruiter_(module),general,2025
recycle,artist,2025
red-crowned_crane_print,general,2026|2026_06
red-trio,artist,2025|2026|2026_06
red_(benghuai_xueyuan),character,2025|2026|2026_06
red_(ffmq),character,2025
red_(google_doodle),character,2025
red_(happinesscharge_precure!),character,2025|2026|2026_06
red_ball,general,2025|2026|2026_06
red_bean_donuts_(andnuts),artist,2025|2026|2026_06
red_bikesuit,general,2025
red_blindfold,general,2025
red_boo,character,2025
red_brooch,general,2025
red_card,general,2025|2026|2026_06
red_cat_ramen,copyright,2025|2026|2026_06
red_chin,general,2025
red_collar_tabs,general,2025|2026|2026_06
red_couch,general,2025|2026|2026_06
red_curtains,general,2025
red_dragon_thunderzord,character,2025
red_dress_girl_(mattyan),character,2025
red_epaulettes,general,2025
red_fixer_(lobotomy_corporation),character,2025|2026|2026_06
red_footwear,general,2025
red_frills,general,2025
red_handwear,general,2025|2026|2026_06
red_hare_(fgo_x_takarazuka_kinen)_(fate),character,2026|2026_06
red_headphones,general,2025
red_headwear,general,2025|2026|2026_06
red_hood_(series),copyright,2025
red_innertube,general,2025|2026|2026_06
red_lapels,general,2025
red_legwear,general,2025
red_lion_ranger,character,2025
red_monkey,character,2025
red_neckwear,general,2025
red_ogre,character,2025
red_pasties,general,2025
red_petticoat,general,2025
red_pom_poms,general,2025
red_pouch,general,2025
red_racing_suit,general,2026|2026_06
red_ranger,character,2025
red_rhombus_(bike),general,2025
red_skort,general,2026|2026_06
red_sleeve_cuffs,general,2025|2026|2026_06
red_spider_lily,general,2025
red_straps,general,2025|2026|2026_06
red_stripes,general,2025
red_suspenders,general,2025|2026|2026_06
red_sweatband,general,2025|2026|2026_06
red_track_jacket,general,2025
red_undershirt,general,2025
red_vs_blue,copyright,2025
red_wetsuit,general,2025|2026|2026_06
redapplepenguin,artist,2025
redasanyrose,artist,2025
redaster8,artist,2025
redbeatsmermaid,artist,2025
redbeersake,artist,2025|2026|2026_06
redbrain,artist,2025
redbull_racing_rb14,general,2025
redbull_racing_rb16,general,2025
redbull_racing_rb18,general,2025
redbull_racing_rb20,general,2025
redeemer,general,2025
redinternet,artist,2025
rediva01,artist,2025
redlinranger,artist,2025
redlittleplum,artist,2025
rednian,artist,2025
redpanda-chan,artist,2025
redrose,general,2025
redsankakuhead,artist,2025
redt1t1,artist,2025
redtail_(warriors),character,2025|2026|2026_06
ree_(pixiv_90498875),artist,2025|2026|2026_06
reed,artist,2025|2026|2026_06
reed_the_flame_shadow_(arknights)_(cosplay),general,2025
reed_the_flame_shadow_(summer_flowers)_(arknights),character,2025
reed_the_flame_shadow_(summer_flowers)_(arknights)_(cosplay),general,2025
reeeeetomasssss,artist,2025|2026|2026_06
reeena,artist,2025
reese_(ulularts),character,2026|2026_06
refania_(majutsu_gakuin_o_shuseki_de_sotsugyou_shita_ore_ga_bouken-sha_o_hajimeru_no_wa_sonnani_okashiidarou_ka),character,2025
reflective_water,general,2025|2026|2026_06
reflex_(nextelchirps),artist,2025
regal_bryan,character,2025|2026|2026_06
regal_bryan_(dandy),character,2025|2026|2026_06
regal_bryan_(swimmer),character,2026|2026_06
regal_lily,character,2025|2026|2026_06
reggiane_re.2001,general,2025|2026|2026_06
regia-marina,artist,2025
regina_(dokidoki!_precure),character,2025|2026|2026_06
regina_(dokidoki!_precure)_(cosplay),general,2025|2026|2026_06
regis_(benghuai_xueyuan),character,2025|2026|2026_06
regret_(module),general,2025
rei_(haibane_renmei),character,2025
rei_(rei_1424),artist,2025
rei_(tonbo0430),artist,2025
rei_(yousuru_),artist,2025|2026|2026_06
rei_hisashina,artist,2025
rei_kitsu_kai,artist,2025
rei_mikami33,artist,2025
rei_mikoori,character,2025
rei_no_sakura_benitsubaki_(module),general,2025
rei_no_sakura_shirayuki_(module),general,2025
rei_no_sakura_sousetsu_(module),general,2025
rei_shimobe,character,2026|2026_06
rei_shimobe_(cosplay),general,2026|2026_06
reichi_01,artist,2025
reid_mercury,character,2026
reidash,artist,2025
reido_san3,artist,2025|2026|2026_06
reiha_w._kresnik,character,2025|2026|2026_06
reii_70707,artist,2025|2026|2026_06
reii_nekima,artist,2025
reiichiro_shiba,character,2025|2026|2026_06
reiji_suzumaru,artist,2025
reijubv,artist,2025
reikakrzk,artist,2025
reikureii,artist,2025
reila,character,2025
reim3i,artist,2025
reimaruart,artist,2025
reimu_endou_(2nd_costume),character,2025
reimu_endou_(3rd_costume),character,2025
rein_(prominence_dress_up)_(futagohime),character,2025|2026|2026_06
rein_(prominence_eternal_miracle_change)_(futagohime),character,2025|2026|2026_06
rein_(universal_princess)_(futagohime)_(cosplay),general,2025
reina_(pixiv62201958),artist,2025
reines_el-melloi_archisorte_(second_ascension)_(cosplay),general,2025
reiq-art,artist,2026|2026_06
reiraku,artist,2025
reireidog,artist,2025|2026|2026_06
reisa,character,2025|2026
reisaa,artist,2025|2026|2026_06
reitei,character,2025
rejected3faq,artist,2025
rek'sai,character,2025|2026|2026_06
rekdsv,artist,2025
reki_(haibane),character,2025
reki_(haibane)_(cosplay),general,2025
rekku_n,artist,2025
reku_hayase,artist,2025
relief,general,2025|2026|2026_06
religion,general,2025
relina-ruj,artist,2025|2026|2026_06
rell_(league_of_legends),character,2025|2026|2026_06
reloading_press,general,2025|2026|2026_06
rem_(pixiv13596581),artist,2025
remapic,artist,2025
remi_(ie_naki_ko),character,2025
remi_(lovely_remi),character,2025|2026|2026_06
remi_altava,character,2025|2026|2026_06
remi_shiramine_(katsumata_hiroki),character,2026|2026_06
remika,artist,2025
remina_eltfrom_yggdmillennia,character,2025
reminiscence_marionette_(ensemble_stars!),general,2025
remodel_(kantai_collection),general,2025
removing_legwear,general,2025|2026|2026_06
remsor076,artist,2025
remushita_braves_online,copyright,2025|2026|2026_06
remyaruku65,artist,2025
ren_(coeur),artist,2025
rena_(_rrena),artist,2025|2026|2026_06
rena_(sky-freedom),character,2025|2026|2026_06
rena_alina,general,2025
rena_aoba,artist,2025
rena_tachibana_(arumanis_9),character,2025
renai_junkie_(toujou_asami),copyright,2025
renata_glasc,character,2025|2026|2026_06
renata_glasc_(cosplay),general,2025|2026|2026_06
renaya41078728,artist,2025
renberry,artist,2025
rendermax,artist,2025
rene0elric,artist,2025
renee_(barbie),character,2025
reneechio,artist,2025|2026|2026_06
renekton,character,2025|2026|2026_06
renewal_(vrchat),character,2025|2026|2026_06
rengar,character,2025|2026|2026_06
renimo-deer,artist,2025|2026|2026_06
renjiantaijie,artist,2025|2026|2026_06
renko1011,artist,2025
renkon-san,artist,2025
rennie_(pixiv90543403),artist,2025
renoir_(clair_obscur:_expedition_33),character,2026|2026_06
renryuu_ascension,copyright,2025|2026
rental_mommy,general,2025
rentarou_(rename6),artist,2025
renzha_fanpai_zijiu_xitong,copyright,2025|2026|2026_06
renzotgj,artist,2025
reon_(02779),artist,2025|2026|2026_06
reona_joji,artist,2025
repanndda,artist,2025|2026|2026_06
repayment_festival_(ensemble_stars!),general,2025
repeater_(plants_vs_zombies),character,2025
replica_datte_koi_o_suru,copyright,2025|2026|2026_06
reptera,character,2025
reptileenclosed,artist,2025
requiem_(module),general,2025
reraid94,artist,2026
rere0_0tu,artist,2026|2026_06
rerere,artist,2025|2026|2026_06
rerioleaf,artist,2025|2026|2026_06
reruyuchan,artist,2025
reserve_operator_logistics_(arknights),character,2025
reserve_operator_melee_(arknights),character,2025
reset_0.0,artist,2026
resort_bikini_(module),general,2025
restart,artist,2025|2026|2026_06
restayu,artist,2025|2026|2026_06
restroom,general,2025
restroom_sign,general,2025
reticle,general,2025|2026|2026_06
retrapain_(merc_storia),character,2025
retro-ryno,artist,2025
retro_car,general,2025
retroanimechris,artist,2025|2026|2026_06
retrofit_(azur_lane),general,2025
reuenknown,artist,2025|2026
reverend_mother_mohiam,character,2025|2026
reverse_commentary,meta,2025
reverse_spirit,general,2026|2026_06
revi_616,artist,2025
revil0l,artist,2025
revolution_of_happy?,copyright,2025
rex_(crosscore),character,2025|2026|2026_06
rex_(fallout_new_vegas),character,2025
rexfaxsex,artist,2025|2026|2026_06
rey_arzeno,artist,2025
rezami_art,artist,2025
rezia_(berl_to_okashi_no_ie),character,2025
rfsky,artist,2025
rgsbcdh9pboa56g,artist,2025
rgz-95c,general,2025|2026|2026_06
rh4a8p,artist,2025|2026|2026_06
rhea_(greek_mythology),character,2025
rhea_(mythology),character,2026|2026_06
rhodes_island_(arknights),general,2025
rhodes_island_engineer_(arknights),character,2025
rhodes_island_logo,general,2025
rhodes_island_medic_(arknights),character,2025
rhodes_island_vanguard_(arknights),character,2025
ri25to,artist,2025|2026|2026_06
ri_fanart,artist,2025
ria1105,artist,2025|2026|2026_06
ria_rks,artist,2025
ria_wndhi,artist,2025
rialis_zzxxx,artist,2025|2026|2026_06
ribbed_legwear,general,2025
ribbon-trimmed_clothes,general,2025|2026|2026_06
ribbon-trimmed_elbow_gloves,general,2025|2026|2026_06
ribbon-trimmed_hat,general,2025|2026|2026_06
ribbon-trimmed_legwear,general,2025
ribbon-trimmed_underwear,general,2025|2026|2026_06
ribbon_(happinesscharge_precure!),character,2025|2026|2026_06
ribbon_(pokemon),general,2025
ribbon_braid,general,2025|2026|2026_06
ric,artist,2025
ricardo_(grimms_notes),character,2025|2026|2026_06
ricardo_(re:zero),character,2025|2026|2026_06
ricardo_lira,artist,2025
rice_shower_(longed-for_scenery)_(umamusume),character,2025|2026|2026_06
rice_shower_(make_up_vampire!)_(umamusume),character,2025|2026|2026_06
ricedawgv2,artist,2025
ricemune,artist,2025
rich_money_god_(shining_nikki),character,2026|2026_06
richa_(yumemiru_renaissance),character,2025
richanghuabenluomouzhuangfengmaisha,artist,2026|2026_06
richard_(celeb_rich_kid)_(tales),character,2025|2026|2026_06
riche_ozisan,artist,2025
richelieu_(haregi_mode)_(kancolle),character,2025
richelieu_(swimsuit_mode)_(kancolle),character,2025
richelieu_deux_(autumn_mode)_(kancolle),character,2025
richelieu_deux_(winter_mode)_(kancolle),character,2025
rick_hunter,character,2025
rickshaw_student_(blue_archive),character,2025|2026|2026_06
rickshaw_student_(blue_archive)_(cosplay),general,2025|2026|2026_06
ricky_(doko_demo_issho),character,2025|2026|2026_06
ricoh_art,artist,2026|2026_06
riddle_rosehearts_(birthday_boy),character,2025
rider_chemi_card,general,2025
rider_chemy_card,general,2025
rider_watch,general,2025
ridinetta,character,2025
riding_bareback,general,2025|2026|2026_06
riding_bug,general,2025
ridwanpertamini,artist,2025|2026|2026_06
rie_(ooorie),artist,2025
rie_care_(benghuai_xueyuan),character,2025|2026|2026_06
rie_chiaki,artist,2025|2026|2026_06
rie_cute_(benghuai_xueyuan),character,2025|2026|2026_06
rie_kurenai_(benghuai_xueyuan),character,2025|2026|2026_06
rie_wit_(benghuai_xueyuan),character,2025|2026|2026_06
rif91,artist,2025|2026|2026_06
rifle-caliber_handgun,general,2025
rifle-caliber_revolver,general,2025
rift_herals,character,2025
rift_scuttler,character,2025|2026|2026_06
rifthound_whelp_(genshin_impact),character,2025
rigatona,character,2025|2026
rige_x_x,artist,2025
rigeru_(mirumo_de_pon!),character,2025
right_parted_hair,general,2025
riginalkyo,artist,2025|2026|2026_06
rigurudo_(tensei_shitara_slime_datta_ken),character,2025
rihoko_shima,character,2025
rihyaruto_bafuman,artist,2025|2026|2026_06
rii_(mrhc7482),artist,2025|2026|2026_06
riichuuba,artist,2025|2026|2026_06
riin_(rin06_),artist,2025|2026|2026_06
rijjin,artist,2025|2026|2026_06
rik_works,artist,2025
rika's_ex_(madoka_magica),character,2025
rika_(kuroneko_datenn),character,2025
rike_(pixiv),artist,2025
rikka_(6th_costume)_(holostars),character,2025
rikki,artist,2025|2026|2026_06
rikkusu_x,artist,2025
riko_(benghuai_xueyuan),character,2025|2026|2026_06
riko_(korikori),artist,2025
riko_(ocubze),character,2025|2026
riko_(ritora2024_6),artist,2025
riko_(sky-freedom),character,2025|2026|2026_06
rikotan_(vtuber)_(2nd_costume),character,2025|2026|2026_06
riku-chin,artist,2025
riku_(idolish_7),character,2025|2026
riku_(slayer_dramonz),character,2026|2026_06
rikuson,character,2025
rikuson_(cosplay),general,2025
rikuson_hakugen,character,2025|2026|2026_06
rikuu_(olympia_soiree),character,2025
rikuu_(olympia_soiree)_(cosplay),general,2025
rikuzo,artist,2025
riliri,artist,2025
rilirili,artist,2025
rim_chaos_(trickcal),character,2026|2026_06
rima_(escalation_heroine),character,2025|2026|2026_06
riman13682518,artist,2026|2026_06
rimiko,artist,2025|2026|2026_06
rimming_male,general,2025
rimu01256,artist,2025
rimu_(gucg8333),artist,2025|2026|2026_06
rin's_tea,artist,2025|2026|2026_06
rin-chan_aishi-tai_1-gou_(module),general,2025
rin-chan_aishi-tai_2-gou_(module),general,2025
rin_(dddd),character,2025
rin_(honkai_impact),character,2025|2026|2026_06
rin_(mii),character,2026|2026_06
rin_(power_pro_kun_pocket),character,2025|2026|2026_06
rin_(rin_nemui_rin),artist,2025
rin_(sakuurin),artist,2026|2026_06
rin_(summer_radish_vacation!!_2),character,2025
rina_(honeyhoneydukes),artist,2025|2026|2026_06
rina_(rinatan),artist,2025
rina_megakuma_(artist),artist,2025
rina_tachibana,character,2025|2026|2026_06
rina_tachibana_(cosplay),general,2025|2026|2026_06
rinapaints,artist,2025
rinbu-revolution,general,2025
rindou_mikoto_(7th_costume),character,2025
ring_fit_trainee,character,2025|2026|2026_06
ring_fit_trainee_(cosplay),general,2025|2026|2026_06
ring_mouth,character,2025|2026|2026_06
ringo_(touhou)_(bunny),character,2025|2026|2026_06
ringo_ame,artist,2025
ringo_no_usagi_(artist),artist,2025
ringoame_0214,artist,2026|2026_06
ringopaisa,artist,2026|2026_06
ringorosun,artist,2025
rinh,artist,2025|2026|2026_06
rinhachi,artist,2025|2026|2026_06
rini_tachibana_(arumanis_9),character,2025
rinia_dedoldia,character,2025|2026|2026_06
rinia_dedoldia_(cosplay),general,2025|2026|2026_06
rinka_tenkawa,character,2025|2026|2026_06
rinkanechan,artist,2025|2026|2026_06
rinkou_ashelia_(3rd_costume),character,2025
rinlaby,artist,2025|2026|2026_06
rinlei_02,artist,2025
rinn_(shealry),artist,2025|2026|2026_06
rinne_(kouheiramia),artist,2025
rino_(pixiv34748409),artist,2025|2026|2026_06
rino_(valentines)_(princess_connect!),character,2025|2026|2026_06
rinpoo_chuan,character,2025
rinpoo_chuan_(cosplay),general,2025
rinsji_(user_ytam3833),artist,2025|2026|2026_06
rinten_(sarathinpo),artist,2025
rinya_(grimms_notes),character,2025|2026|2026_06
rio,artist,2025
rio-grande,artist,2025
rio-san,artist,2025
rio.lw,artist,2025|2026|2026_06
rio_(bodysuit)_(blue_archive),character,2026|2026_06
rio_(film),copyright,2025
rio_(lio_yuzu),artist,2025|2026|2026_06
rio_rio_1011,artist,2026|2026_06
rio_vadal,character,2025
rioh_sonidori,character,2025
riohazuki97,artist,2025
rion_(sword_girls),character,2025
rion_balthazar,character,2025|2026|2026_06
riot_shotgun,general,2026|2026_06
rip_van_winkle,character,2025
rip_van_winkle_(cosplay),general,2025
ripa,artist,2025
ripcord,general,2025|2026|2026_06
rippling_reverie_jenny,character,2026|2026_06
rirene-rn,artist,2025
riri,character,2025
riri1226nemui,artist,2025
riri_furanshi-hakase,character,2026|2026_06
ririareesuritu,artist,2025
ririkopoke,artist,2026|2026_06
ririo_ku,artist,2025
ririsaurus,artist,2025
riruru,character,2025
risa_humvee,character,2025|2026|2026_06
risebell,character,2025|2026|2026_06
riseko_(ri_se_ko_2),artist,2025|2026|2026_06
rishaku_(user_cuwx8758),artist,2025|2026|2026_06
rishiyo_(mcfa5282),artist,2025|2026|2026_06
rising_hopper,general,2025|2026|2026_06
rising_ixa,general,2025
risokaso,artist,2025
risu-kun_(my_melody),character,2025
risu-kun_(onegai_my_melody),character,2026|2026_06
risukaede,artist,2025
risutaa,artist,2025
rita_mordio_(catgirl_waitress),character,2025|2026
rita_mordio_(catgirl_waitress)_(cosplay),general,2025|2026
rita_rossweisse_(artemis),character,2025|2026|2026_06
riten,character,2025
riteny_azurite_(jacknife),character,2025
ritoru_(little),artist,2025
ritsu_(4994260),artist,2025
ritsu_(roboroboro),artist,2025
ritsuka,character,2025
ritz_(character),character,2025|2026|2026_06
ritz_(re_2n),artist,2025
riuyushi_(ir_uhs),artist,2025
rivals,general,2025
riven_(league_of_legends),character,2025|2026|2026_06
riya_(dawns),artist,2025
riyokusakimori,artist,2025
riyou_(gachiakuta),character,2025
riyu_(gauzama),artist,2025
riyu_(jmvt8232),artist,2025|2026|2026_06
riyu_cott,artist,2026|2026_06
riz_hawkwood,character,2025|2026|2026_06
riza25,artist,2025
rizhi_(xhs_1514118418),artist,2025|2026|2026_06
rizkitsuneki,artist,2025|2026|2026_06
rizu_tada,artist,2025
rizuna_an,character,2025|2026|2026_06
rizzchan,artist,2025
rkgk_iroiro,artist,2025|2026|2026_06
rkgktbr,artist,2025|2026|2026_06
rkin,artist,2025|2026|2026_06
rkk_toaru,artist,2025
rkrk12,artist,2025|2026|2026_06
rla13753,artist,2025
rlaolww,artist,2025
rlavpffl_nak,artist,2025|2026|2026_06
rlsvd_rlsvd,artist,2025
rlyeh,character,2025
rmcbarm,artist,2025
rn.,artist,2025|2026|2026_06
rn_(kicakabe),artist,2025|2026|2026_06
rnerhlrl,artist,2025
rnjs4967,artist,2025
rnoonjelly,artist,2025
rnurkrow,artist,2025
rnz9fvkkicv2jfo,artist,2025
ro-500_(swimsuit_mode)_(kancolle),character,2025
ro96cu,artist,2025|2026|2026_06
ro_busu_ta,artist,2025
roach_(witcher),character,2025|2026|2026_06
roaring_sea_marina_(ensemble_stars!),general,2025|2026|2026_06
robarts_hallway,general,2025
robber's_daughter_tatiana_(grimms_notes),character,2025
robbit_(jumping_flash),character,2025
robbuz,artist,2025
robe_and_wizard_hat,general,2025|2026
robe_tissage,character,2025|2026|2026_06
roberia_(tales),character,2025|2026|2026_06
robert_downey_jr._(cosplay),general,2025
robert_e_lee,character,2025
robet_roxa,artist,2026
robin_(female)_(child)_(fire_emblem),character,2025
robin_(female)_(exalt's_right_hand)_(fire_emblem),character,2025
robin_(female)_(fell_tactician)_(fire_emblem),character,2025
robin_(female)_(fire_emblem),character,2025
robin_(female)_(fire_emblem)_(cosplay),general,2025
robin_(female)_(halloween)_(fire_emblem),character,2025
robin_(female)_(resplendent)_(fire_emblem),character,2025
robin_(female)_(seaside_tactician)_(fire_emblem),character,2025
robin_(female)_(valentine)_(fire_emblem),character,2025
robin_(fire_emblem)_(cosplay),general,2025|2026|2026_06
robin_(male)_(child)_(fire_emblem),character,2025
robin_(male)_(emblem)_(fire_emblem),character,2025
robin_(male)_(exalt's_deliverer)_(fire_emblem),character,2025
robin_(male)_(exalt's_other_half)_(fire_emblem),character,2025
robin_(male)_(fell_reincarnation)_(resplendent)_(fire_emblem),character,2025
robin_(male)_(festive_tactician)_(fire_emblem),character,2025
robin_(male)_(fire_emblem),character,2025
robin_(male)_(fire_emblem)_(cosplay),general,2025
robin_(male)_(groom)_(fire_emblem),character,2025
robin_(male)_(halloween)_(fire_emblem),character,2025
robin_(male)_(resplendent)_(fire_emblem),character,2025
robin_(male)_(valentine)_(fire_emblem),character,2025
robin_chen0419,artist,2025|2026|2026_06
robin_hood_(beasts_under_the_moon)_(fate),character,2025
robin_hood_(disney),copyright,2025
robin_hood_(disney)_(character),character,2025
robin_hood_(disney)_(character)_(cosplay),general,2025
robin_hood_(summer_hunter)_(fate)_(cosplay),general,2025
robin_hood_(tenku)_(grimms_notes),character,2025|2026|2026_06
robin_hood_damashii,general,2025
robina_(robokon),character,2025|2026|2026_06
roboco-san_(11th_costume),character,2025
roboco-san_(sweater_dress),character,2025
roboco-san_(workoutwear),character,2025
roboko_(mahou_shoujo_ni_akogarete),character,2025|2026|2026_06
robokon,copyright,2025|2026|2026_06
robot_girl_(gomulgong),character,2025
robot_krabs_(spongebob_squarepants),character,2025
robowarrior,copyright,2025
roc_chao_ho_(warship_girls_r),character,2025
roca_rourin_(vtuber),character,2025|2026|2026_06
rocb,artist,2025
rocca_1880,artist,2025|2026|2026_06
roci_mello_(naofaro),artist,2025
rock_(ffmq),character,2025
rock_candy_(artist),artist,2025
rock_miyabi,artist,2025
rock_paper_scissors_(show),copyright,2025
rock_pigeon_(kemono_friends),character,2025
rock_pigeon_(kemono_friends)_(cosplay),general,2025
rock_ptarmigan,general,2025|2026|2026_06
rockaroll_haze,artist,2025
rocker_kuma,artist,2026|2026_06
rocket+panda_form_(best_match),general,2025|2026|2026_06
rocket_launcher_waddle_dee,character,2026|2026_06
rocket_raccoon_(bounty_hunter)_(marvel_rivals),character,2025|2026|2026_06
rocket_raccoon_(rocky)_(marvel_rivals),character,2026|2026_06
rocket_raccoon_(wild_winter)_(marvel_rivals),character,2025|2026|2026_06
rockin_stone_(module),general,2025
rockingchair_hero,general,2025|2026
roco_kingdom:world,copyright,2025|2026|2026_06
roco_kingdom:world_official,artist,2026|2026_06
rod,general,2025|2026|2026_06
rod_aran,character,2025|2026|2026_06
rodan_(film),copyright,2025
rodhuff,artist,2025|2026|2026_06
rodney_(battleship),general,2025
rodrigo_borgia,character,2025|2026|2026_06
rodrigoh_(rodrigo0xibalba),artist,2025|2026|2026_06
roduyan_sousaku,artist,2025
roger_i.s.,artist,2025|2026|2026_06
roger_s_huxley,character,2025
rogtbr,artist,2025|2026|2026_06
roguedh,artist,2025|2026
roh_anima,artist,2025
roji_inu,artist,2025
rojiuranoneko,artist,2025|2026|2026_06
roka_suoh,character,2025
rokakaka,general,2025
rokka_(kid_icarus),character,2025
roks_chung_buk_(dd-915),general|character,2025|2026|2026_06
roks_jeong_buk_(dd-916),general|character,2025|2026|2026_06
roku10048_(sanx),artist,2025|2026|2026_06
roku3245,artist,2025
roku_(suzusuzu65972012),artist,2025|2026|2026_06
roku_sakura,artist,2025
rokuban_hoomu_kara_hitoribocchi_ga_hasshashimasu._(voiceroid),copyright,2025
rokudenaru,artist,2025|2026|2026_06
rokudu_sariel,character,2025|2026|2026_06
rokudu_sariel_(cosplay),general,2025|2026|2026_06
rokunichi,artist,2025|2026|2026_06
rokuro,artist,2025
rokuro-kubi,character,2025
rokurou_rangetsu_(suit),character,2025|2026|2026_06
rokuya_(6_ahonoko),artist,2025|2026|2026_06
roky,character,2026|2026_06
roland_(digital_devil_saga),character,2025|2026|2026_06
roland_(ms_pigtails),character,2025|2026|2026_06
role_play,general,2025|2026|2026_06
rollcake,artist,2025
rolled_up,general,2025|2026|2026_06
rolled_up_newspaper,general,2025|2026|2026_06
rolled_up_paper,general,2025|2026|2026_06
roller,general,2025
rolling_girl_(module),general,2025
rolling_thunder_(benghuai_xueyuan),character,2025|2026|2026_06
rollstar,character,2025|2026|2026_06
roma_(halloween_mode)_(kancolle),character,2025
roman_buriki,artist,2025
roman_knock,artist,2025
romance_of_the_three_kingdoms_(video_game),copyright,2025|2026|2026_06
romancing_kamo,artist,2025
romani's_mask,general,2025|2026|2026_06
romani_archaman_(fgo_x_lawson_2020),character,2026|2026_06
romani_clothes,general,2025
romania-chan_(artist),artist,2025
romania_(hetalia)_(original),character,2025
romanian_people's_army,general,2025|2026|2026_06
romantic_61tch,artist,2025
rome35793562,artist,2025|2026|2026_06
romeo,artist,2025|2026|2026_06
romsterar,artist,2025
romulus_quirinus_(fate),character,2025|2026|2026_06
romulus_quirinus_(fate)_(cosplay),general,2025|2026|2026_06
romulus_quirinus_(second_ascension)_(fate),character,2026|2026_06
romulus_quirinus_(supreme_place_of_learning)_(fate),character,2026|2026_06
romulus_quirinus_(third_ascension)_(fate),character,2026|2026_06
rondoline_e_effenberg,character,2025
rondoline_e_effenberg_(cosplay),general,2025
rondon_series,copyright,2025|2026
rongai,artist,2025|2026|2026_06
roni_(loni_0509),artist,2025
ronickenying,artist,2025
ronin_obito,character,2026
roninewt_(user67709653),artist,2025
ronnel_garcia,artist,2025
ronnie,artist,2025|2026|2026_06
ronronner030,artist,2025
rontuta_6,artist,2025
ronzo,artist,2025
roo_boo,artist,2025|2026|2026_06
roocnutfish,artist,2025|2026|2026_06
rooftop_koreans,character,2025|2026|2026_06
roogi_(lanmeil),artist,2025
roogi_tz,artist,2025
rook,character,2025|2026|2026_06
rook_bartley,character,2025
rook_hunt_(birthday_boy),character,2025
room,general,2025
room_service_demon,character,2025
roommate,copyright,2025|2026|2026_06
roosterteeth,copyright,2025
roots_(artist),artist,2025
rope_around_thigh,general,2025|2026|2026_06
rope_swing,general,2025
roped_penis,general,2025|2026|2026_06
ropu_16_(artist),artist,2025
roquefort,general,2026|2026_06
roreena_(shingeki_no_bahamut),character,2025
rororoji_(enpi_shima),character,2026|2026_06
roru_(5viaz8yjoo43874),artist,2026|2026_06
roru_(lol_dessin),artist,2025|2026|2026_06
rosa26rana,artist,2025|2026|2026_06
rosa_(ouji),character,2025|2026|2026_06
rosa_bianca_(module),general,2025
rosa_blue_(module),general,2025
rosa_luno_(module),general,2025
rosa_notte_(module),general,2025
rosabeeart,artist,2025
rosalina_(aurora)_(cosplay),general,2025
rosalina_(tennis_aces),character,2025
rosalina_(ultra_smash),character,2025|2026|2026_06
rosalina_raphaelos,character,2025
rosareah_fe,artist,2025|2026|2026_06
roscoe_(lewis_hamilton),character,2025
rose_(big_roseee),artist,2025
rose_(kamui)_(tales),character,2025|2026|2026_06
rose_(magical_witch_concerto),character,2025
rose_(wonder_lab),character,2025|2026|2026_06
rose_quartz_(species)_(steven_universe),general,2026|2026_06
rose_quartz_soldier,character,2025
rose_quartz_universe,character,2025|2026|2026_06
rose_quartz_universe_(cosplay),general,2025|2026|2026_06
rose_queen,character,2025
rose_queen_(cosplay),general,2025
rose_riverbank_(arknights),character,2025
rose_song,artist,2025|2026|2026_06
rosella,character,2025
rosella_(cosplay),general,2025
roselph,artist,2025
rosemi_lovelock_(2nd_costume),character,2025
rosemi_lovelock_(3rd_costume),character,2025
rosemi_lovelock_(4th_costume),character,2025
rosemon_x,character,2025|2026|2026_06
roseovt_(artist),artist,2025|2026|2026_06
rosetta(obsidian117),artist,2025
rosetta_(guardian_tales),character,2025|2026|2026_06
rosette,character,2025|2026|2026_06
roshuku,character,2025
roshuo,character,2025|2026|2026_06
rosicrucian_story_(ensemble_stars!),general,2025
rosie_(vtuber),character,2025|2026|2026_06
rosie_mist,character,2025
rossi,character,2025|2026|2026_06
rossweisse_(mob_youhei),character,2025
rosu_(ongeki),character,2026|2026_06
rotary_switch,general,2025|2026|2026_06
rotom_drone,character,2025
rotsuduri,artist,2025|2026|2026_06
rotsugame,artist,2025
rottenbuggy,artist,2025|2026|2026_06
rotwang_(tiger_&_bunny),character,2025|2026|2026_06
rou+,artist,2025
roudin_(live_a_hero),character,2025
roudou_zero,artist,2025
rouge_buck,character,2025|2026|2026_06
rouge_the_bat_(rebel),character,2025
round_eyebrows,general,2025|2026|2026_06
round_one,copyright,2025|2026|2026_06
roupo99,artist,2025
roushou,character,2025|2026
route1,artist,2025
rowan_(pokemon),character,2025
rowkiba,artist,2025
rown,character,2025|2026|2026_06
roxy_(fabricant_100),character,2025
roy-bulenda,artist,2025
roy_(artist),artist,2025
roy_(emblem)_(fire_emblem),character,2025|2026|2026_06
roy_(fire_emblem)_(blazing_lion),character,2025
roy_killfe,artist,2025
roy_smee_(delta_force),character,2025|2026|2026_06
royal_academy_of_diavolo_school_uniform,general,2026|2026_06
royal_bitter_juice,general,2025|2026|2026_06
royal_sword_academy_uniform,general,2025
rozalia_osipova_(wlcw),character,2025
rozaliya_olenyeva_(8-bit_fever),character,2025
rozaliya_olenyeva_(fervent_tempo),character,2025
rozaliya_olenyeva_(fervent_tempo)_(cosplay),general,2025
rozu_(serokichi),artist,2025
rpd,general,2025|2026|2026_06
rpp2222222,artist,2025
rpwywy,artist,2026|2026_06
rpx,artist,2026|2026_06
rq_note,artist,2026|2026_06
rra13l,artist,2025|2026|2026_06
rrmm8_2q,artist,2025|2026|2026_06
rrr_gns_(riuriu_1212),artist,2025
rrriinv,artist,2025|2026|2026_06
rrrroch1,artist,2025
rryyhuangyuanwandou,artist,2025
rspbluna,artist,2025
rt26,artist,2025
rt_(magicmachinery),artist,2025
rtas'vatam,character,2025|2026|2026_06
rtms_00,artist,2025
rtsusk09,artist,2025|2026|2026_06
ru-chans,general,2025|2026|2026_06
ru_ichi_rin,artist,2025
ru_no,artist,2025
ru_u_un,artist,2025
ru_wan_chi,artist,2025|2026|2026_06
rubber-soul,artist,2025
rubberlemon,artist,2025|2026|2026_06
rubbing_stomach,general,2025|2026|2026_06
rubella_(pokemon),character,2026
ruben_esquivel_1985,artist,2025
ruberri_00,artist,2026|2026_06
rubewe,artist,2025
rubicon_liberation_front_liaison_(armored_core_vi),character,2025
rubio's_daughter_(arknights),character,2025|2026|2026_06
rubio_(arknights),character,2025|2026|2026_06
rubiscobiscoru,artist,2025
ruby20516,artist,2025
ruby_(species)_(steven_universe),general,2026|2026_06
ruby_cubist,artist,2025|2026|2026_06
rubyrabbits,artist,2025|2026|2026_06
rubyredart,artist,2025|2026|2026_06
rucck2,artist,2025|2026|2026_06
rucheca,character,2025
ruci_misuzawa,artist,2025
rudo_(gachiakuta),character,2025
rudon_moreren,artist,2025
rudy_lemono,character,2025
rudyboxer,artist,2025|2026|2026_06
rue(vrchat),character,2025
ruff-n-tumble,artist,2025
ruff_ruff_shampoo_(shining_nikki),character,2026
rug_beater,general,2025|2026|2026_06
rugby_rumble,copyright,2025
rui's_father,character,2025|2026|2026_06
rui's_mother,character,2025|2026|2026_06
rui_(akmtsr_),artist,2025|2026|2026_06
rui_(user_wyxs8384),artist,2025
rui_ano,artist,2025
ruihill,artist,2025|2026|2026_06
ruili,character,2025
ruinique,artist,2025
ruinoussigil,artist,2025
ruinushiro,artist,2025
ruiruipanda,artist,2025
ruisuke,artist,2025|2026|2026_06
ruki_matsui,artist,2025|2026|2026_06
rukino_(mamorukun_curse!),character,2026|2026_06
rukiruus,artist,2025
rukisan(pixiv),artist,2025|2026|2026_06
rukixl_s,artist,2025|2026|2026_06
rulyuzevcpalyo,artist,2025|2026|2026_06
rum_rum_rumine,artist,2025
rumble_(league_of_legends),character,2025|2026|2026_06
rumi_(heaven_burns_red),character,2025|2026|2026_06
rumi_(sword_girls),character,2025
rumiko_(sabakuuneko),artist,2025|2026|2026_06
ruminasu_sorane,artist,2025
rumy_(gall_force),character,2025
runa_(runanyanart),artist,2025
runa_2513,artist,2025|2026|2026_06
runa_shirakawa,character,2025|2026|2026_06
runaway_girl_(jojo),character,2025|2026|2026_06
runaways,copyright,2025
runba1760,artist,2025
rune,general,2025|2026|2026_06
rune_(video_game),copyright,2025|2026|2026_06
rune_master,character,2025
rune_ocarina,artist,2025
rune_walker,artist,2025|2026|2026_06
runi_burou,character,2025|2026|2026_06
runo_(hachu),artist,2025|2026|2026_06
runoha_0516,artist,2025|2026|2026_06
ruohire9,artist,2025|2026|2026_06
ruosen618121,artist,2026|2026_06
ruoshui_(the_legend_of_luoxiaohei),character,2025|2026|2026_06
ruoyiirano,artist,2025
rupe_png,artist,2025
ruphas_mafahl,character,2025|2026|2026_06
rureeeeeeee8,artist,2025|2026|2026_06
ruri-chan_(niwata0),character,2025
ruri111,artist,2025
ruri_(escalation_heroine),character,2025|2026
ruri_(homore),artist,2025
ruri_(super_ojou-san),character,2025|2026
ruri_dragon,copyright,2025
rurihiko1117,artist,2025
ruruduu1,artist,2025
ruruha_rura,character,2025
ruruna_official,copyright,2025
rushkat_730,artist,2025|2026|2026_06
rusich_group,general,2025|2026|2026_06
rusino_mu,artist,2025|2026|2026_06
ruslan,character,2025
rusmaamhi,artist,2025|2026|2026_06
russel_(pixiv47019236),artist,2025|2026
russell_(end_roll),character,2025|2026|2026_06
russian_ark_(2002_film),copyright,2025
russian_army,general,2025
rusty_lake_(series),copyright,2025
rusuban,artist,2025
rutakun,artist,2025
rutsu_(0141roots),artist,2025
ruvyzvat_(friday_night_funkin'),character,2025|2026|2026_06
ruyu,artist,2025
ruz00141,artist,2025|2026|2026_06
rvfornothing,artist,2025
rwby_ice_queendom,copyright,2025|2026|2026_06
rwk_(11737225),artist,2025
rx-78-2,character,2025
rx-78-2_(cosplay),general,2025
rx78kuroko2,artist,2025|2026|2026_06
rxb029,artist,2025
ryan_(mii),character,2025|2026|2026_06
rydi1689,artist,2025
rye_rrr,artist,2025
ryeol_k_041,artist,2025
ryeon_(bluetom1),artist,2025
ryeon_(gs_oik),artist,2025|2026|2026_06
ryle_hira,artist,2025
rymei,artist,2025
ryno-tenki,artist,2025|2026|2026_06
ryo-suzuki,artist,2025|2026|2026_06
ryo-ta.h,artist,2025
ryo_(ryo_artys),artist,2025
ryo_(user_pgxs3373),artist,2025
ryo_ma999,artist,2025
ryofu,character,2025
ryofu_housen,character,2025|2026|2026_06
ryohgo_narita_(mangaka),artist,2025
ryoito_no_oka,artist,2025
ryoka_miketa,character,2025
ryokasaka,artist,2025|2026|2026_06
ryoko's_talking_room,copyright,2025
ryoma_tazi,artist,2025
ryomou,character,2025
ryomou_(cosplay),general,2025
ryomou_shimei,character,2025|2026|2026_06
ryomou_shimei_(cosplay),general,2025|2026|2026_06
ryonpabunpa,artist,2025
ryosuke1225,artist,2025
ryou_torakawa_(amayadoriya),artist,2025
ryougi_shiki_(second_ascension),character,2025|2026|2026_06
ryougi_shiki_(swimsuit_mooncancer)_(third_ascension),character,2026|2026_06
ryougi_shiki_(third_ascension),character,2025|2026|2026_06
ryouhonn978,artist,2025|2026|2026_06
ryouichi_(everyday_host),character,2026|2026_06
ryouko_(artist),artist,2025
ryouma_(tenku_senki_shurato),character,2025
ryoumen_sukuna,character,2025|2026|2026_06
ryow_(740531380),artist,2025|2026|2026_06
ryow_6,artist,2025|2026|2026_06
ryry_(ryrypeko),artist,2025
ryu_seok,artist,2025|2026|2026_06
ryu_valo,artist,2025
ryugen_yomi,general,2025
ryugo,artist,2025
ryuin,character,2025
ryuji_ohara,artist,2025
ryuki_rider_watch,general,2025
ryusei,artist,2025
ryusei_0o0,artist,2025|2026|2026_06
ryuu_ga_gotoku_(film),copyright,2025
ryuubi,character,2025
ryuubi_gentoku,character,2025|2026|2026_06
ryuuguu_phaser,character,2025
ryuuhou_(swimsuit_mode)_(kancolle),character,2025
ryuuhou_kai_ni_(swimsuit_mode)_(kancolle),character,2025
ryuujou_(2014_christmas_mode)_(kancolle),character,2025
ryuujou_(2015_christmas_mode)_(kancolle),character,2025
ryuujou_kai_ni_(christmas_mode)_(kancolle),character,2025
ryuukishi07,artist,2025
ryuukishi07_(person),character,2025
ryuukishi07_(style),general,2025
ryuukou_(1258698157),artist,2025|2026|2026_06
ryuuma,character,2025
ryuunagi,artist,2025
ryuusei_amanogawa,character,2025
ryuuseikkun,artist,2025|2026|2026_06
ryuuseitai_(ensemble_stars!),general,2025|2026|2026_06
ryuuto_kashima,character,2025|2026|2026_06
ryuzaki_71,artist,2025|2026|2026_06
ryuzin_sei,character,2025
ryxxxxx,artist,2025
ryyr7242,artist,2025|2026|2026_06
ryze,character,2025|2026|2026_06
ryze_(7544),artist,2025|2026|2026_06
ryzeal_deadnader,character,2025
rzx0,artist,2025
s&w_500,general,2025|2026|2026_06
s&w_m&p,general,2025|2026|2026_06
s&w_m&p_r8,general,2025|2026|2026_06
s&w_m10,general,2025|2026|2026_06
s&w_m27,general,2025|2026|2026_06
s&w_m29,general,2025|2026|2026_06
s&w_m36,general,2025
s&w_m39,general,2025|2026|2026_06
s&w_m59,general,2025|2026|2026_06
s&w_m66,general,2025|2026|2026_06
s&w_m76,general,2025|2026|2026_06
s&w_model_3914,general,2025|2026|2026_06
s&w_model_627,general,2025|2026|2026_06
s-bis,artist,2025
s._socrates,artist,2025
s.g.h.,artist,2025
s.joop,artist,2025|2026|2026_06
s.kays,artist,2025
s/b,general,2025|2026|2026_06
s/bg,general,2025|2026|2026_06
s0me,artist,2025
s2_shi,artist,2025
s3dl6e5,artist,2025
s4,artist,2025|2026|2026_06
s4_(user_ggme4322),artist,2025|2026|2026_06
s5ju,artist,2025
s87074877,artist,2025
s88232,artist,2025
s929100nosuke,artist,2025
s_u_r_i,artist,2025
s_upernova,artist,2025
s_willhoite,artist,2025
sa2mori2co_(riko),artist,2025
sa2sugu,artist,2025|2026|2026_06
sa_aoi,general,2025
saba_michinori,artist,2025
sabas_caelus,artist,2025
saber-toothed_cat_(kemono_friends),character,2025
saber_(chinese_ver._5th_anniversary)_(fate),character,2026|2026_06
saber_(class),general,2025|2026|2026_06
saber_(empire_of_dirt),character,2025|2026|2026_06
saber_(fgo_x_google_play)_(fate),character,2026|2026_06
saber_(fgo_x_takarazuka_kinen)_(fate),character,2025|2026|2026_06
saber_(happy_x3_order)_(fate),character,2026|2026_06
saber_(lapis_lazuli_dress)_(fate)_(cosplay),general,2025
saber_(law_of_the_jungle)_(fate),character,2026|2026_06
saber_(over_the_cuckoo's_nest)_(fate),character,2026|2026_06
saber_(pure_night_dress)_(fate)_(cosplay),general,2025|2026|2026_06
saber_(summer_battle_clothes)_(fate)_(cosplay),general,2025|2026|2026_06
saber_(type-moon_racing)_(fate)_(cosplay),general,2025|2026|2026_06
saber_alter_(fgo_fes._2019),character,2025|2026|2026_06
saber_alter_(first_ascension),character,2025|2026|2026_06
saber_alter_(hollow_ataraxia_dress),character,2025
saber_alter_(second_ascension),character,2025|2026|2026_06
saber_alter_(swimsuit_rider),character,2026|2026_06
saber_lily_(festival_outfit)_(fate),character,2025
saber_rider_watch,general,2025
saber_tiger,character,2025|2026|2026_06
sabi-noob,artist,2025
sabi1234,artist,2025|2026|2026_06
sable,general|character,2025|2026|2026_06
saboten_drowpic,artist,2025
saboterian,artist,2025
sabrina_(sabrina_to_muryoku_na_tamashii),character,2026
sabumirinaru,artist,2025|2026|2026_06
sabure_oukoku_no_ouji,character,2025
sabure_oukoku_no_ouji_(cosplay),general,2025
saburouji_ikeda,character,2025
sachi_(kyle_(kysizzle)),character,2025|2026|2026_06
sachi_higasa,character,2025|2026
sachiel_(sachielchen),artist,2025|2026|2026_06
sachiyo,artist,2025
sacred_beast_ehphemero_(grimms_notes),character,2025
sacred_lineage,copyright,2025|2026|2026_06
sacred_saga,copyright,2025|2026
sad81222700,artist,2025
sada_(pokemon),character,2025
sada_(pokemon)_(cosplay),general,2025
sadak0,artist,2025|2026|2026_06
sadakiyo_(doitagade),artist,2025|2026
sade,artist,2025
sae_(asahinasae),artist,2025|2026|2026_06
saegusa_(mimikaki),character,2025
saegusa_akina_(6th_costume),character,2026|2026_06
saenai_boku_ga_kimi_no_heya_de_shite_iru_koto_o_kurasumeito_wa_dare_mo_shiranai,copyright,2025
saenik,artist,2025|2026|2026_06
saeshimi,artist,2025|2026|2026_06
saetitiitan,artist,2025
safari_hat,general,2025|2026|2026_06
safe_mode,general,2025|2026|2026_06
safermii,artist,2025
safiya_(afk_arena),character,2025
saga_(elite_ii)_(arknights),character,2026|2026_06
saga_soraya,artist,2025
sagami_(cookie),artist,2025
sagami_sagari,artist,2025|2026|2026_06
sagami_yoshitsune,artist,2025
sagano_(ganyo),artist,2025
sagiri_(christmas_mode)_(kancolle),character,2025
sagiri_(early_autumn_mode)_(kancolle),character,2025
sagiri_(hinamatsuri_mode)_(kancolle),character,2025
sagiri_(late_autumn_mode)_(kancolle),character,2025
sagiri_(swimsuit_mode)_(kancolle),character,2025
sagiri_(tsuyu_mode)_(kancolle),character,2025
sagiri_(valentine_mode)_(kancolle),character,2025
sagiri_(yukata_mode)_(kancolle),character,2025
sagiri_kai_(swimsuit_mode)_(kancolle),character,2025
sagisawa_reika,character,2025
sagohzo_(ooo_combo),character,2025|2026|2026_06
sahimi777,artist,2025
sahinaro,artist,2026|2026_06
sahiru3060,artist,2025|2026
saho,artist,2025
saho_mikuni,artist,2025
sai_tamako,artist,2025|2026
saico_isshin,artist,2025
saidamoosu,artist,2025|2026|2026_06
saidamoosu_(tree_3m),artist,2025
saido_sleep,artist,2025|2026|2026_06
saiensu_(synthesizer_v),copyright,2025
saiensu_no_yuurei,artist,2025
saifartz,artist,2025|2026|2026_06
saiga_(saiga),artist,2025
saigo,artist,2025|2026|2026_06
saigo_(ip_police_tsuduki_chan),character,2025|2026
saigoku_24,artist,2025|2026|2026_06
saihate_(module),general,2025
saijo_(sakura_no_sekai),character,2025
saijou_claudine_(cosplay),general,2025|2026|2026_06
saika_(18205960021),artist,2025
saika_(sai_ka521),artist,2025
saika_magoichi,character,2025|2026|2026_06
saika_ryougi,artist,2025
saiki_nao,artist,2025
saikin_osen_-_bacterial_contamination_-_(vocaloid),copyright,2025|2026|2026_06
saikorashii,artist,2026|2026_06
saikou-iro_aurora,artist,2025
saikou_yuki,character,2025
saileach_(ambience_synesthesia)_(arknights),character,2025|2026|2026_06
sailieart,artist,2025|2026|2026_06
sailor_(artist),artist,2025
sailor_chemise,general,2025|2026|2026_06
sailorptah,artist,2025
saimin_douga_de_nama_iki_nama_omo_ga_nama_iki_suru_namahousou_~jitaku,copyright,2025|2026|2026_06
saimin_ni_sekai,copyright,2025
saint_(dungeon_and_fighter),character,2025
saint_chiaki,artist,2025
saint_michael,copyright,2025
saintseija,artist,2025
saisai,artist,2025|2026
saisai247,artist,2025|2026|2026_06
saishou,artist,2025|2026|2026_06
saishu_chikan_densha_(series),copyright,2026|2026_06
saiskh,artist,2025|2026|2026_06
saito_(food_court),character,2026|2026_06
saito_chizue,artist,2025
saitobaburu,artist,2025
saitou_aiko_(two22c),artist,2025
saitou_machiko,character,2025|2026|2026_06
saitou_machiko_(cosplay),general,2025|2026|2026_06
saitou_miki,artist,2025
saitou_no_musashibou_benkei,character,2025|2026
saitou_shiori_(pixiv14549321),artist,2025
saji-saji-saji,artist,2025
sajin_(user_pvrm4582),artist,2025|2026|2026_06
sak1_01,artist,2025
sak4018,artist,2025|2026|2026_06
saka_wu_lu_ke_nanmin,artist,2025
sakaagari,artist,2025|2026|2026_06
sakai_kasumi,artist,2025
sakai_natsuo,artist,2025
sakai_tadatsugu,character,2025|2026|2026_06
sakaki_1220,artist,2025
sakaki_mafuyu_(kamiki_fuyu),character,2025|2026|2026_06
sakaki_shounen,artist,2025
sakakibara_yasumasa,character,2025|2026|2026_06
sakakura_juuzou,character,2025
sakamoto-san_(precure_5),character,2025|2026|2026_06
sakamoto0214,artist,2025
sakamoto_ryouma_(lancer)_(fate),character,2025
sakamoto_ryuuji,character,2025|2026|2026_06
sakamoto_ryuuji_(cosplay),general,2025|2026|2026_06
sakamoto_shinn,artist,2025
sakamoto_tatsuko,artist,2025|2026|2026_06
sakamoto_yuu,artist,2025
sakana2434,artist,2025|2026|2026_06
sakana888888888,artist,2025|2026|2026_06
sakana_u_u,artist,2025
sakanagi_(a_r_co_),artist,2025
sakasa_na,artist,2025
sakata_kintoki_(beasts_under_the_moon)_(fate),character,2025
sakata_kintoki_(rider)_(fate)_(cosplay),general,2025|2026|2026_06
sakaya_(tales_of_innocence),character,2025|2026|2026_06
sakayaki_aoi_(tsuki_shiro_aoi),artist,2025
sakazaki_toshina,artist,2025
sakazuki_(akainu),character,2025
sakazuki_(akainu)_(cosplay),general,2025
sake84883051,artist,2025|2026|2026_06
sake_onicure,artist,2025
saki_kiria,character,2025|2026
saki_prskoekaki,artist,2026|2026_06
sakie_(haha_musume_donburi),character,2025|2026
sakigake_cos,artist,2025
sakimiya_kobari,character,2025
sakira_ryou,artist,2025
sakiraku_jiwa,character,2025
sakizome1001,artist,2026|2026_06
sakotoc,artist,2025
sakrabbit,artist,2026|2026_06
saku,artist,2025
saku_(daily),artist,2025
sakuho_lll,artist,2025
sakuma_(yr_0920),artist,2025
sakura_(benghuai_xueyuan),character,2025|2026|2026_06
sakura_(in_full_bloom)_(fire_emblem),character,2025|2026|2026_06
sakura_bakushin_o_(explosive!_quick!_a_flower_storm!)_(umamusume),character,2025|2026|2026_06
sakura_chiyono_o_(hinoshita_kaisan_hana_akari)_(umamusume),character,2026|2026_06
sakura_festival_(ensemble_stars!),general,2025
sakura_mochi_(kanade-8961-uriuri),artist,2025|2026|2026_06
sakura_moon_(module),general,2025
sakura_uta,character,2025
sakura_yuki,character,2025|2026|2026_06
sakura_yuki_(artist),artist,2025|2026|2026_06
sakuraba_nao,artist,2025
sakuraba_yuka,character,2025|2026|2026_06
sakuraba_yuumi_(gibagiba),character,2025|2026|2026_06
sakurabaharu,artist,2025
sakurabakoori,artist,2025|2026|2026_06
sakurada_shiro_(autumn_lite)_(hy_plus),character,2025
sakurada_shiro_(healer_lite)_(hy_plus),character,2025
sakurada_shiro_(idol_lite)_(hy_plus),character,2025
sakurada_shiro_(original_lite)_(hy_plus),character,2025
sakurada_shiro_(royal_lite)_(hy_plus),character,2025
sakurada_shiro_(spring_lite)_(hy_plus),character,2025
sakurada_shiro_(summer_lite)_(hy_plus),character,2025
sakurada_shiro_(winter_lite)_(hy_plus),character,2025
sakurafish,general,2025|2026|2026_06
sakurage11,artist,2025
sakurai_akane_(girlfriend),character,2025
sakurai_muto,artist,2025
sakurai_sakurako_(hitozuma_cosplay_kissa_2),character,2025|2026|2026_06
sakurai_yuuto,character,2025
sakurai_yuuto_(shiromanta),character,2025
sakurai_yuzuna,artist,2025
sakurajousui_suzume,character,2025
sakurako,artist,2025
sakuramori_kaori's_father_(idolmaster),character,2025|2026
sakurane_shouka,character,2025
sakurano_aiko,artist,2025
sakurano_minene,artist,2025
sakuranotsukasa,artist,2025
sakuranp0,artist,2025
sakurapiyo2,artist,2025|2026|2026_06
sakurata_anzu,character,2025|2026
sakurato_aika,character,2025|2026
sakuratsuki_runa,artist,2025|2026|2026_06
sakurazaka_tsuchiyu,artist,2025
sakuritahsuzuki,artist,2025
sakuro_(momobere),artist,2025
sakutaishi,artist,2025
sakutamakuru,artist,2025
sal_viento_bishop_quintus_(arknights),character,2025
salaboten,artist,2025|2026|2026_06
saladbomb,artist,2025
salamander_coral,character,2025
salamander_coral_(cosplay),general,2025
salamandraart,artist,2025
salarryman,artist,2025|2026|2026_06
salefa_(shafowverse),character,2026|2026_06
saleh,character,2025
salem,copyright,2025
sales,general,2025|2026|2026_06
saliva_drip,general,2025
salmon_(657931354),artist,2025|2026|2026_06
salmon_(955),artist,2025
salmon_(artist),artist,2025|2026|2026_06
salmon_(christmas_mode)_(kancolle),character,2025
salmon_(winter_mode)_(kancolle),character,2025
salmon_curry,artist,2025|2026|2026_06
salmonfresh124,artist,2025|2026|2026_06
salpa,artist,2025
salt_(seasoning),artist,2025|2026|2026_06
saltchiyiro105,artist,2025|2026|2026_06
salticidae_(crosscore),character,2026|2026_06
salyut,artist,2025
sam's_mom_(colo),character,2025|2026|2026_06
sam_(totally_spies),character,2025|2026|2026_06
sam_(totally_spies)_(cosplay),general,2025|2026|2026_06
sam_wise,artist,2025
samantha_niz,artist,2025
samay_(brown_dust_2),character,2025|2026|2026_06
samayou_tamashii,character,2025
same_(samefgo),artist,2025|2026|2026_06
same_birthday,general,2025
same_shaoku,artist,2025
samesan_(e2bt3),artist,2025
samidare_gou_(touken_ranbu),character,2025
samira,character,2025|2026|2026_06
samira_(cosplay),general,2025|2026|2026_06
samlatte_(samlatte)_(person),character,2025
samoan_fluff,general,2025|2026|2026_06
samson_(artist),artist,2025
samsoon,artist,2025
samsung_galaxy_(league_of_legends),general,2025
samuel_b._roberts_(haregi_mode)_(kancolle),character,2025
samuel_b._roberts_(swimsuit_mode)_(kancolle),character,2025
samuel_oak,character,2025
samuel_oak_(cosplay),general,2025
samui155,artist,2025
samurai_shou_(meropaka),character,2025
san_(treeplanting),character,2025
san_no_sakura_fuuka_(module),general,2025
san_zashi,artist,2025
sanada_masayuki,character,2025|2026|2026_06
sanada_yukimura,character,2025|2026|2026_06
sanada_yukimura_(cosplay),general,2025|2026|2026_06
sanagi02,artist,2025
sanagi_(sanaginagi_814),artist,2025
sanagi_kenei,character,2025
sananagi2666,artist,2025
sanang,artist,2025
sanaranavt,character,2025|2026|2026_06
sancho_(fate),character,2025
sand_art,general,2025|2026
sand_cat_print,general,2025
sandaime_(doukutsu_monogatari),character,2025
sandaljob,general,2025|2026|2026_06
sandfly_(crosscore),character,2026|2026_06
sandia,artist,2025
sanding,general,2025
sandman,character,2025|2026
sandra_hirschmann,artist,2025
sandy_(tokidoki),character,2025
sanft,artist,2025|2026|2026_06
sang_(bloodredbites),artist,2025
sangcoon,artist,2025
sangekimaru,artist,2025
sangenliu,artist,2025
sango-blep,artist,2025
sango-chan098,artist,2025
sangoku_musou_1,copyright,2025|2026|2026_06
sangoku_romance,copyright,2025
sangpires,artist,2025
sangrde,artist,2025
sanguinarch_(arknights),character,2025
sangwoo's_father,character,2025|2026|2026_06
sangyufeiwanmofeiwanmosang,artist,2025
sanity3519_(user_mvfv4345),artist,2025
saniwanotori,artist,2025|2026|2026_06
sanjou_yukito,character,2025
sankaku_t2,artist,2025
sankichi_hinodeya,artist,2025
sankta,artist,2025|2026
sanmarino016,artist,2025|2026|2026_06
sannanda_kazuma,character,2025
sanne27586774,artist,2025|2026
sannomushi,artist,2025
sannye,artist,2025|2026|2026_06
sano_(s_a_n_o_sino),artist,2025
sano_(sano45726280),artist,2025
sano_(user_tree5724),artist,2025
sano_raito,artist,2025
sanosuke_harada_(hakuouki),character,2025
sansansanen,artist,2025|2026|2026_06
sanshichi_(eytc4832),artist,2025|2026|2026_06
sanshintei_auto,artist,2025
sanshouuo,artist,2025|2026|2026_06
sansurichin,artist,2025
santa_(doukutsu_monogatari),character,2025
santa_(nicoseiga),artist,2025
santa_boots,general,2025
santa_capelet,general,2025
santa_claus_(benghuai_xueyuan),character,2025|2026|2026_06
santa_claus_(cosplay),general,2026|2026_06
santa_gloves,general,2025
santafong_(artist),artist,2025
santarow,artist,2026|2026_06
santiago,artist,2025
santiago_(meme),general,2026|2026_06
santiago_arias_jimenez_(draftgon),artist,2025|2026|2026_06
santushuiyingji,artist,2025|2026|2026_06
sanwu_35,artist,2025
sanya_(kuzuha),character,2025|2026|2026_06
sanzenin_mikado,character,2025
sanzo_teshigahara,character,2025
saori_kudou,artist,2025
saotometaki,artist,2025
sap-fling,character,2025
sapphira_(p&d),character,2025
sapphire69,artist,2025
sapphire_(benghuai_xueyuan),character,2025|2026|2026_06
saprinsk_prinsk,artist,2025
sapulaisimie,artist,2025
sara_(amakano_2),character,2025|2026|2026_06
saraemiii_en,artist,2025|2026|2026_06
sarah_(benghuai_xueyuan),character,2025|2026|2026_06
sarah_(benghuai_xueyuan)_(2),character,2025|2026|2026_06
sarah_(derauea_motto!),character,2025
sarah_(zenless_zone_zero),character,2025|2026|2026_06
sarai_the_battle_maid,copyright,2025|2026|2026_06
sarangkecoa,artist,2025
saraswati,character,2025|2026|2026_06
saraswati_(cosplay),general,2026|2026_06
saratoga_(swimsuit_mode)_(kancolle),character,2025
sard,artist,2025
sareii,artist,2025
sareki_sobaya,artist,2025
sargent_at_arms,general,2025
sarkies,character,2025
sarlynar,artist,2025|2026|2026_06
saru_getchu_3,copyright,2026
saruhara_shinichi,character,2025
saruman_(artist),artist,2025
sarutobi_sasuke,character,2025|2026|2026_06
sarutobi_sasuke_(sengoku_musou),character,2025|2026|2026_06
sarvente_(friday_night_funkin'),character,2025|2026|2026_06
sas-uke-kitty,artist,2025
sas8ak3i,artist,2025|2026|2026_06
sasa_(zcuu3544),artist,2025
sasag_yd2,artist,2025
sasai_(puniru_wa_kawaii_slime),character,2026|2026_06
sasakama16,artist,2025
sasakamakue,artist,2025|2026|2026_06
sasaki83_(ezwt5835),artist,2026|2026_06
sasaki_kanna_(kaedeko),character,2025
sasaki_kanna_(kaedeko)_(cosplay),general,2025
sasaki_kojirou,character,2025|2026|2026_06
sasaki_kojirou_(cosplay),general,2025|2026|2026_06
sasaki_kojirou_(sengoku_musou),character,2025|2026|2026_06
sasaki_miyuki_(kaedeko),character,2025
sasaki_rico_(root_letter),character,2025|2026
sasaki_rico_(voice_actor),character,2025|2026|2026_06
sasakura_ruri,character,2025
sasamekd,artist,2025|2026|2026_06
sasami0413,artist,2025
sasami_(ki),artist,2025
sasami_sarada,artist,2025
sasanagima_itoguchi,artist,2025
sasataeko,artist,2025|2026|2026_06
sasayama_heidayu,character,2025
sash_on_arm,general,2025|2026|2026_06
sashigo_shou,artist,2025
sashimi92708329,artist,2025
saskia_(the_witcher),character,2025
sasori_armor,character,2025
sasquatch,character,2025|2026|2026_06
sasquatch_yeti,character,2025|2026|2026_06
satake_yoshinobu_(sengoku_asuka_zero),character,2025|2026|2026_06
satanen,artist,2025
satang,artist,2025|2026|2026_06
satanslash,artist,2025
satchoo,artist,2025
sateno,artist,2025
satiinreirasu3512,artist,2025|2026|2026_06
sato-san_(yewang19),character,2025|2026|2026_06
sato3_pix,artist,2025
sato_(satosute),artist,2025
sato_masahiro,artist,2025
satoakiamatatsu,artist,2025|2026|2026_06
satoko_hatomori,artist,2025
satomi_isao_(gibagiba),character,2025|2026|2026_06
satomi_kagemitsu_(gibagiba),character,2025|2026|2026_06
satomi_kiyo_(gibagiba),character,2025|2026|2026_06
satomi_mitsu_(gibagiba),character,2025|2026|2026_06
satomi_saki_(gibagiba),character,2025|2026|2026_06
satomi_yoshiyasu,character,2025
satori,artist,2025|2026|2026_06
satori_(escalation_heroine),character,2025
satori_nova,character,2025
satoru_no_haha,character,2025
satorunoktomezo,artist,2026|2026_06
satoshi_shiki,artist,2025
satou_(danganronpa),character,2025
satou_(kopanda),artist,2025
satou_(shiromanta),character,2025
satou_aoi_(seihatanai_kimi_to_boku),character,2026|2026_06
satou_chiharu,artist,2025
satou_erina,character,2025|2026|2026_06
satou_tarou,character,2025|2026|2026_06
satou_yoko_(the_fable),character,2025
satowmrmr,artist,2025|2026|2026_06
satsuki_(yayoi_maka),character,2025
satsuki_atan_(artist),artist,2025
satsuki_ouhara,character,2025
saucy_aussy,artist,2026|2026_06
sausages_(sall),artist,2025
sava_k_zeos_(duel_masters),character,2025
savage_(three_hundred_meters_underground)_(arknights),character,2025
save_data_de_koi_o_shite_mita,copyright,2025
savior_cat,character,2025
sawa_keine,general,2025|2026|2026_06
sawa_ryousuke,artist,2025|2026|2026_06
sawada_tomomi,artist,2025
sawada_yukio_(artist),character,2026|2026_06
sawagiri_(jmsdf),general,2025|2026|2026_06
sawamatsu,artist,2025
sawamura_shouma,character,2025
sawarano_goan,artist,2025
sawatari_koko,character,2025
sawysawy,artist,2026|2026_06
saya_no_ura,artist,2025
sayaka_(ponkichi),artist,2025
sayaka_(slayer_dramonz),character,2026|2026_06
sayaka_echizen,character,2025|2026|2026_06
sayama_saho_(gibagiba),character,2025|2026|2026_06
sayama_youtarou_(gibagiba),character,2025|2026|2026_06
sayamiya,artist,2025
sayav44,artist,2025|2026|2026_06
sayay-vanilla,artist,2025
sayo_50_is_dead,artist,2025
sayo_tanku,artist,2025
sayu_(user_tefx3855),artist,2026|2026_06
sayunara,artist,2025
sayuu_(weibo_7407091722),artist,2025
sayville,artist,2025
sazaesan,artist,2025
sazanami_(autumn_mode)_(kancolle),character,2025
sazanami_(christmas_mode)_(kancolle),character,2025
sazanami_(round_one)_(kancolle),character,2025|2026|2026_06
sazanami_(swimsuit_mode)_(kancolle),character,2025
sazaofqueen,artist,2025|2026
sazetsu,artist,2025
sb2c-1c_helldiver,character,2025
sca-ji,artist,2025
scale_background,general,2026|2026_06
scalegif,artist,2025
scallop_(weda7333),artist,2026|2026_06
scandinavia_peperoncino_(grail_league)_(fate),character,2025
scapula,general,2025
scar_on_breasts,general,2025|2026|2026_06
scar_on_feet,general,2025|2026|2026_06
scar_on_groin,general,2025|2026|2026_06
scar_on_hands,general,2025|2026|2026_06
scar_on_thighs,general,2026|2026_06
scarameowchw,artist,2026|2026_06
scare,general,2025
scarecrow_(batman),character,2025|2026|2026_06
scarecrow_(batman)_(cosplay),general,2025|2026|2026_06
scarecrow_(twooz),character,2025
scarecrow_(twooz)_(cosplay),general,2025
scaredy-shroom_(plants_vs_zombies),character,2025
scarle_yonaguni_(2nd_costume),character,2025|2026|2026_06
scarle_yonaguni_(3rd_costume),character,2025|2026|2026_06
scarle_yonaguni_(4th_costume),character,2025|2026|2026_06
scarle_yonaguni_(5th_costume),character,2026|2026_06
scarle_yonaguni_(6th_costume),character,2026|2026_06
scarlet46lu,artist,2025
scarlet_(module),general,2025
scarlet_knight_(granblue_fantasy),character,2025|2026|2026_06
scarlett_(benghuai_xueyuan),character,2025|2026|2026_06
scathach_(swimsuit_assassin)_(fate)_(cosplay),general,2025|2026|2026_06
scathach_skadi_(fate),character,2025|2026|2026_06
scathach_skadi_(fate)_(cosplay),general,2025|2026|2026_06
scathach_skadi_(festival_outfit)_(fate),character,2025|2026|2026_06
scathach_skadi_(fgo_fes._2022)_(fate),character,2025|2026|2026_06
scathach_skadi_(first_ascension)_(fate),character,2026|2026_06
scathach_skadi_(maidens'_luncheon)_(fate),character,2026|2026_06
scathach_skadi_(second_ascension)_(fate),character,2025|2026|2026_06
scathach_skadi_(swimsuit_ruler)_(fate),character,2025
scathach_skadi_(swimsuit_ruler)_(fate)_(cosplay),general,2025
scathach_skadi_(swimsuit_ruler)_(final_ascension)_(fate),character,2025|2026|2026_06
scathach_skadi_(swimsuit_ruler)_(first_ascension)_(fate),character,2025|2026|2026_06
scathach_skadi_(swimsuit_ruler)_(second_ascension)_(fate),character,2025|2026|2026_06
scathach_skadi_(swimsuit_ruler)_(third_ascension)_(fate),character,2025|2026|2026_06
scathach_skadi_(third_ascension)_(fate),character,2025|2026|2026_06
scathach_skadi_(under_the_same_sky)_(fate),character,2025|2026|2026_06
scathach_skadi_(welcome_to_the_traveling_circus!)_(fate),character,2026|2026_06
scathach_skadi_(welcome_to_the_travelling_circus!)_(fate),character,2025
scaverle_(mao),artist,2025|2026|2026_06
scdk,artist,2025
scerg,artist,2025
scha,artist,2025
scharnhorst_(zhan_jian_shao_nyu),character,2025
schlecht_the_defiant_soul,character,2026|2026_06
schnee_tan,artist,2025|2026|2026_06
schneewittchen,character,2025
schneewittchen_(cosplay),general,2025
school_(module),general,2025|2026|2026_06
school_boy_(pokemon),character,2025
school_girl_(pokemon),character,2025
school_jersey_(module),general,2025
school_trip_(ensemble_stars!),general,2025
school_uniform_cammy,character,2025|2026|2026_06
school_uniform_parka_(module),general,2025
schwartz,character,2025
schwarz_(ambience_synesthesia)_(arknights),character,2025|2026|2026_06
sciel_(clair_obscur:_expedition_33),character,2026|2026_06
sciel_(clair_obscur:_expedition_33)_(cosplay),general,2026|2026_06
scintillada_(infinity_nikki),character,2025|2026|2026_06
scion_(warzard),character,2026|2026_06
scirocco_(halloween_mode)_(kancolle),character,2025
scirocco_(tsuyu_mode)_(kancolle),character,2025
scissor-lift_mouth,character,2025|2026|2026_06
scissors_(module),general,2025
scoobandshag,artist,2025
scooby-doo_(character),character,2025|2026|2026_06
scooby-doo_(character)_(cosplay),general,2025|2026|2026_06
scorpio_z1112,artist,2025
scott_silvia,character,2026
scout_cavalry_(aoe2),character,2025
scp-3232-1,artist,2025|2026|2026_06
scp12022n,artist,2025
scrapper,character,2025|2026|2026_06
screen_door,general,2025|2026|2026_06
screen_pov,general,2025|2026|2026_06
scribz-ag24,artist,2025|2026|2026_06
scriptorium.,artist,2025|2026
scroll_of_the_elements_(ensemble_stars!),general,2025
scross,general,2025
scrub,general,2025
scrubs,copyright,2025
scruffed,general,2025
scruffiberri,artist,2026|2026_06
scrunkly_(rin_penrose),character,2025
scturkv0921,artist,2025|2026|2026_06
scumworkz,artist,2025
scywax,artist,2025
scyze,artist,2025
sd-sos,artist,2025|2026|2026_06
sd_gundam_g-generation,copyright,2025|2026|2026_06
sd_gundam_g-generation_cross_rays,copyright,2025|2026|2026_06
sd_gundam_g-generation_ds,copyright,2025|2026|2026_06
sd_gundam_g-generation_eternal,copyright,2025|2026|2026_06
sd_gundam_g-generation_f,copyright,2025|2026|2026_06
sd_gundam_g-generation_wars,copyright,2025|2026|2026_06
sd_gundam_g_generation:_monoeye_gundams,copyright,2025|2026|2026_06
sda0825,artist,2025
sdf_(pixiv_22645843),artist,2025|2026
sdkay,artist,2025
sdt,artist,2025
se,general,2025
se.a,artist,2025
se_jun_kim,artist,2025
sea-shroom_(plants_vs_zombies),character,2025
sea_bunny_girl_(gomulgong),character,2025
sea_cucumber_boy,general,2025|2026|2026_06
sea_fairy_cookie_(dead_trident_of_the_abyss),character,2025
sea_lily_(module),general,2025
seabed_stars,artist,2025
seacatscrying,artist,2025|2026|2026_06
seal_cub,general,2025|2026|2026_06
seal_lover420,artist,2025|2026|2026_06
sean_kao,artist,2025
seasonanimes,artist,2025
seasons_of_love_(ensemble_stars!),general,2025|2026|2026_06
seat,general,2025|2026|2026_06
sebastian_(dokidoki!_precure),character,2025|2026|2026_06
sebastian_(pervyseby),artist,2025
sebin_13,artist,2025
sechi_reina,character,2025
sechna21,artist,2025
secondary_0000,artist,2025|2026|2026_06
secret_potion,general,2025
secretary,general,2025|2026|2026_06
secretlaser,artist,2025
section_paper,general,2025|2026|2026_06
sedan,artist,2025
sedr3777,artist,2025
see-through_bag,general,2025|2026|2026_06
see-through_garter,general,2025
see-through_wings,general,2025
see_through_skirt,general,2025
seed_vtuber,copyright,2025|2026|2026_06
seeking_the_pearl_(yell_that_changed_the_world)_(umamusume),character,2025|2026|2026_06
seele_vollerei_(apho),character,2026|2026_06
seele_vollerei_(mirrored_flourishes)_(cosplay),general,2025
seele_vollerei_(starchasm_nyx)_(cosplay),general,2025
seele_vollerei_(stygian_nymph)_(cosplay),general,2025
seele_vollerei_(swallowtail_phantasm)_(cosplay),general,2025
seena,artist,2025
seere,character,2025
seeuagain5353,artist,2026|2026_06
sega_(segavt),artist,2025|2026|2026_06
sega_lucky_lottery_mascot_doll,general,2026|2026_06
segawithcapcom,artist,2025|2026|2026_06
segoe_script_(font),general,2025
segumaburio,artist,2025
sei5osuzuki,artist,2025|2026|2026_06
sei_(sei9292a),artist,2025|2026|2026_06
sei_shounagon_(swimsuit_berserker)_(fate),character,2025
sei_shounagon_(swimsuit_berserker)_(fate)_(cosplay),general,2025
seia,artist,2025
seidou_high_school_jacket,general,2026|2026_06
seigi_suzuka,artist,2025
seiichi_iori,character,2026|2026_06
seiji_m,artist,2025
seijyohu,artist,2025
seimeisei_shindoroumu_(vocaloid),copyright,2025
seimen_kongou,character,2025|2026|2026_06
seirakun3,artist,2025
seiran_(touhou)_(bunny),character,2025|2026|2026_06
seiren_(suite_precure),character,2025|2026|2026_06
seirogan101,artist,2025|2026|2026_06
seiryuu_engetsutoh_(phantom_of_the_kill),character,2025
seishou_music_academy_uniform,general,2025|2026|2026_06
seiten_taisei,character,2025
seito_school_private_high_school_uniform,general,2025|2026|2026_06
seitokai_07,artist,2025
seitokai_nimo_anawa_aru!,copyright,2025
seiun_sky_(let's_dye_the_country_red_tomorrow)_(umamusume),character,2025
seiun_sky_(soiree_de_chaton)_(umamusume),character,2025|2026|2026_06
seiyoku,copyright,2025
seiyunn,artist,2025
sejoon_kim,artist,2025
sejuani,character,2025|2026|2026_06
sekai_yusuke,artist,2025|2026|2026_06
sekiguchi_miiru,artist,2025
sekirara_lovesong,character,2025|2026|2026_06
sekirara_lovesong_(cosplay),general,2026|2026_06
sekkusu,artist,2025|2026|2026_06
selarium37,artist,2025
selehyme,artist,2025|2026
selen_tatsuki_(2nd_costume),character,2025
selen_tatsuki_(3rd_costume),character,2025
selen_tatsuki_(4th_costume),character,2025
selen_ter,artist,2025
selena_(akashic_chronicle),character,2025|2026|2026_06
selena_(benghuai_xueyuan),character,2025|2026|2026_06
selena_(gomulgong),character,2026|2026_06
selene_(the_skeleton),character,2025
selever_(friday_night_funkin'),character,2025|2026|2026_06
self-portrait_with_grey_felt_hat,copyright,2025
self-propelled_anti-aircraft-gun,general,2025|2026|2026_06
self-propelled_gun,general,2025|2026|2026_06
self_borrowed_hairstyle,general,2025
self_breast_sucking,general,2025
self_edit,meta,2025|2026
self_exposure,general,2025
selfie_prank_(meme),general,2025
selia,character,2025
seliph_(respledent)_(fire_emblem),character,2025
selline_(trickcal),character,2025|2026|2026_06
semen_kept_inside,general,2025
semi-acoustic_guitar,general,2025
semimaru_(user_zzuy5884),artist,2025|2026|2026_06
semine_shenmu,artist,2025
semiu_(gachiakuta),character,2025
sen_(pixiv),artist,2025
sen_(sen42724788),artist,2025
sen_(sen_x_x_x_x_sen),artist,2025|2026|2026_06
sen_fang,artist,2025
sen_no_rikyuu,character,2025|2026|2026_06
sena_(d3cbc6),artist,2025
sena_(jcwe4828),artist,2025|2026|2026_06
sena_milk,artist,2025|2026
sena_tea29,artist,2025
sena_tsuwabuki,character,2025
senadina_(cocoon_of_unwoven)_(honkai_impact),character,2025
senadina_(deepspace_anchor:_first_light)_(honkai_impact),character,2025
senadina_(honkai_impact),character,2025
senattll,artist,2025
senba_(592683801),artist,2025
senba_(ikisia4423),artist,2025
sendai_(swimsuit_mode)_(kancolle),character,2025
sendo_atsushi,character,2025
senedesumusu-saik0-20o8,artist,2026|2026_06
sengatsushi_otowa,artist,2025
sengekimaru,artist,2025
seni_(artist),artist,2025
senichi-kun,artist,2025
senji_muramasa_(night_parade_of_one_hundred_demons)_(fate),character,2025
senjougahara_chichi,character,2025|2026|2026_06
senjougahara_pose,general,2025
senkou_hanabi_dan,general,2025
senlly_2507,artist,2025|2026|2026_06
senna_(league_of_legends),character,2025|2026|2026_06
sennin_suro-ra_ifu,copyright,2025
seno,artist,2025
senpaigen101,artist,2025|2026|2026_06
senra_spiral,artist,2025
sensei_ga_oshiete_ageru,copyright,2025|2026|2026_06
sensei_wu,character,2025|2026|2026_06
senseiarts,artist,2025
senshionart,artist,2025
sensor,general,2025
sensor_ray,general,2025
sensui_n2,artist,2025
sentai_red_ga_isekai_de_boukensha_ni_naru,copyright,2025|2026|2026_06
sentakubasami1,artist,2025
sententia_(senhariko),artist,2025|2026
sentret9660,artist,2025
senz_(vtuber)_(2nd_costume),character,2026|2026_06
senz_(vtuber)_(3rd_costume),character,2026|2026_06
senzaemon_nakiri,character,2025|2026|2026_06
seong-hui,character,2025
seonsaengnim_(player),character,2025|2026|2026_06
seoxys6,artist,2025
separated_arms,general,2025|2026|2026_06
separated_legs,general,2025|2026|2026_06
separated_wrists,general,2025|2026|2026_06
september_393,artist,2025
sepyu,artist,2025|2026|2026_06
sequoia_(yumekui_merry),character,2025
sera_(avelaka11),character,2025|2026|2026_06
sera_(mankai_kaika),character,2025
sera_(stikwafer),artist,2025
serafuku_no_mannaka,copyright,2025
serafy_(sacred_ground),character,2025|2026|2026_06
seraph_eden,character,2025|2026|2026_06
seraph_zion,character,2025
seraphim_(ff6),character,2025|2026|2026_06
seraphine_(escalation_heroine),character,2025|2026
seraphine_(league_of_legends),character,2025|2026|2026_06
seraphine_(league_of_legends)_(cosplay),general,2025|2026|2026_06
seraphy_(honey_trap_share_house),character,2025
seraphyfether,artist,2025
seras_yanagida_lilienfeld,character,2025
sere_fe_ren,artist,2025
serenity,character,2025
serenity0712,artist,2025|2026|2026_06
serere_inato,artist,2025
sergey,artist,2025
sergey_(ms_pigtails),character,2025|2026|2026_06
sergiart,artist,2025
seri_(vtuber),character,2025
serie,artist,2025
seriousbreakfesttime,artist,2025
serizane-chan_(paru_rari),character,2025|2026|2026_06
serpentires,artist,2025|2026|2026_06
seruti_(benghuai_xueyan),character,2025|2026|2026_06
serval_print,general,2025
servant_of_unkilling,character,2025
servenerve,artist,2025
sesami,artist,2025
seseri_(cosplay),general,2025|2026|2026_06
sessyoin_kiara_(swimsuit_mooncancer),character,2025
sessyoin_kiara_(swimsuit_mooncancer)_(cosplay),general,2025
seto_(elie_39),artist,2025
setsu_dan_kanja,general,2025
setsubun_festival_(ensemble_stars!),general,2025
setsudankanja,general,2025
setsuka_(skip_beat!),character,2025|2026|2026_06
setsuna_(fft-0),character,2025
setsuna_aka,artist,2025|2026|2026_06
setsuro,artist,2025|2026
sett_(league_of_legends),character,2025|2026|2026_06
setz_(person),character,2025
seulraimbbang,artist,2025|2026|2026_06
seven_(corea0918),artist,2025|2026|2026_06
seven_association_(identity)_(project_moon),general,2025
seven_stars_(benghuai_xueyuan),character,2025|2026|2026_06
sevenfivefive,artist,2025
sevie1505,artist,2026|2026_06
sexy_pudding_(module),general,2025
sfgxtmuklt26547,artist,2025
sfv_story_cammy,character,2026|2026_06
sg-1000,character,2025|2026|2026_06
sgalawave,artist,2025|2026|2026_06
sghrm6ma,artist,2025
sgmt_proxy,artist,2025|2026|2026_06
sgn,artist,2025
sgt_syunkai2_(myyards),artist,2025|2026|2026_06
shachi_(artist),artist,2025
shachihiko_(nabe_project),artist,2025
shaco,character,2025|2026|2026_06
shaco_(cosplay),general,2025|2026|2026_06
shado,general,2025
shadow-shana,artist,2025
shadow0911,artist,2026|2026_06
shadow71580825,artist,2025|2026|2026_06
shadow_(cid_kagenou),character,2025|2026|2026_06
shadow_(cid_kagenou)_(cosplay),general,2025|2026|2026_06
shadow_aegis,character,2025|2026|2026_06
shadow_milk_cookie_(female),character,2026|2026_06
shadow_peashooter_(plants_vs_zombies),character,2025
shadow_ranger,character,2025
shadow_wing_(pgr),general,2026|2026_06
shadow_x_(cardbot),character,2026
shadowcat,character,2025
shadowgazer,copyright,2025
shady_(trickcal),character,2026|2026_06
shaeru,character,2025|2026|2026_06
shahubot,artist,2025
shakariki_sports_level_3,general,2025|2026|2026_06
shakenikomi_purin,artist,2025
shakna_lilibell_(grimms_notes),character,2026|2026_06
shakna_lilibell_(original)_(grimms_notes),character,2026|2026_06
shakra,character,2025
shalitamary,artist,2026|2026_06
shallt,artist,2025
shalterr02,artist,2025
shalunishka,artist,2025|2026|2026_06
shalwar_kameez,general,2025
shaman_(tvzm2787),artist,2025
shambler-chan,character,2025
shame,general,2025
shamoji_(shimasshu),artist,2025|2026|2026_06
shamu,character,2025
shamumani,artist,2025|2026|2026_06
shan_hai_jing,copyright,2025|2026|2026_06
shan_ji_jing_wu_(sngktry),artist,2025
shan_tongtong,artist,2025
shana_(lod),character,2025|2026
shana_(the_legend_of_dragoon),character,2025|2026
shananoteikoku,artist,2025
shangguanwanyu,artist,2025
shanghai.exe_(game),copyright,2025
shanghaidraws,artist,2025
shangtiansi,artist,2025|2026|2026_06
shanguang_wan'er_(wangzhe_rongyao),character,2025|2026|2026_06
shanhou40015,artist,2025
shanqianqian_317,artist,2025|2026|2026_06
shanrihe,artist,2026|2026_06
shao129049,artist,2025|2026|2026_06
shards_of_time:_black_(ensemble_stars!),general,2025|2026|2026_06
shards_of_time:_white_(ensemble_stars!),general,2025|2026|2026_06
shared_artificial_vagina,general,2025|2026|2026_06
sharimeshi,artist,2025
shark-of-the-sky,artist,2025
shark7035,artist,2025|2026|2026_06
shark_fiend_(chainsaw_man),character,2026
shark_girl_(gomulgong),character,2025
sharoa(_riiri_&amp;_runa),artist,2025
sharon_(iris_mysteria!),character,2025
sharon_(shinigami_bocchan_to_kuro_maid),character,2026|2026_06
sharp_dagger,general,2025
sharp_eyes,general,2025
sharuru_(dokidoki!_precure),character,2025|2026|2026_06
sharuru_(dokidoki!_precure)_(cosplay),general,2025|2026|2026_06
sharuru_(dokidoki!_precure)_(human),character,2025|2026|2026_06
sharyn_(bkb),character,2025|2026|2026_06
shasa_-_lagi_ngomis,artist,2025|2026|2026_06
shasha_(trickal),character,2026|2026_06
shatikutiku,artist,2025
shatola's_mother_(granblue_fantasy),character,2025|2026|2026_06
shaton_(marchen_awakens_romance),character,2026|2026_06
shatoooooo_taxi,artist,2025
shattered,general,2025|2026|2026_06
shauta_(ooo_combo),character,2025|2026|2026_06
shaw_(ambience_synesthesia)_(arknights),character,2025|2026|2026_06
shawarma,general,2025
shax_lead,character,2025
shay-ki_fullalove,artist,2025
she_(hachinuki_tetsuyo),character,2026|2026_06
she_diao_ying_xiong_zhuan,copyright,2025
shea,character,2025|2026|2026_06
sheairkuaki,artist,2025
shechuguaguabagaban,artist,2025|2026|2026_06
sheep45851358,artist,2025
sheepa_illust,artist,2025
sheepeva,artist,2025
sheepkill,artist,2025|2026
sheeps_365,artist,2026|2026_06
sheet_bite,general,2025|2026|2026_06
sheffield_(christmas_mode)_(kancolle),character,2025
sheina_michiko,artist,2025
sheisamelina,artist,2025|2026
sheiyue,artist,2025
shelia_(benghuai_xueyuan),character,2025|2026|2026_06
shelob_(legendarium),character,2025
shen_(league_of_legends),character,2025|2026|2026_06
shen_(league_of_legends)_(cosplay),general,2025|2026
shen_art,artist,2025|2026|2026_06
shen_jian_(new_gods:_yang_jian),character,2025
shen_lanzhou,character,2025
shendeyingzi101,artist,2025
shenhe_(frostflower_dew)_(genshin_impact)_(cosplay),general,2025|2026|2026_06
shenme_shihou_huilai_zai_gaiming,artist,2025
shenmeshihoujiehun343,artist,2026|2026_06
shennong_(summer)_(housamo)_(cosplay),general,2025|2026|2026_06
shenzi_(lion_king),character,2025
sherman_(egnk2525),artist,2025|2026|2026_06
sherry_n_cherry,general,2025
sherry_n_cherry_(idolmaster),general,2026|2026_06
sherry_whalm_(grimms_notes),character,2025
sherryl_kamelot,character,2025
sheryn_(comodomodo),character,2025
sheya_tin,artist,2025|2026|2026_06
shez_(female)_(fire_emblem),character,2025
shez_(female)_(fire_emblem)_(cosplay),general,2025
shez_(female)_(snowfield_envoy)_(fire_emblem),character,2025
shez_(female)_(summer)_(fire_emblem),character,2025
shez_(fire_emblem),character,2025
shez_(male)_(dual_sword_master)_(fire_emblem),character,2025
shez_(male)_(fire_emblem),character,2025
shez_(male)_(summer)_(fire_emblem),character,2025
shi4_cos,artist,2025|2026|2026_06
shi_(eepigfofrpb0mf3),artist,2025
shi_association_(identity)_(project_moon),general,2025
shi_huang_di_(chinese_ver._5th_anniversary)_(fate),character,2026|2026_06
shi_suo_bu_shi_suo_de_na_zhi_zhi,artist,2025|2026|2026_06
shi_wan_ge_leng_xiaohua,copyright,2025|2026|2026_06
shi_zhi_you_xing_sgirlk,artist,2026|2026_06
shi_zumii,artist,2025
shiang_sun,character,2025|2026|2026_06
shiba_(sbrk_koo),artist,2025
shibacha206,artist,2025|2026|2026_06
shibai,character,2025|2026|2026_06
shibai_chuutatsu,character,2025|2026|2026_06
shibainuwp06,artist,2025|2026|2026_06
shibakarezduc3372,artist,2025
shibamae_(hachinuki_tetsuyo),character,2026|2026_06
shibamata_tooya,artist,2025
shibarishuu,artist,2025
shibata_katsuie,character,2025|2026|2026_06
shibi56,artist,2025|2026|2026_06
shibori_(siborizome),artist,2025
shibou_yuugi_de_meshi_o_kuu,copyright,2025|2026|2026_06
shibuya_sakae,artist,2025
shichigatsu_no_tamashii_telomere_ga_tsukiru_made,copyright,2026|2026_06
shichimi_(pixiv_20961417),artist,2025|2026|2026_06
shida_(mairimashita!_iruma-kum),character,2025
shidashida,artist,2025
shiden_kai_(kancolle),character,2025
shido_(steins;gate),character,2025
shien,artist,2025
shieri_(syerii),artist,2025
shifu,character,2025
shifuu_(busou_teikoku),artist,2025|2026|2026_06
shigatsu_ichinichi_(f41co_),artist,2025
shige_(shiromanta),character,2025
shigeru_don,artist,2025
shigokin_(baller4jesus27),artist,2025|2026|2026_06
shiguang_gongzhu,copyright,2025|2026|2026_06
shigure_(kimi_to_yumemishi),character,2025
shigure_(kure)_(kancolle),character,2025
shigure_(resplindent)_(fire_emblem),character,2025
shigure_ui_(vtuber)_(1st_costume),character,2025|2026|2026_06
shigure_ui_(vtuber)_(2nd_costume),character,2025
shigure_ui_(vtuber)_(casual),character,2025|2026|2026_06
shigure_ui_(vtuber)_(masterpiece),character,2026|2026_06
shigure_ui_(vtuber)_(summer_uniform),character,2026|2026_06
shigure_ui_(vtuber)_(taito),character,2025|2026|2026_06
shigure_ui_(vtuber)_(young),character,2025|2026|2026_06
shigurene,artist,2025|2026|2026_06
shiho_katahira,character,2025|2026|2026_06
shiida_kei_(negikakkom),artist,2025
shiina_(shi_na073),artist,2025
shiina_(user_ecjx4545),artist,2025|2026|2026_06
shiina_(vuurrood),artist,2025|2026|2026_06
shiina_kokomi_(cosplay),general,2025|2026|2026_06
shiina_misuzu,character,2025|2026|2026_06
shiina_niki_(atoz),character,2025|2026
shiina_niki_(yummy_treasure),character,2025|2026|2026_06
shiina_saya,character,2025|2026|2026_06
shiina_tsumugi,character,2025
shiirafish,artist,2025|2026|2026_06
shiisa_(megami_tensei),character,2025
shiitake_(dojimarollchan),artist,2025
shiitake_(ypww8324),artist,2025
shijiediyikeaide_gg,artist,2025
shijiubashuazi,artist,2025
shijiuyueliolb,artist,2025
shika_tsuki,character,2025|2026|2026_06
shikabashi_joxx,artist,2025
shikami,artist,2025
shiki_syunga,artist,2026
shikibe_kagari,character,2025
shikinami_(yukata_mode)_(kancolle),character,2025
shikinnsonn,artist,2025|2026|2026_06
shikisimayu,artist,2025|2026|2026_06
shikkui_kenta,artist,2025|2026|2026_06
shikkuro69,artist,2025|2026|2026_06
shikure,artist,2025
shima_sakon,character,2025
shimabara_elena's_brother_(idolmaster),character,2025
shimabara_elena's_mother_(idolmaster),character,2025
shimaidon_(sex),general,2025|2026|2026_06
shimajirou,copyright,2025|2026|2026_06
shimakaze_(swimsuit_mode)_(kancolle),character,2025
shimanakao_(shimanaka_sushi),artist,2025
shimanie,artist,2025|2026|2026_06
shimano_square_(font),general,2025
shimanto,artist,2025
shimaru_saitou,character,2025
shimasa_(vutu8277),artist,2026|2026_06
shimasato,artist,2025
shimazu.,artist,2025|2026|2026_06
shimazu_toyohisa,character,2025|2026|2026_06
shime_52631,artist,2025
shimesaba_(nrve7443),artist,2025
shimi_ye,artist,2025|2026|2026_06
shimizu_(shiromanta),character,2025
shimizu_art,artist,2025
shimizu_ayaka,character,2025
shimizu_keiichiro,artist,2025
shimizudani_ryuuka's_mother,character,2025
shimokasa_miho,artist,2025
shimomoto,artist,2025|2026|2026_06
shimotsuki_i,artist,2025|2026|2026_06
shimpei_itoh,artist,2025
shin-chan_(evangelion),character,2025|2026|2026_06
shin08840819,artist,2025
shin_(shin19861004),artist,2025|2026|2026_06
shin_dohan,artist,2025|2026|2026_06
shin_ra_ra,artist,2025|2026|2026_06
shin_yama3,artist,2025
shina_(star_ocean),character,2025|2026|2026_06
shina_kopa,artist,2025
shinaa,artist,2025
shinakou@skeb,artist,2026|2026_06
shinba233,artist,2025|2026|2026_06
shindoi_(yuiyui316),artist,2025
shindou_(artist),artist,2025
shineka,artist,2025
shingen_takeda_(sengoku_otome),character,2025
shingyoku_(female),character,2025|2026|2026_06
shingyoku_(male),character,2025|2026|2026_06
shinichiro_ushijima,artist,2025
shining_(ambience_synesthesia)_(arknights),character,2025|2026|2026_06
shining_assault_hopper,general,2025
shinji's_fapping_hand_(meme),general,2025|2026|2026_06
shinjirhcp,artist,2025
shinjirou_kusakabe,character,2025
shinmai,character,2025|2026|2026_06
shinn_kunchi_kun,artist,2025
shinna_(user_zfuz4288),artist,2025
shino-puchihebi,artist,2025
shino-san,artist,2025
shino_(msmu3888),artist,2025
shino_(phantasy_star_online),character,2025|2026|2026_06
shino_(shino054),artist,2025
shino_(ulularts),character,2026|2026_06
shino_hajime_(bogie_time),character,2025|2026|2026_06
shino_hajime_(chocolat_fes),character,2025|2026|2026_06
shino_hajime_(detective),character,2025|2026|2026_06
shino_hajime_(halloween),character,2025|2026|2026_06
shino_hajime_(new_start_go),character,2025|2026|2026_06
shino_hajime_(postal_delivery),character,2025|2026|2026_06
shino_hajime_(starfes),character,2025|2026
shino_hazuki,character,2025
shino_nome,artist,2025
shinobi_refle:_senran_kagura,copyright,2025|2026|2026_06
shinobu_tanei,artist,2025
shinobu_wo,artist,2025|2026|2026_06
shinobutanei02,artist,2025
shinodage,artist,2025
shinoe_shuko,character,2026|2026_06
shinogi,artist,2026
shinokumata_beru,character,2026|2026_06
shinonome_kaikou,artist,2025
shinonome_tsumugi,character,2025
shinonome_tsumugi_(agatsuma_tsukumo),character,2025|2026|2026_06
shinonomemayoyo,artist,2025|2026|2026_06
shinota_(qiaozeshao),artist,2025|2026|2026_06
shinotsuki6,artist,2025|2026|2026_06
shinryuu_(final_fantasy),character,2025
shinsekai_-strange_new_world-_(ensemble_stars!),general,2025
shinsha_(tensei_shitara_slime_datta_ken),character,2025
shinsou_midna,artist,2025
shinsuke,artist,2025
shintaro-mk2,artist,2025
shintaro_(honmaguro),artist,2025
shintaro_kido,character,2025
shiny_(module),general,2025
shinya_hoiku,artist,2025
shinyuu_ni_sukinahito_ga_dekitarashi,copyright,2025
shiodanu39,artist,2025
shiokaze_sango,artist,2025
shiomemo,artist,2025
shiomi_(pixiv_87958749),artist,2025
shion-san,artist,2025
shion_(abysmal),character,2025
shion_(ai_no_utagoe_wo_kikasete),character,2025
shion_(benghuai_xueyuan),character,2025|2026|2026_06
shion_(heaven_burns_red),character,2025|2026|2026_06
shion_(tensei_shitara_slime_datta_ken),character,2025
shion_(tensei_shitara_slime_datta_ken)_(cosplay),general,2025
shiore,artist,2025
shiosaba,artist,2025
shiozakana,artist,2025
ship's_figurehead,general,2025|2026|2026_06
ship_class_connection,general,2025
ship_name,general,2025|2026|2026_06
shippai,character,2025|2026|2026_06
shiqi_17,artist,2025
shira_lapin,artist,2025
shirabe_narumi,character,2025|2026|2026_06
shirahama_kouta,artist,2025
shirairye,artist,2025
shiraishi_(yume_wo_kanaeru_zou),character,2025
shirakami_fubuki_(11th_costume),character,2026|2026_06
shirakami_fubuki_(8th_costume),character,2025
shirakami_fubuki_(aristocrat_kei),character,2025
shirakawa_(420),artist,2025|2026|2026_06
shirakawa_akari,character,2025
shirakawa_sacura,character,2025|2026|2026_06
shirakawaui,artist,2026|2026_06
shirakumo_(yukata_mode)_(kancolle),character,2025
shiranaishi,artist,2025
shiranome,artist,2025
shiranui_(autumn_mode)_(kancolle),character,2025
shiranui_(jmsdf),general,2025|2026|2026_06
shiranui_(siranuiw),artist,2025|2026|2026_06
shiranui_flare_(4th_costume),character,2025
shiranui_flare_(casual),character,2025
shiranui_kai_ni_(autumn_mode)_(kancolle),character,2025
shiraru1117,artist,2025|2026|2026_06
shiratama_(user_thsg2257),artist,2025|2026|2026_06
shiratamaya8,artist,2025
shirato_mine,character,2025
shiratori_(atfs8447),artist,2026|2026_06
shiratori_aira_(sparkle)_(ensemble_stars!),character,2025|2026|2026_06
shiratori_kurumi,character,2025|2026|2026_06
shiratsuyu_(autumn_mode)_(kancolle),character,2025
shirayuki_(shi_rayu_ki),artist,2026|2026_06
shirayuki_tomoe_(10th_costume),character,2025
shirayuki_tomoe_(11th_costume),character,2025
shirayuki_tomoe_(12th_costume),character,2025
shirayuki_tomoe_(2nd_costume),character,2025
shirayuki_tomoe_(3rd_costume),character,2025
shirayuki_tomoe_(4th_costume),character,2025
shirayuki_tomoe_(5th_costume),character,2025
shirayuki_tomoe_(6th_costume),character,2025
shirayuki_tomoe_(7th_costume),character,2025
shirayuki_tomoe_(8th_costume),character,2025
shirayuki_tomoe_(9th_costume),character,2025
shirayuki_touko_(power_pro),character,2025|2026|2026_06
shire,general,2025|2026|2026_06
shirekichi-kun-san,artist,2025
shiren_koto_no_tora_(love_live!),general,2026|2026_06
shiretto_sugee_koto_iteru_gal._-_shiritsu_para_no_marukoukou_no_nichijou,copyright,2025
shiri_(film),copyright,2025
shirikon,artist,2025
shirley_(wallace_and_gromit),character,2025
shiro_(acheng),artist,2025
shiro_(castle),artist,2025
shiro_(shin-chan),character,2025|2026|2026_06
shiro_hunter,artist,2025
shiro_kitsune_(showtime1122),artist,2025
shiro_kuma_shake_(vtuber),character,2025
shiro_madoi,artist,2025
shiro_ta,artist,2025
shiro_tamaaa,artist,2025
shirobei_tokitomo,character,2025
shirogami_keita_(koshika_rina),character,2025|2026|2026_06
shirogane_(silverway),artist,2025
shirogane_noel_(7th_costume),character,2025
shirogane_noel_(9th_costume),character,2026|2026_06
shiroganeya,artist,2025|2026
shirogon_(original),character,2025
shiroha,artist,2025
shirohebi-sama,character,2025|2026|2026_06
shirohebi_(younger)_(mon-musu_quest!),character,2026|2026_06
shirohitoishi,artist,2025|2026|2026_06
shiroi_ou,artist,2025
shiroi_panya,artist,2025
shirokagi_tsukito,artist,2025
shiroko,artist,2025|2026|2026_06
shiroko_(shiroko011),artist,2025
shiromantou,artist,2025|2026|2026_06
shiromeahi,artist,2026|2026_06
shiromomo,artist,2025
shirona_(amenomurakumo26),artist,2025
shirone25,artist,2026|2026_06
shironism,artist,2025|2026|2026_06
shirota55555,artist,2025
shirota_reito,character,2025
shirotoma,artist,2025
shirotsuki_shirone,artist,2025|2026|2026_06
shiroxillust,artist,2026|2026_06
shirt_carry,general,2025|2026|2026_06
shirt_garters,general,2025
shirt_grab,general,2025|2026|2026_06
shirt_over_dress,general,2025|2026|2026_06
shirtcat,character,2025|2026|2026_06
shiruko,artist,2025
shiruru,character,2025|2026|2026_06
shisanka_(mirisuraimu),artist,2025
shisgigami_leona_(7th_costume),character,2026|2026_06
shishamo_(rsd),artist,2025
shishan979_(seleneebai),artist,2025|2026|2026_06
shishanhecaomushi,artist,2025|2026|2026_06
shishi_(kuroear99),artist,2025
shishi_gundam_(sd_gundam),character,2025|2026|2026_06
shishido_seira,character,2025|2026|2026_06
shishiilol,artist,2025|2026|2026_06
shishio_(artist),artist,2025
shishiouin-hime,character,2025|2026|2026_06
shishiro_botan_(casual),character,2025
shishou_(doragyurosu),artist,2025|2026|2026_06
shiso_leaf,general,2025
shisui_(5830217),artist,2025|2026|2026_06
shisui_michiru_(michiru_1.0)_(phase_connect),character,2025|2026|2026_06
shisui_michiru_(michiru_2.0)_(phase_connect),character,2025|2026|2026_06
shisui_michiru_(phase_connect),character,2025|2026|2026_06
shitai,character,2025|2026|2026_06
shitajiki,general,2025|2026|2026_06
shitou_arisa,character,2025
shitsuji,character,2025|2026|2026_06
shittysurges,artist,2025|2026|2026_06
shiuka,artist,2025|2026|2026_06
shiva_(meikyuu_jin_dababa),character,2025
shivaroushi,artist,2025|2026|2026_06
shiver_(unused_grand_festival_outfit)_(splatoon),character,2025
shiyu_jingzhe,artist,2025
shizaki,artist,2025|2026|2026_06
shizong_renkou,artist,2025|2026|2026_06
shizuka_(escalation_heroine),character,2025|2026|2026_06
shizuka_rin_(10th_costume),character,2025|2026|2026_06
shizuka_rin_(11th_costume),character,2025|2026|2026_06
shizuka_rin_(12th_costume),character,2025|2026|2026_06
shizuka_rin_(13th_costume),character,2025|2026|2026_06
shizuka_rin_(14th_costume),character,2025|2026|2026_06
shizuka_rin_(15th_costume),character,2025|2026|2026_06
shizuka_rin_(2nd_costume),character,2025|2026|2026_06
shizuka_rin_(3rd_costume),character,2025|2026|2026_06
shizuka_rin_(4th_costume),character,2025|2026|2026_06
shizuka_rin_(5th_costume),character,2025|2026|2026_06
shizuka_rin_(6th_costume),character,2025|2026|2026_06
shizuka_rin_(7th_costume),character,2025|2026|2026_06
shizuka_rin_(8th_costume),character,2025|2026|2026_06
shizuka_rin_(9th_costume),character,2025|2026|2026_06
shizukoart,artist,2025
shizuku_(sizuku_yasasisa),artist,2025
shizumii,artist,2025
shizuru's_mom,character,2025|2026|2026_06
shizuru_(valentines)_(princess_connect!),character,2025|2026|2026_06
shlim84049504,artist,2025
sho_(rpo),character,2025
sho_(sho_lwlw),artist,2025|2026|2026_06
sho_ill,artist,2025
sho_shinjo_(battle_arena_toshinden),character,2025|2026
shocacao72,artist,2025
shock_troopers_second_squad,copyright,2025|2026|2026_06
shoco_(sco_labo),artist,2025|2026|2026_06
shoe_on_penis,general,2026|2026_06
shoejob,general,2025|2026|2026_06
shogayuzukosho,artist,2025
shogo_(4274732),artist,2025|2026|2026_06
shogun_megazord,character,2025
shokatsuryou,character,2025
shokatsuryou_(cosplay),general,2025
shokatsuryou_koumei,character,2025|2026|2026_06
shoko_(escalation_heroine),character,2025
shokorate,artist,2025|2026|2026_06
shokuyoukei,artist,2025
shonan_pandora,character,2026
shooow17,artist,2026|2026_06
shooter_gamer_level_1,general,2025|2026|2026_06
shooter_gamer_level_2,general,2025|2026|2026_06
shooter_gamer_level_3,general,2025|2026|2026_06
shooting_star_festival_(ensemble_stars!),general,2025|2026|2026_06
shootingstar_masa,artist,2025|2026|2026_06
shop_clerk_(brown_dust_2),character,2025|2026|2026_06
shopkeeper_(league_of_legends),character,2025|2026|2026_06
shores,general,2025|2026|2026_06
short_(lout),artist,2025
short_earrings,general,2025
short_sidelocks,general,2025
short_sidetail,general,2025|2026|2026_06
short_socks,general,2025
shot_put,general,2025
shot_riser,general,2025
shota-kun_(sky-freedom),character,2025|2026|2026_06
shou-xing,artist,2025|2026|2026_06
shou_oota,character,2025
shouga_(hiramememe),artist,2025
shouhei_usami,character,2025
shouhou_(tsuyu)_(kancolle),character,2025
shouichi_makise,character,2025
shoujingu,artist,2025|2026|2026_06
shoukaku_(christmas_mode)_(kancolle),character,2025
shoukyou,character,2025
should-two,artist,2025|2026|2026_06
shoulder_cape,general,2025
shoulder_grab,general,2025|2026|2026_06
shoulder_stock,general,2025|2026|2026_06
shouma_(1026syoma),artist,2025
shounan_adela,character,2025|2026|2026_06
shounen_(ever_17),character,2025
shounen_jump+,copyright,2025|2026|2026_06
shounen_maid_kuro_kun,copyright,2025|2026
shouye_emo,artist,2025
showcard_gothic_(font),general,2025
shredder_(2003),character,2025
shredder_(2012),character,2025
shredder_(80s),character,2025
shredder_(idw),character,2025
shredder_(mirage_comics),character,2025
shredder_(movie),character,2025
shri,artist,2025
shrike,character,2025
shrimp_dumpling,general,2025|2026|2026_06
shrimpbimbab,artist,2026|2026_06
shrinking_violet_(plants_vs_zombies),character,2025
shro_kotobuki,artist,2025
shrouded_nerscylla,character,2025
shrumal_warrior,character,2025
shsk,artist,2025
shu,artist,2025|2026|2026_06
shu_yayi,artist,2026|2026_06
shuan_420,artist,2026|2026_06
shuang_qingan,artist,2025
shuang_xiyu,artist,2025|2026|2026_06
shuchen_li,artist,2025
shueron,character,2025|2026|2026_06
shugo_(desire-drive),artist,2025
shugoma_mary,character,2026
shui_zhi_pingshi,artist,2025|2026|2026_06
shuijulei,artist,2025|2026|2026_06
shuilanlan_(roco_kingdom:world),character,2026
shuimu_maobu,artist,2025
shuishitidu,artist,2025
shuixiaozi,artist,2025
shuiyuanxia,artist,2025|2026|2026_06
shuka26,artist,2025
shuka_(sennen_sensou_aigis),character,2025
shukure_(dmrngs),artist,2025|2026|2026_06
shukurin,artist,2025|2026|2026_06
shumari_(copyright),copyright,2025
shun_soku,artist,2025|2026|2026_06
shuna_(tensei_shitara_slime_datta_ken),character,2025
shuna_(tensei_shitara_slime_datta_ken)_(cosplay),general,2025
shunichi,artist,2025|2026|2026_06
shunmei,character,2025
shunsuke_aioka,artist,2025
shunsuke_mama_(re:kinder),character,2025
shunzhiyuanweiji92252,artist,2025
shur,artist,2025
shuriduruu,artist,2025
shuro_(trickcal),character,2026|2026_06
shut_(go!_princess_precure),character,2025|2026|2026_06
shut_(go!_princess_precure)_(cosplay),general,2025|2026|2026_06
shutdownee,artist,2025
shuten_douji_(festival_outfit)_(fate)_(cosplay),general,2025|2026|2026_06
shuten_douji_(musou_orochi),character,2025|2026|2026_06
shutendoji691,artist,2025
shuttisss,artist,2025|2026|2026_06
shuu_4_de_heya_ni_asobi_ni_kuru_shou_akuma_girl_haku_bittake!,copyright,2025
shuuko,artist,2025|2026|2026_06
shuumatsu_no_sugoshi_kata,copyright,2025
shuunaswiss,artist,2025
shuutai,character,2025
shuuyu,character,2025
shuvi_(no_game_no_life),character,2025|2026|2026_06
shuvi_(no_game_no_life)_(cosplay),general,2025|2026|2026_06
shuvi_(shuvi1027),artist,2025
shuxiuxiao31244,artist,2025
shuxuelianxi,artist,2026|2026_06
shuyuu_koukin,character,2025|2026|2026_06
shwlg,artist,2025
shycaracal,artist,2025|2026|2026_06
shykactus,artist,2025
shylvania,artist,2025|2026|2026_06
shyne,character,2025
shyotoku_taishi,character,2025|2026
shyshortcake,artist,2026|2026_06
shyvana,character,2025|2026|2026_06
si_(sitisi_28),artist,2025|2026|2026_06
si_fei_ju_quan,artist,2025
si_pu_luo_lin_de_yin_you_shi_ren,artist,2025
si_tu_ming_ling,artist,2025|2026|2026_06
si_xiang,general,2025|2026
sib_(grssg),artist,2025
sibata,artist,2025
sibi_(character),character,2025|2026|2026_06
sibuxiang_(yu_shou_yan),character,2025
sibyl_of_the_waterwyrm,character,2025
side-eyed,general,2025
side-tie,general,2025|2026|2026_06
side_horn,general,2025
side_slit_pants,general,2026|2026_06
side_tie_dress,general,2025
side_tilt,general,2025|2026|2026_06
side_winder,character,2025|2026|2026_06
sidelocks_onee-san_(sky-freedom),character,2025|2026|2026_06
siden,artist,2025
sidewalk_chalk_drawing,general,2025
sidraxiii,artist,2025|2026|2026_06
siege_(elite_ii)_(arknights),character,2026|2026_06
siegfried_(benghuai_xueyuan),character,2025|2026|2026_06
siegfried_(megami_tensai),character,2025|2026|2026_06
siegfried_(super_cool_biz)_(fate)_(cosplay),general,2025
siegfried_(sword),general,2025|2026|2026_06
sieka_(hoyolab),artist,2025
sienna_(gaia),character,2025
siera,artist,2025
siesamon_x,character,2025|2026|2026_06
sig_sg553,general,2025
sigilism,general,2025
sigisaki,artist,2025
sigmacatdilemma,artist,2025
signboard,general,2026|2026_06
sigurd_(emblem)_(fire_emblem),character,2025|2026|2026_06
sigure0210,artist,2025
siho0203,artist,2025
siiiiiiiiiii,artist,2025|2026|2026_06
siiotuu,artist,2025|2026|2026_06
siji_de_gou,artist,2026|2026_06
sikel,artist,2025
siki,artist,2025|2026|2026_06
siko_nyorai,artist,2025
sikorsky_s-51,general,2025
sikorsky_s-55,general,2025
sikosapi,artist,2026|2026_06
sikuku,artist,2025
silbia_coll,character,2025
silelelelele,artist,2025
silence_(ambience_synesthesia)_(arknights),character,2025|2026|2026_06
silence_(module),general,2025
silence_suzuka_(umabi),character,2025|2026|2026_06
silent_voice_(module),general,2025
silhoutte_andersen_(grimms_notes),character,2025
silkworm_moth,general,2025
silltare,artist,2025|2026|2026_06
silly_bra,general,2025
silly_marron,artist,2026|2026_06
sillyfish000,artist,2025
silmaril,artist,2025
silva_(fortress_girl),character,2025|2026|2026_06
silver5,artist,2025
silver_(benghuai_xueyuan),character,2025|2026|2026_06
silver_(ou-sama_no_propose),character,2025
silver_(twisted_wonderland),character,2025
silver_(twisted_wonderland)_(cosplay),general,2025
silver_background,general,2025
silver_bow,artist,2025
silver_buttons,general,2026|2026_06
silver_footwear,general,2025
silver_piercing,general,2025|2026|2026_06
silver_ranger,character,2025
silver_sapphire,artist,2025
silver_tide_dream_(shining_nikki),character,2025
silver_wolf_(critter_pick)_(honkai:_star_rail),character,2025
silver_wolf_(samsung)_(honkai:_star_rail),character,2025|2026|2026_06
silverteahouse,artist,2025
silvervale_(4th_costume),character,2025
silvia_piquet,character,2025|2026|2026_06
silvie_(sword_girls),character,2025
silvina,general,2025
silvris155,artist,2025|2026|2026_06
silvy_sparky,character,2025|2026|2026_06
sim,general,2025
sima,artist,2025
sima_(exavalon00),artist,2025|2026|2026_06
sima_yi_(sangoku_hime),character,2025
sima_zhao,character,2025
simekirikowai,artist,2025|2026|2026_06
simon_hintermann,artist,2025|2026|2026_06
simonboxer,artist,2025
simone_ferriero,artist,2025
simong_(zpvf3542),artist,2025|2026
simplebeam,artist,2025|2026|2026_06
simulated_cigarette_kiss,general,2025|2026|2026_06
simulator,general,2026|2026_06
sin-24,artist,2025|2026|2026_06
sin-tastein,artist,2025
sin11111,artist,2025
sin81713,artist,2025
sinclair's_father_(limbus_company),character,2025|2026
sinder_(vtuber)_(1st_costume),character,2025
sinder_(vtuber)_(2nd_costume),character,2025
sinder_(vtuber)_(3rd_costume),character,2025
sinder_(vtuber)_(archangel),character,2025|2026|2026_06
sinder_(vtuber)_(demon_form),character,2025|2026|2026_06
sinder_(vtuber)_(old_design),character,2025|2026|2026_06
sinder_(vtuber)_(pyro_pajamas),character,2025|2026|2026_06
sinder_(vtuber)_(sinder_2.0),character,2025|2026|2026_06
sing_&_smile!!,general,2026|2026_06
singed,character,2025|2026|2026_06
singfor_hmmc8522,artist,2025
singintheraiin,artist,2025
single_arm_hug,general,2025|2026|2026_06
single_bun,general,2025
single_ear_down,general,2025|2026|2026_06
single_scoop,general,2025
singleplayerz,character,2025
sinhalite,artist,2025|2026|2026_06
sinister,general,2025
sink_(urakata_honpo),artist,2025
sinkerrrqaq,artist,2026|2026_06
sinko,artist,2025
sino-vietnamese_war,general,2025
sinsekai_studio,copyright,2025
sinser_(99535),artist,2025|2026|2026_06
sinyo_budi,artist,2025
sio_beyond,artist,2025
sion_(league_of_legends),character,2025|2026|2026_06
sion_(sword_girls),character,2025
sion_0d1m,artist,2025
sir_robin_the-not-quite-so-brave-as-sir-lancelot,character,2025
sira_(chinjuunight),artist,2025
siraboshi,artist,2025|2026|2026_06
sirakaba,artist,2025
sirako,artist,2025|2026|2026_06
sirayuki,artist,2025
siren_(devilman),character,2025
siren_(module),general,2025
siren_(stretch_panic),character,2025|2026
siren_new_translation,copyright,2025|2026|2026_06
sires_r_black,artist,2025|2026|2026_06
sirin_(miracle_magical_girl)_(cosplay),general,2025
sirius_enjoliao,artist,2025|2026|2026_06
sirius_romaneeconti,character,2026|2026_06
sirizter,artist,2025
siro_nui81,artist,2026|2026_06
siroisa_4613,artist,2025
siromisouemon,artist,2025|2026|2026_06
sironekomia1,artist,2025
sirwogdog,artist,2025
sishi_nuomi_ge_gugu_jiao,artist,2025
sissela_kyle,character,2025|2026|2026_06
sissela_kyle_(cosplay),general,2025|2026|2026_06
sissi_(film),copyright,2025
sister-in-law,general,2026|2026_06
sister-in-law-chan_(ramchi),character,2025
sister_mackillop,character,2025
sister_teto_(meme),general,2025
sisters_of_silence,character,2025
sistine_(motto!_haramase!_honoo_no_oppai_isekai_ero_mahou_gakuen!),character,2025
sitonai_(third_ascension)_(fate)_(cosplay),general,2025
sitri_(fire_emblem),character,2025|2026|2026_06
sitri_(fire_emblem)_(cosplay),general,2025|2026|2026_06
sitting_between_lap,general,2025|2026|2026_06
sitting_in_flower,general,2025|2026|2026_06
sitting_on_books,general,2025|2026|2026_06
sitting_on_throne,general,2025|2026|2026_06
sitting_on_tree_stump,general,2025
situ_lv,character,2025|2026|2026_06
siu_mei,general,2025|2026|2026_06
sivir,character,2025|2026|2026_06
sivir_(cosplay),general,2025|2026|2026_06
sivvvf,artist,2025
sixthpaledot,artist,2025|2026|2026_06
siyer_(siyeyeyeyer),artist,2025
siyrgr,artist,2025
siyuan169,artist,2025|2026
sjxbshxbd,artist,2025|2026|2026_06
sk_99xx,artist,2025|2026|2026_06
ska56756,artist,2025|2026|2026_06
skabetty1997,artist,2025
skaditya,artist,2025
skarameru,artist,2025|2026|2026_06
skarner,character,2025|2026|2026_06
skchkkooo,artist,2025
skcj8225,artist,2025
ske_tigridia,artist,2026|2026_06
skeletonshorse,artist,2025
skfuu,artist,2025
skhorosho,artist,2025
ski_lift,general,2025|2026|2026_06
skia_(neverness_to_everness),character,2026|2026_06
skill_hunter_tekuni_chan,copyright,2025|2026|2026_06
skin-covered_tail,general,2025
skin_request,meta,2025
skinky_slein,artist,2025|2026|2026_06
skinkyslein,artist,2025|2026
skinless,general,2025|2026|2026_06
skinny_legs,general,2025|2026|2026_06
skiox_art,artist,2025
skirmisher,character,2025
skirt_grab,general,2025|2026|2026_06
skizze,artist,2025|2026|2026_06
skk_sakaka,artist,2025
skomnk,artist,2025|2026|2026_06
skorua,artist,2025
skripa,artist,2025
skuld_(benghuai_xueyuan),character,2025|2026|2026_06
skull_(laitumidane),character,2025
skull_cap,general,2025
skull_mammon,character,2025
skull_nsfw,artist,2025
skullman,character,2025
sky1ruins,artist,2025|2026|2026_06
sky_one,general,2025
sky_sphere,artist,2025
sky_type_(ultra_series),general,2025
skye_(harvest_moon),character,2025|2026|2026_06
skyla29,artist,2025|2026
skyrail,artist,2025|2026|2026_06
slagtoth_(armor),general,2025
slang_14754049,artist,2026|2026_06
slapping_own_ass,general,2026|2026_06
slashed_background,general,2025
slate_plate,general,2026|2026_06
slave_gear,general,2026|2026_06
slave_trader,character,2025|2026|2026_06
slavicman6,artist,2025
slayer0fgod,artist,2025
slayer_(dungeon_and_fighter),character,2025
slayer_dramonz,artist,2025|2026|2026_06
slayton_underhall,artist,2025
sledge_bros,character,2026|2026_06
sleep_(artist),artist,2025|2026|2026_06
sleepfool,artist,2025
sleeping_beauty,copyright,2025
sleeping_beauty_(character),character,2025
sleeping_beauty_(character)_(cosplay),general,2025
sleeping_on_breasts,general,2025
sleepingnes1,artist,2026|2026_06
sleepy7tz,artist,2026|2026_06
sleepy_(mu68968),artist,2025|2026|2026_06
sleepy_kaslana,artist,2025
sleepy_project,character,2025
sleepyash,artist,2025
sleeve_grab,general,2025|2026|2026_06
sleeveless_blazer,general,2025|2026|2026_06
sleeveless_leotard,general,2025
sleeveless_turtleneck_bodysuit,general,2025
sleeveless_turtleneck_dress,general,2025
sleeveless_turtleneck_leotard,general,2025
sleeveless_turtleneck_shirt,general,2025
sleeveless_turtleneck_sweater,general,2025
sleeveless_vest,general,2025|2026|2026_06
sleeves_past_elbows,general,2025
sleii-no-baka,artist,2025
sleinyeswownc,artist,2025|2026|2026_06
slime_background,general,2026
slime_girl_(gomulgong),character,2025
slime_kouhai,artist,2025
slimer,character,2025|2026|2026_06
slimshadyta,artist,2025
slitherhen,character,2025
sliver_(magic_the_gathering),general,2025
sloth_(kemono_friends),character,2025|2026|2026_06
slumber_(benghuai_xueyuan),character,2025|2026|2026_06
slurp,general,2025
sm9969776593,artist,2025
small_ghoul,character,2025
small_pupils,general,2025|2026|2026_06
small_white_sugar,artist,2025
smaller_male,general,2025
smart_falcon_(just_in_time!?_uma<3dol)_(umamusume),character,2025|2026|2026_06
smart_falcon_(umamusume)_(candid_shot_between_the_waves),character,2025
smash_(artist),artist,2025
smelt_(crosscore),character,2026|2026_06
smexyvibutt,artist,2025
smi_op,artist,2025
smile_smile_ship_start,general,2025|2026
smileyfaceorg,artist,2025
smiling_embassies,artist,2025
smiling_face_emoji,general,2025
smith_&_wesson_1006,general,2025
smith_&_wesson_685,general,2025
smith_luke,character,2026
smittt34,artist,2025|2026|2026_06
smm_gb,artist,2025|2026|2026_06
smokey_quartz_(steven_universe),character,2025
smoky_quartz_(personification),character,2025
smoky_thrill,general,2025
smol-smol-baby,artist,2025
smolder_(league_of_legends),character,2025|2026|2026_06
smolpoff,artist,2025
smooch,artist,2025
smoxul,artist,2025|2026|2026_06
smtst,artist,2025
smutjegc,artist,2025
snackdang,artist,2025
snake-eye_ash,character,2025
snake-eyes_damned_dragon,character,2025
snake_woman,character,2025|2026|2026_06
snap_pea_(plants_vs_zombies),character,2025
snaph,artist,2026|2026_06
snark,character,2025|2026|2026_06
snart-tnk,artist,2025|2026
snch_11,artist,2026|2026_06
sneakery4,artist,2025|2026|2026_06
snek_(terupancake),character,2025
snezhinka:_sentinel_girls_2,copyright,2025
snezhinka_(marfusha),character,2025
snookie,character,2025
snooze,artist,2025|2026
snow-fredel,artist,2025|2026|2026_06
snow_(benghuai_xueyuan),character,2025|2026|2026_06
snow_(module),general,2025|2026|2026_06
snow_frill,character,2025
snow_globe_(ensemble_stars!),general,2026|2026_06
snow_goggles,general,2025|2026|2026_06
snow_hmrn,artist,2025
snow_moon_syndra,character,2025
snow_moon_zed,character,2025
snow_on_hood,general,2025
snow_pea_(plants_vs_zombies),character,2025
snow_white,copyright,2025
snow_white_(grimm),character,2025
snow_white_(grimm)_(cosplay),general,2025
snow_white_and_the_seven_dwarfs,copyright,2025
snow_writing,general,2025|2026|2026_06
snowdolphinnnn,artist,2025|2026|2026_06
snowflakes-shaped_pupils,general,2026|2026_06
snowha_0101,artist,2025|2026|2026_06
snowkatt101,artist,2025
snowlight_candy,artist,2025|2026|2026_06
snowlily,artist,2025
snowliy9212,artist,2026|2026_06
snowolf111,artist,2025|2026|2026_06
snowstorm,general,2025
snuffy_(vtuber)_(1st_costume),character,2025|2026|2026_06
snuffy_(vtuber)_(avatar_of_death),character,2025|2026|2026_06
snuffy_(vtuber)_(old_design),character,2025|2026|2026_06
snuffy_(vtuber)_(pegasus),character,2025|2026|2026_06
snuffy_(vtuber)_(smilfy),character,2025|2026|2026_06
snuffy_(vtuber)_(smilfy_2.0),character,2025|2026|2026_06
snya_ko,artist,2025
so2mizura,artist,2025
so_zei_tama_tama,artist,2025
soap_129,artist,2025
soba11,artist,2025|2026|2026_06
sock_grenade,artist,2025
sock_on_penis,general,2025|2026|2026_06
sockjob,general,2025|2026|2026_06
soda_estereo_(band),copyright,2025|2026|2026_06
sodacola,artist,2025|2026|2026_06
sodas_red,artist,2025|2026|2026_06
sodekawa_kazo,character,2026|2026_06
sofia_clodale,character,2025|2026|2026_06
sofie_(user_gsuk7528),artist,2025
soft_machine,character,2025|2026|2026_06
softball,general,2025|2026|2026_06
softcr3am,artist,2025|2026|2026_06
sohansuru_negai_(utau),copyright,2025
sohdayo_(pokemon),character,2025
sohilune,artist,2025|2026
soiree_in_the_canary_hall_(ensemble_stars!),general,2025
sok622,artist,2025|2026|2026_06
sokkvabekkr,general,2025
sokryopi,artist,2025|2026|2026_06
sokura_(mochichitose),artist,2025|2026|2026_06
sol_(comodomodo),character,2025
sola_num_5130,artist,2025
solar_flare_(plants_vs_zombies_heroes),character,2025
solar_flare_(plants_vs_zombies_heroes)_(peargor),character,2025
solar_ranger,character,2025
solar_slash,artist,2025
solaria_(ebonyxh),character,2025
solaris,artist,2025
solaris_(copyright),copyright,2025
solasyu,artist,2025
solatorobo:_red_the_hunter_(game),copyright,2025
solatorobo:_sore_kara_coda_e_(game),copyright,2025
solavit401,artist,2025|2026|2026_06
solchen,artist,2025|2026
soldier_(mtg),character,2025
soldier_uniform,general,2025|2026|2026_06
soleilos,artist,2025|2026
soles_badman,artist,2025
solgravionmegazord,artist,2025
solid_stage_(ensemble_stars!),general,2026|2026_06
solid_state_survivor_(album),copyright,2025
soliel_(shinrabanshou),character,2025|2026|2026_06
solitude_(module),general,2025
solleovt,artist,2026|2026_06
solmack,artist,2025
soma_(user_paze2545),artist,2025
someang,artist,2025|2026|2026_06
someboy101,artist,2025
someillust,artist,2026
someone_stop_her,copyright,2026|2026_06
somiko147,artist,2025
somu51,artist,2025
son_heung_min,general,2025
son_of_droid_(mechanical_buddy_universe),character,2025
son_wukong_(monkie_kid),character,2025|2026|2026_06
sona_(league_of_legends),character,2025|2026|2026_06
sona_(league_of_legends)_(cosplay),general,2025|2026|2026_06
sonakton,artist,2025
song73280469,artist,2025
song_jia_(ceo_and_bodyguard),character,2025|2026|2026_06
song_of_soaring_plumes_(miracle_nikki),character,2026|2026_06
songgae,artist,2025
songjinyon53211,artist,2025
songwut_ouppakarndee,artist,2025|2026|2026_06
songziqieyu348,artist,2025
sonic_(kekkai_sensen),character,2025|2026|2026_06
sonic_frontiers_the_final_horizon,copyright,2025
sonic_the_hedgehog_(birthday_king)_(cosplay),general,2026|2026_06
sonic_the_hedgehog_(film),copyright,2025
sonic_the_hedgehog_(sa2b),character,2026|2026_06
sonic_the_hedgehog_(sonikoro),character,2025|2026|2026_06
sonic_the_hedgehog_2_(film),copyright,2025
sonic_the_hedgehog_3_(film),copyright,2025
sonic_the_screen_saver,copyright,2025|2026|2026_06
sonicdash,artist,2025
sonidori_shinichiro,character,2025|2026|2026_06
sonken,character,2025
sonken_(cosplay),general,2025
sonken_chuubou,character,2025|2026|2026_06
sonken_chuubou_(shin_ikkitousen),character,2025|2026|2026_06
sono_(sononew),artist,2025
sono_zha,artist,2025
sonobe_yuka,character,2025
sonomiya_yukari_(motto_haramase_honoo_no_oppai_chou_ero_apuri_gakuen!),character,2025
sonosonosieg,artist,2025|2026|2026_06
sonsaku,character,2025
sonsaku_(sangoku_hime),character,2025
sonsaku_hakufu,character,2025|2026|2026_06
sonshoukou,character,2025
sony_hinata,artist,2025
sonya_(beautiful_mage)_(fire_emblem),character,2025|2026|2026_06
sonya_(brown_dust_2),character,2025|2026|2026_06
sonya_(resplendent)_(fire_emblem),character,2025|2026|2026_06
sonya_(spring)_(fire_emblem),character,2025|2026|2026_06
sonzaikan_null,artist,2026|2026_06
soolee040995,artist,2025|2026|2026_06
soone_(lunashiba),character,2025|2026|2026_06
sophia_(gomulgong),character,2026|2026_06
sophie_(b1-517),character,2025|2026|2026_06
sophie_(clair_obscur:_expedition_33),character,2026|2026_06
sophie_(howl_no_ugoku_shiro),character,2025
sophie_(howl_no_ugoku_shiro)_(cosplay),general,2025
sophie_(tamanin_asagi),character,2025|2026|2026_06
sophie_hatter,character,2025|2026|2026_06
sophie_hatter_(cosplay),general,2025|2026|2026_06
sophie_villenueve,character,2025|2026|2026_06
sophita,character,2025|2026|2026_06
sopwith_cuckoo,general,2025|2026|2026_06
sora_(doko_demo_issho),character,2026|2026_06
sora_(pixiv200664),artist,2025
sora_amaori,artist,2025
sora_kawai,character,2025|2026|2026_06
sora_namsjam16,artist,2025|2026|2026_06
sora_nyan,artist,2025|2026|2026_06
sora_sakurano,character,2025
sora_to,artist,2025
sorachan_(sorascale),artist,2025
sorahane,artist,2025
soraka_(league_of_legends),character,2025|2026|2026_06
soraka_(league_of_legends)_(cosplay),general,2025|2026|2026_06
soraneko_(meropaka),character,2025
soranin,artist,2025|2026
sorano_(azu_mine),artist,2025
sorano_harochan,artist,2025
soranoheya,artist,2025
soranomizupoka,artist,2026|2026_06
soranosousaku,artist,2025
soraoto,artist,2025
sorase_610,artist,2025
sorata123,artist,2025
sorato_(cs_2),artist,2025
sorbe,artist,2025
sorbet_(food),general,2025
sorceress_(tales_of_symphonia),character,2025|2026|2026_06
sore_ike!_anpanman,copyright,2025
soren_(emblem)_(fire_emblem),character,2025|2026|2026_06
sorey_(kamui)_(tales),character,2025|2026|2026_06
sorincha,character,2025|2026|2026_06
sorry_okk,artist,2026|2026_06
sorugi_park,artist,2025
soryu_(warship_girls_r),character,2025|2026|2026_06
sos-dan_logo,general,2025|2026|2026_06
soshu_(socsuperfluous),artist,2025
sosori,artist,2025
sota_jun,character,2025|2026|2026_06
sotei,artist,2025
sothal_sil,character,2026|2026_06
sototo,artist,2025
souei_(tensei_shitara_slime_datta_ken),character,2025
souei_(tensura),character,2025
souffle_rosetti,character,2025
souffle_rosetti_(cosplay),general,2025
soufu,artist,2025|2026|2026_06
sougetsu,artist,2025
souiu_jijou_mo_aru_yo_ne,artist,2025|2026|2026_06
souji5,artist,2025
souka_(tensei_shitara_slime_datta_ken),character,2025
soukaku_bangboo,character,2025
soukou,character,2025
soukou_(artist),artist,2025|2026|2026_06
soukou_shiren,character,2025
soul_(deltarune),character,2026|2026_06
soul_(film),copyright,2025
soul_reaver,copyright,2025
souldust,artist,2025
souler_(fresh_precure!),character,2025|2026|2026_06
souler_(fresh_precure!)_(cosplay),general,2025|2026
souma_akito,character,2025
souma_ayame,character,2025
souma_hatori,character,2025
souma_hatori_(cosplay),general,2025
souma_hatsuharu,character,2025
souma_hiro,character,2025
souma_isuzu,character,2025
souma_kagura,character,2025
souma_kisa,character,2025
souma_kureno,character,2025
souma_kyou,character,2025
souma_kyou_(cosplay),general,2025
souma_momiji,character,2025
souma_ritsu,character,2025
souma_shigure,character,2025
souma_shiki,character,2025
souma_yuki,character,2025
souma_yuki_(cosplay),general,2025
soumen_(artist),artist,2025|2026|2026_06
sourako,artist,2025|2026|2026_06
sourdough_bread,general,2025
souryuu_(autumn_mode)_(kancolle),character,2025
sousou_moutoku,character,2025|2026|2026_06
sousuke_(sauceke),artist,2025
south_dakota_(swimsuit_mode)_(kancolle),character,2025
south_dakota_(valentine_mode)_(kancolle),character,2025
south_dakota_kai_(swimsuit_mode)_(kancolle),character,2025
southern-panda,artist,2025
southern_cross,copyright,2025|2026|2026_06
southrop_gruman,copyright,2025
souya_(christmas_mode)_(kancolle),character,2025
souya_(halloween_mode)_(kancolle),character,2025
souya_(haregi_mode)_(kancolle),character,2025
souya_(round_one)_(kancolle),character,2025|2026|2026_06
souya_(summer_mode)_(kancolle),character,2025
souyoru,artist,2025
sovereign's_orb,general,2025|2026|2026_06
soyacomu,artist,2025|2026|2026_06
soyiamchan,artist,2025
soyo2106,artist,2025|2026|2026_06
soyomutsumi,artist,2025
sp;p,general,2025
space_channel_39_(module),general,2025
space_ereshkigal_(first_ascension)_(fate),character,2025
space_ereshkigal_(second_ascension)_(fate),character,2025
space_ereshkigal_(third_ascension)_(fate),character,2025
space_posura,character,2025
spacepaprika,artist,2025|2026|2026_06
spaceship_hair_ornament,general,2025
spacex_falcon_9,character,2025|2026|2026_06
spacex_falcon_heavy,general,2025|2026|2026_06
spacey_nurse_(module),general,2025
spacium_zeperion,general,2025
spacyluna,artist,2025|2026|2026_06
spade_no_q_(idolmaster),general,2025|2026|2026_06
spaghetti_(fizrotart),character,2025
spambot,general,2025|2026
spanking_feet,general,2025|2026|2026_06
sparkster_(game),copyright,2025|2026
spartacus,copyright,2025|2026|2026_06
spartte_(character),character,2025
sparyedhamster,artist,2026|2026_06
spas-12_(strawberry_zabaglione)_(girls'_frontline),character,2025
speaker_man_(skibidi_toilet),character,2025|2026|2026_06
spearhead_(weapon),general,2025
spearman_(aoe2),character,2025
spearman_(tales_of_symphonia),character,2025|2026|2026_06
special_flower,general,2025|2026|2026_06
special_week_(hopping_vitamin_heart)_(umamusume),character,2025|2026|2026_06
special_week_(supreme_commander_of_the_rising_sun)_(umamusume),character,2025|2026|2026_06
specialaxe,artist,2025
specinefj,artist,2025|2026|2026_06
sped4sp9,artist,2025
speech_bubble_background,general,2025
speed_ball_(hardcore_tano_c),copyright,2025|2026|2026_06
speedo_(combos-n-doodles),character,2025|2026|2026_06
speeds,artist,2025
speedy_(artist),artist,2025
spellcaster_(seiken_densetsu_3),character,2025
spen_blue,artist,2025
sphelon8565,artist,2025|2026|2026_06
sphinx_of_giza,general,2025
sphynx_(cat),general,2025
spi,artist,2025
spica_(user_fkhz8277),artist,2025|2026|2026_06
spica_100594383,artist,2025
spica_7,artist,2025|2026|2026_06
spicyf4u,artist,2025
spicypuffin,artist,2025
spicyroll,artist,2025
spicyy,artist,2025|2026|2026_06
spider-man:_miles_morales,copyright,2025|2026|2026_06
spider-man_(2018_game),copyright,2025|2026|2026_06
spider-man_2,copyright,2025|2026|2026_06
spider-man_2_(2023_game),copyright,2025|2026|2026_06
spider-monkey,character,2025|2026|2026_06
spider_bag,general,2026|2026_06
spider_trooper,character,2025
spideraxe,artist,2025
spiderciderko,artist,2025
spidermanfan2099,artist,2025|2026|2026_06
spideykeex,artist,2025
spielzeug,artist,2026|2026_06
spiffo,character,2025|2026|2026_06
spike_ball,general,2025|2026|2026_06
spike_ball_hair_ornament,general,2025|2026|2026_06
spiked_arm_strap,general,2026|2026_06
spiked_brass_knuckles,general,2025|2026|2026_06
spiked_footwear,general,2025
spiked_harness,general,2025|2026|2026_06
spiked_loincloth,general,2026|2026_06
spiked_sabaton,general,2026|2026_06
spikerock_(plants_vs_zombies),character,2025
spikeweed_(plants_vs_zombies),character,2025
spikumin2,artist,2025|2026|2026_06
spina,character,2025|2026|2026_06
spinel_(gemstone),general,2025
spinner,general,2025|2026|2026_06
spinning_ahoge,general,2025|2026|2026_06
spinspin,copyright,2026|2026_06
spiral_bellybutton,general,2025
spiritual_(module),general,2025
spite_(vtuber)_(1st_costume),character,2025|2026|2026_06
spite_(vtuber)_(2nd_costume),character,2025
spite_(vtuber)_(3rd_costume),character,2025
spite_(vtuber)_(bikini),character,2026|2026_06
spite_(vtuber)_(goth),character,2025|2026|2026_06
spiteful_(airplane),general,2025
spitfire_(dungeon_and_fighter),character,2025
spjj8285,artist,2025
splash_page,general,2025|2026|2026_06
splash_star_(module),general,2025
splatoon_dadada,artist,2025
splendiferachie,character,2026|2026_06
split_pea_(plants_vs_zombies),character,2025
split_tail,general,2025
spmkjedits,artist,2026
spongebob_squarepants:creature_from_the_krusty_krab,copyright,2025
sports_festival_(ensemble_stars!),general,2025
sports_festival_3_(ensemble_stars!),general,2025
spot_(spongebob_squarepants),character,2025
spottedtigress,artist,2025
sprayjea,artist,2025|2026|2026_06
spreading,general,2025
sprfshl_moth,artist,2025|2026|2026_06
spring-heeled_jack,character,2025|2026|2026_06
spring_evening's_respite_(ensemble_stars!),general,2025|2026|2026_06
spring_mouth,character,2026|2026_06
spring_onion_brooch,general,2025|2026|2026_06
springer_(dragon_quest),character,2025|2026|2026_06
sprinting_pose,general,2025
spudow_(plants_vs_zombies_heroes),character,2025
spy_(user_jxcc8553),artist,2025|2026|2026_06
spy_eater_(artist),artist,2025
spy_kids_(franchise),copyright,2026
spycome876,artist,2025
sq7lcqo32a687,artist,2025
squaliolight,artist,2025
squallea,artist,2025|2026|2026_06
square-shaped_pupils,general,2026|2026_06
squarecloud73,artist,2025
squash_(plants_vs_zombies),character,2025
squeedge,artist,2025
squid_background,general,2025
squishcap,artist,2025
squishsuccubus,artist,2025|2026
squuro,artist,2025
sr911656337775,artist,2025
srewe5,artist,2025|2026|2026_06
srnmomo,artist,2025|2026|2026_06
srsn,artist,2025
ss22,artist,2025
ss6yu,artist,2025|2026|2026_06
"ss_rank_party_de_pashiri_o_saserarete_ita_otoko._bosu-sen_de_nakama_ni_misuterareta_no_de_yakekuso_de_binshou_o_9999_made_gokufuri_shitara_""hikari""_ni_natta...",copyright,2025
ss_uniform,general,2025|2026|2026_06
ssak-i,artist,2025
ssamjang_(misosan),artist,2025
ssardenn,artist,2025
ssdraw,artist,2025|2026|2026_06
ssh-68_combat_helmet,general,2025|2026|2026_06
ssh132347,artist,2025|2026|2026_06
sskkddkkss,artist,2025
ssns_dot,artist,2025|2026|2026_06
ssolitude_sama,artist,2025|2026
sspnn,artist,2025
ssr,artist,2025|2026|2026_06
sss_(arca_live_63641351),artist,2025|2026|2026_06
sss_lieutenant,character,2025|2026|2026_06
ssss.jingzhe,artist,2025
sssshuri328,artist,2025
sstaranisee,artist,2025
sstrigiformes,artist,2025|2026|2026_06
ssyunn,artist,2025
sszabo13,artist,2025|2026|2026_06
st,general,2025|2026|2026_06
st._mark's_campanile,general,2025|2026|2026_06
st31472591,artist,2025
st_ard,artist,2025|2026|2026_06
st_basil's_cathedral,general,2025
st_bernard,general,2025
st_ksk,artist,2025
st_parasu,artist,2025|2026
staceyleephillips,artist,2025
stack_of_coins,general,2025
staf,general,2025|2026|2026_06
staff_(music),general,2025
stag_beetle_trooper,character,2025
stag_undead,character,2025
stainless_(ambience_synesthesia)_(arknights),character,2025
stairs_mouth,character,2025|2026|2026_06
stakes_of_purgatory_(cosplay),general,2025
stalkling_devout_(hollow_knight),character,2025
standee,general,2026|2026_06
standing_doggy_style,general,2025|2026|2026_06
standing_on_own_tail,general,2025|2026|2026_06
standing_on_stool,general,2025
standing_on_wall,general,2026|2026_06
stanford_pines,character,2025
stanford_pines_(cosplay),general,2025
stanl2y,artist,2025
stanley_pines,character,2025
stanley_pines_(cosplay),general,2025
stanley_snyder_(dr.stone),character,2025|2026|2026_06
star-filled_rainbow_(shining_nikki),character,2026|2026_06
star-jam,artist,2025|2026|2026_06
star-shaped_background,general,2025
star-shaped_buttons,general,2025
star_(module),general,2025|2026|2026_06
star_(sr67305775),artist,2026|2026_06
star_dream_(benghuai_xueyuan),character,2025|2026|2026_06
star_festival_(ensemble_stars!),general,2025
star_guardian_lillia,character,2025
star_headband,general,2026|2026_06
star_king_who_rules_the_night_(project_sekai),general,2025
star_lord,character,2025
star_ocean_anamnesis,copyright,2025
star_ocean_blue_sphere,copyright,2025
star_ocean_first_departure,copyright,2025
star_ocean_integrity_and_faithlessness,copyright,2025
star_ocean_the_divine_force,copyright,2025
star_ocean_the_last_hope,copyright,2025
star_ocean_the_second_story,copyright,2025
star_ocean_till_the_end_of_time,copyright,2025
star_panties,general,2025|2026|2026_06
star_premium_dress,general,2025
star_princess,general,2025
star_sea_(miracle_nikki),character,2025
star_shaped_clothes,general,2025
star_voice_(module),general,2025
star_wars:_clone_wars,copyright,2025|2026|2026_06
star_wars:_forces_of_corruption,copyright,2025|2026
star_wars:_rebels,copyright,2025
star_wars:_resistance,copyright,2025
star_wars:_the_clone_wars,copyright,2025|2026|2026_06
star_wars:_the_clone_wars_(movie),copyright,2025|2026|2026_06
stardust935,artist,2025|2026|2026_06
starfruit_(plants_vs_zombies),character,2025
starlip,artist,2025|2026|2026_06
starmine_(module),general,2025
starnyte,artist,2026
starrail_de,artist,2025
starrockie,artist,2025
starry_background,general,2025
starry_diow7,artist,2025
starry_night_festival_(ensemble_stars!),general,2025
starry_sand_(shining_nikki),character,2026|2026_06
starry_silks_(project_sekai),general,2025
starsigilart,artist,2026
starting_position,general,2025|2026|2026_06
starvalerian,artist,2025
statler_and_waldorf,character,2025|2026
stdk310,artist,2025
steadfastniisan,artist,2025
stealth_aircraft,general,2025|2026|2026_06
steam0315,artist,2025|2026|2026_06
steam_detectives,copyright,2025
steam_hopper,general,2025|2026|2026_06
steam_world_dig,copyright,2025|2026|2026_06
steamed_egg,artist,2025
steamed_egg_(food),general,2025
steel_mask,general,2025
steel_rkgk,artist,2025
steela_(hells),character,2025|2026|2026_06
steelmaking,general,2025|2026|2026_06
stefan,character,2025
steffiepoo,artist,2025
stella_(gunvolt),character,2025|2026|2026_06
stella_(phantasy_star_online),character,2025|2026|2026_06
stella_(pokopokobanana),artist,2025|2026|2026_06
stella_flavia,character,2025|2026|2026_06
stellarhell,artist,2025
stellarstellie,artist,2025
sten_legacy,character,2025
step-brother_and_step-sister,general,2025
step-brothers,general,2025
step-father_and_step-daughter,general,2025
step-mother_and_step-daughter,general,2025
step-mother_and_step-son,general,2025
step-sisters,general,2025
stephanieh81080,artist,2025
stephen_nickel,artist,2025
stepping,general,2025|2026|2026_06
stepping_on_another's_breasts,general,2025
stepping_on_bottle,general,2026|2026_06
stepping_on_breasts,general,2026|2026_06
stepping_on_hand,general,2026
stereotypical_barbie,character,2025
sternocleidomastoid_muscle,general,2025|2026|2026_06
sternum_piercing,general,2025|2026|2026_06
sternum_strap,general,2025|2026|2026_06
stevenpreston,artist,2025
stevesykesart,artist,2025
stheno_(third_ascension)_(fate)_(cosplay),general,2025|2026|2026_06
stick_nipples,general,2025
sticker_sheet,general,2025
stikyfinkaz,artist,2025
stikyfinkaz-003,artist,2025
stilva,character,2025|2026|2026_06
stim_yyy,artist,2025
stinger_joe,artist,2025
stingray_1368,artist,2025
stinky_the_snail_(plants_vs._zombies),character,2026|2026_06
stinky_the_snail_(plants_vs_zombies),character,2025
stitched_breasts,general,2025
stitched_pajamas,general,2025
stkyue,artist,2025|2026|2026_06
stock,general,2025
stock_chart,general,2025|2026|2026_06
stock_trading_elf_(miyu),character,2025|2026|2026_06
stomach_bulge_grab,general,2025|2026|2026_06
stomach_on_glass,general,2025|2026|2026_06
stomach_slap_mark,general,2025|2026|2026_06
stone_knight,general,2025
stonehillart,artist,2025|2026|2026_06
stoner,character,2025|2026|2026_06
stonewhale03,artist,2026|2026_06
stop_(go!_princess_precure),character,2025|2026|2026_06
stop_thinkingaa,artist,2025
storage_mouth,character,2025|2026|2026_06
store_room,general,2025
storm_(x-men)_(goddess_of_thunder),character,2026
stormbringer_(artist),artist,2025
story_mode_cammy,character,2025
stpr_boys,copyright,2026|2026_06
strad_orchestra,artist,2025
strange_dark_(module),general,2025
strange_stories_from_a_chinese_studio,copyright,2025|2026
strap-on_over_chastity,general,2025|2026|2026_06
strasia,artist,2025
strawberry_a_me,artist,2026|2026_06
strawberry_colored_holiday_(ensemble_stars!),general,2025
strawberry_girl,character,2025
strawberry_panties,general,2025|2026|2026_06
strawberry_pocky,general,2025|2026|2026_06
strawberry_shortcake_(1980s)_(character),character,2025
strawberry_shortcake_(1980s)_(character)_(cosplay),general,2025
strawberry_shortcake_(1991)_(character),character,2025
strawberry_shortcake_(2003)_(character),character,2025
strawberry_shortcake_(2003_show),copyright,2025
strawberry_shortcake_(2009)_(character),character,2025
strawberry_shortcake_(copyright),copyright,2025
strawberry_shortcake_(sbsc),character,2025
strawberry_shortcake_(sbsc)_(cosplay),general,2025
strawberrya_mg,artist,2025|2026|2026_06
strawderrystart,artist,2025
strawww_coms,artist,2025|2026
stray0641071225,artist,2025
stray_hair,general,2025|2026|2026_06
straybird1999,artist,2025|2026|2026_06
strayed_(armored_core),character,2025|2026|2026_06
straykat,artist,2025|2026|2026_06
strbsodas,artist,2025|2026|2026_06
street_demon_brand,character,2025
street_demon_briar,character,2025
street_demon_mundo,character,2025
street_demon_neeko,character,2025
street_demon_rengar,character,2025
street_demon_zyra,character,2025
streetwise_cammy,character,2025|2026|2026_06
strelka,character,2025
strelka_(marfusha),character,2025
stretch_panic,copyright,2025|2026
stretched_limb,general,2025
stretched_out_a_hand,general,2025
stretching_cheeks,general,2025
strider_(aragorn),character,2025
strider_(video_game),copyright,2025|2026|2026_06
stridsvagn_103,general,2025
stridsvagn_103_(personification),character,2025
stridsvagn_122,general,2025
stridsvagn_74,general,2025
stridsvagn_74_(personification),character,2025
stridsvagn_m/40,general,2025
stridsvagn_m/42,general,2025
strigifor,artist,2025|2026|2026_06
strigoi_(megami_tensei),character,2025
strikek-lvvjm27,artist,2025
strikeout_pitch,copyright,2025|2026|2026_06
striker_(dungeon_and_fighter),character,2025
striker_birdo,character,2026|2026_06
striker_bowser,character,2026|2026_06
striker_daisy,character,2025|2026|2026_06
striker_luigi,character,2025|2026|2026_06
striker_mario,character,2025|2026|2026_06
striker_pauline,character,2025|2026|2026_06
striker_peach,character,2025|2026|2026_06
striker_rosalina,character,2025|2026|2026_06
striker_waluigi,character,2026|2026_06
strikescream,artist,2025|2026|2026_06
string_bag,general,2025
string_bikini_panties,general,2025
string_chart,general,2025
string_of_flags_print,general,2025
string_of_sausages,general,2025
strip_bikini,general,2025|2026|2026_06
striped_beanie,general,2025
striped_eyewear,general,2025
striped_sleeve_cuffs,general,2025|2026|2026_06
strong_type_(ultra_series),general,2025
strongest_sorcerer_in_history_vs_strongest_sorcerer_of_today,general,2025|2026|2026_06
strstyler,artist,2025
strum_(crosscore),character,2026|2026_06
strumpionners442,artist,2025|2026|2026_06
stteroo,artist,2025|2026|2026_06
stu-hiro,artist,2025
stuart_little_(franchise),copyright,2025
stuarthughe,artist,2025
stub_nh,artist,2025
studd_(odayaka_kizoku_no_kyuuka_no_susume.),character,2025|2026|2026_06
studded,general,2025|2026|2026_06
studded_ribbon,general,2025|2026|2026_06
student_council_uniform,general,2025|2026|2026_06
studio_prokion,artist,2025
studio_t.r.c.,artist,2025
studio_trigger,copyright,2026|2026_06
studiokwsk,artist,2025
studiomakku,artist,2025|2026|2026_06
studiomuku,artist,2025
studioparm,artist,2025
stuka,character,2025|2026|2026_06
stunt_bicycle,general,2025|2026
sturgeon_(fish),general,2025|2026|2026_06
sturmgeschutz_iii,general,2025
sturmgeschutz_iv,general,2025
stylish_energy_(module),general,2025|2026|2026_06
stylish_gorilla,artist,2025|2026|2026_06
stylishtrash,artist,2025
stylo_s,artist,2025|2026|2026_06
styr_mpi-81,general,2025
su2kuna,artist,2025|2026|2026_06
su_jue_(da_ji),character,2025
su_mingan,character,2025
su_mu_cheng,character,2025
su_nuan_nuan_dan_qi_shou_ji_zhan,artist,2026|2026_06
sua's_sister_(alien_stage),character,2025|2026|2026_06
suang,artist,2025
suanningnaigai,artist,2025
suba_tomo_(big),character,2025
suba_tomo_(oozora_subaru),character,2025
suba_tomo_(oozora_subaru)_(cosplay),general,2025
suba_tomo_(small),character,2025
subaru_122,artist,2025
subaru_amanohara_(choukadou_girl_1/6),character,2025|2026
subaru_izumi,artist,2025
subete_thankyou,artist,2026|2026_06
succelid,artist,2025
successor_(module),general,2025
succorbenoth_(megido72),character,2025|2026|2026_06
succuboi,artist,2025|2026|2026_06
sucharaka_hatsune_(module),general,2025
sucrying,artist,2025
suda_1524726556,artist,2025|2026
sudachi_(gesudachi),artist,2025
suddenboom_art,artist,2026|2026_06
sue_(phantasy_star_online),character,2025|2026|2026_06
sue_graham,character,2025|2026|2026_06
sues,artist,2025|2026|2026_06
sugachon,artist,2025
sugar-f,artist,2025
sugar_(food),general,2025
sugar_painting,general,2025
sugarleegogo,artist,2025
sugarspikes_(artist),artist,2025|2026|2026_06
sugashy,artist,2025
sugawara_mika,artist,2025
sugi_no_moto,artist,2025|2026|2026_06
sugino_ookata,character,2025
suginomine,artist,2025
sugisoar,artist,2025
sugitaka_aoya,artist,2025|2026|2026_06
sui-xiang,character,2025
sui08020411,artist,2025
suicidal_girl_(hamsterfragment),character,2025
suigyoku_(module),general,2025
suika_(dr.stone),character,2025|2026|2026_06
suika_arms,general,2025
suika_no9,artist,2025
suikaoishisugi,artist,2025
suikario,artist,2025
suikyou394,artist,2025|2026|2026_06
suimei_academy,general,2025
suimei_school_uniform,general,2025
suimei_summer_uniform,general,2025
suiren_(pixiv),artist,2025
suiseimushi,artist,2025
suisui,artist,2025|2026|2026_06
sujikonjac,artist,2025
sukai_222,artist,2025
sukekenokekeke,artist,2025
suki_(meesh),character,2025
suki_datta_ko_wo_meido_ni_shitara_ore_no_heya_de_kossori_nani_ka_shiteiru,copyright,2026|2026_06
suki_nano_wa_100_percent_kimi_no_sei,copyright,2025
suki_the_kitsune,character,2026|2026_06
sukisuki_hukkin,artist,2025|2026|2026_06
sukoya_tsukasa,artist,2025
sukoyaka_lion,artist,2025
sukuno_ryoko,character,2025|2026|2026_06
sul-lin-a2_(hurukku),character,2026|2026_06
sulamoon,artist,2025
suleika,character,2025
sulphur,character,2025|2026|2026_06
sulus_spir1t,artist,2025|2026|2026_06
sumadashintaro,artist,2025
sumashi,artist,2025
sumeragi_erika_(shadowverse),character,2025
sumeragi_tera_(kouzinariagari1),artist,2025
sumeragi_utsutu,character,2025
sumeshii,artist,2025|2026|2026_06
sumi0332,artist,2025
sumi7712,artist,2025
sumi_(kasumi_koujou),character,2025|2026|2026_06
sumi_eno,artist,2025|2026|2026_06
sumiiireee,artist,2025|2026|2026_06
sumio_fujii,artist,2025
sumire_hina_official,copyright,2025
sumisutaro,artist,2025
summer_birds_(ensemble_stars!),general,2026|2026_06
summer_breeze_colors,general,2025|2026|2026_06
summer_gagnon,artist,2025
summer_highscool_(idolmaster),general,2025
summer_junior_highscool_(idolmaster),general,2025
summer_memories_(module),general,2025
summer_triangle,artist,2025
summer_uniform_series_(idolmaster),general,2025
summergoat,artist,2025
sumomonga1816,artist,2025|2026|2026_06
sumomotaro,artist,2025
sun-shaped_pupils,general,2025
sun-shroom_(plants_vs_zombies),character,2025
sun_(artist),artist,2025|2026|2026_06
sun_falls_on_9_crows_(shining_nikki),character,2026|2026_06
sun_god_god_kaiser_(sd_gundam),character,2025|2026|2026_06
sun_knight_god_gundam_(sd_gundam),character,2025|2026|2026_06
sun_quan,character,2025|2026|2026_06
sun_quan_(sangoku_hime),character,2025
sun_quan_(sangoku_musou),character,2025
sun_ren_(shin_sangoku_musou),character,2026|2026_06
sun_shang_xiang_(orient_arcadia),character,2026|2026_06
sun_shang_xiang_(shin_sangoku_musou),character,2025|2026|2026_06
sun_stone,general,2025
sun_tzu,character,2025|2026|2026_06
suna0555,artist,2025
suna0964,artist,2026|2026_06
suna_tea,artist,2025
sunaanko,artist,2025
sunahama_rabu,artist,2025
sunahara_wataru,artist,2025
sunako_(100thfaerie),artist,2025
sunato_banda,character,2026|2026_06
sunatoshi,artist,2025|2026|2026_06
sunbringer_(zenless_zone_zero),character,2025|2026|2026_06
sunburst_iris,general,2025
sundog1991,artist,2025
suneia,artist,2025
sunflower_(plants_vs_zombies),character,2025
sunflower_hat_ornament,general,2025|2026|2026_06
sunjinghan0801_(mokacoat),artist,2025|2026|2026_06
sunkist_stvira,artist,2025
sunmetful,artist,2025
sunny's_dad_(omori),character,2025|2026|2026_06
sunny's_mom_(omori),character,2025|2026|2026_06
sunny_(10991967),artist,2025
sunny_(pop'n),character,2025
sunny_(vtuber),character,2025
sunny_waifu,artist,2025
sunoharamomose,artist,2025
sunomi,artist,2025
sunrise_(crosscore),character,2026|2026_06
sunset_skyline,artist,2025
sunsetriders7,artist,2025
sunshine_(2007_film),copyright,2025
sunshine_rainbow_white_horse,copyright,2026
sunshower,copyright,2025
sununicorn,general,2025|2026|2026_06
sunyukun,artist,2025
suomus_air_force_uniform,general,2025|2026|2026_06
supdo91254,artist,2026|2026_06
super-mechagodzilla,character,2025
super-x,character,2025
super-x2,character,2025
super-x3,character,2025
super_atragon,copyright,2025|2026|2026_06
super_bowl_xxxvi,copyright,2025|2026|2026_06
super_cell,general,2025
super_creek_(chiffon_ribbon_mummy)_(umamusume),character,2025|2026|2026_06
super_dimensional_robot_galaxy_destroyer,character,2026|2026_06
super_famicom_gamepad,general,2025|2026|2026_06
super_mario_bros._(1993_film),copyright,2025
super_momotarou_densetsu,copyright,2025|2026
super_ojou-san,copyright,2025|2026
super_plugsuit,general,2025
super_shredder_(2012),character,2025
super_shredder_(movie),character,2025
super_tatoba_(ooo_combo),character,2025|2026|2026_06
superfan_rose,character,2026|2026_06
superfly_(stand),character,2025|2026|2026_06
superiorhamster,artist,2025
supermizomizo,artist,2025
supermogimgi,artist,2025
supertaqiq,artist,2026|2026_06
superwoman_(justice_league:crisis_on_two_earth),character,2025|2026|2026_06
suphia_(tensei_shitara_slime_datta_ken),character,2025
supparat_ratangsu,artist,2025
support,general,2025|2026|2026_06
suppress,general,2025|2026|2026_06
surada_mami,artist,2025
suramips,artist,2025
sureido_(zhwa3228),artist,2025|2026|2026_06
surfers_paradise,copyright,2025
surge_(pokemon),character,2025|2026|2026_06
surge_(pokemon)_(cosplay),general,2025|2026
surgical_gloves,general,2025|2026|2026_06
surgical_gown,general,2025
surovuii,artist,2025|2026|2026_06
surprise_buttsex,general,2025|2026|2026_06
surtr_(pirate)_(fire_emblem)_(cosplay),general,2025|2026|2026_06
surtr_(resplindent)_(fire_emblem),character,2025
suruga_ryoko,character,2025|2026|2026_06
susaki,copyright,2025
susam_official,copyright,2025
susanoo_(uchi_no_hime-sama),character,2025
sushi1515,artist,2025|2026|2026_06
sushi_no_ark,artist,2025|2026|2026_06
sushiii_sth,artist,2025|2026|2026_06
sushimaru1010,artist,2025|2026|2026_06
sushio_(illustrated),character,2025
sushuang,artist,2025|2026|2026_06
sussurro_(ambience_synesthesia)_(arknights),character,2025|2026|2026_06
sussurro_(travel_freely)_(arknights)_(cosplay),general,2025|2026|2026_06
susuki_(pixiv_99838945),artist,2025|2026|2026_06
susukiha,artist,2025|2026|2026_06
susukitten,artist,2025|2026|2026_06
susurro-yo,artist,2025|2026|2026_06
sutaa_sutoringuzu_yori,copyright,2025|2026|2026_06
sutasuku2010,artist,2025|2026|2026_06
sutokame,artist,2025
suukiii,artist,2025|2026|2026_06
suutrustrust,artist,2025
suvorovsatbo,artist,2025|2026|2026_06
suwa_souta,artist,2025
suwaru_(piapro),artist,2025
suyin_bei_fong,character,2025
suzaku_(uchi_no_hime-sama),character,2025
suzi_hunter,character,2025
suzu_(aquarium_wa_odoranai),character,2025
suzu_(artist),artist,2025
suzu_(duel_masters),character,2025
suzu_no_kiseko,artist,2025
suzu_noenoe,artist,2025|2026|2026_06
suzuhana_moe,character,2025
suzuka_(yubikiri_konyaku_roriita),character,2025|2026|2026_06
suzuka_gongen,character,2025
suzuka_gongen_(cosplay),general,2025
suzuka_gozen_(swimsuit_rider)_(fate)_(cosplay),general,2025|2026
suzukatore,artist,2025
suzuki_(suzukimandesu),artist,2025
suzuki_aya,character,2025|2026|2026_06
suzuki_aya_(midsummer_festival),character,2026|2026_06
suzuki_aya_(on-duty),character,2026|2026_06
suzuki_eri,artist,2025
suzuki_kenichi,artist,2026|2026_06
suzuki_kouichi,character,2026|2026_06
suzuki_masaru_(2nd_costume),character,2025
suzuki_masaru_(3rd_costume),character,2025
suzuki_masaru_(4th_costume),character,2025
suzuki_masaru_(5th_costume),character,2025
suzuki_masaru_(6th_costume),character,2025
suzuki_masaru_(7th_costume),character,2025
suzuki_mey,artist,2025|2026
suzuki_miori,artist,2025
suzuki_miyu_(seihantai_na_kimi_to_boku),character,2026|2026_06
suzuki_oya,character,2025
suzuki_risa_(megami),artist,2025
suzuki_shin'ya,artist,2025
suzuki_shinya,artist,2025
suzuki_shouko,artist,2025
suzukiruru,artist,2025
suzumi_chris,artist,2025
suzuna,character|artist,2025|2026|2026_06
suzunami_(swimsuit_mode)_(kancolle),character,2025
suzunami_(valentine_mode)_(kancolle),character,2025
suzunari,artist,2025
suzunari-sakuya,artist,2025
suzunarisakuya,artist,2025
suzuno_(en_10ten),artist,2025|2026|2026_06
suzuno_(ohayau),artist,2025
suzunosuke_takato,artist,2025
suzurann713,artist,2025|2026|2026_06
suzuri_ir,artist,2025
suzuring61,artist,2025|2026|2026_06
suzushi,artist,2025|2026|2026_06
suzusuzu1616,artist,2025
suzutsuki_(jmsdf),general,2025|2026|2026_06
suzutsuki_(swimsuit_mode)_(kancolle),character,2025
suzuya_(christmas_mode)_(kancolle),character,2025
suzuya_(school_girl_mode)_(kancolle),character,2025
suzuya_aki_(7th_costume),character,2025|2026|2026_06
suzuya_kai_ni_(swimsuit_mode)_(kancolle),character,2025
suzuya_o,artist,2025|2026|2026_06
suzuzhina_chuno,character,2026|2026_06
sv001_(metal_slug),general,2025|2026|2026_06
sv02chiyo,artist,2025
svarog_heavy_industries,general,2025|2026|2026_06
sven_anker,character,2026
svenechoff,artist,2025
svenfromoz,artist,2025
sverhnova,artist,2025
svetiana,character,2025
svnthzc,artist,2025|2026|2026_06
swain1578,artist,2025
swain_(league_of_legends),character,2025|2026|2026_06
swallow165,artist,2025
swap,general,2025|2026|2026_06
swarming_hands,general,2025
sweater_coat,general,2026|2026_06
sweater_partially_removed,general,2026|2026_06
sweaty_foot,general,2025|2026|2026_06
swedish_marine_corps,general,2025|2026|2026_06
sweep_tosho_(monopolizing_the_chill?)_(umamusume),character,2025|2026|2026_06
sweet_chocomin,artist,2025
sweet_dandy,artist,2025
sweet_dreams_coord,general,2025
sweet_heart_(miracle_nikki),character,2026
sweet_innocence_(shining_nikki),character,2025
sweet_land_4,copyright,2025
sweet_mockorange,general,2025|2026|2026_06
sweet_pea_(plants_vs_zombies),character,2025
sweet_sweet_hunger_(ensemble_stars!),general,2025
sweetearth84,artist,2025
sweetie_belle_(artist),artist,2025
sweets_patisserie_(ensemble_stars!),general,2025|2026|2026_06
sweetving,artist,2025
swiminlcl,artist,2025|2026|2026_06
swimmer_(pokemon_xy),character,2025|2026|2026_06
swimwear_(module),general,2025|2026|2026_06
swimwear_b_(module),general,2025|2026|2026_06
swimwear_p_(module),general,2025|2026|2026_06
swimwear_s_(module),general,2025|2026|2026_06
swimwear_t_(module),general,2025|2026|2026_06
swimwear_v_(module),general,2025|2026|2026_06
swimwear_vs_(module),general,2025|2026|2026_06
swimwear_ws_(module),general,2025|2026|2026_06
swimwear_wv_(module),general,2025|2026|2026_06
swinging_animal,general,2025
swire_(ambience_synesthesia)_(arknights),character,2025|2026|2026_06
swkzw1015,artist,2025
swoksaar,character,2025
sword_(sldyw),artist,2026|2026_06
sword_art_online:_ulital_ring,copyright,2025
sword_behind_back,general,2025
sword_comparison,general,2025|2026|2026_06
sword_guard_stance,general,2025
sword_knot,general,2025|2026|2026_06
sword_of_extermination,general,2025|2026|2026_06
swordian,character,2025
swordwaltzworks,artist,2025
sxbmmxb,artist,2025|2026|2026_06
sxbzero,artist,2025
sxce3442,artist,2025
sy031219,artist,2025
syaraia,artist,2025
syariann,artist,2025
syc2159,artist,2025
syee2378,artist,2025
sylas_(league_of_legends),character,2025|2026|2026_06
sylpha_(dai_nana_oji),character,2025
sylphire_(trickcal),character,2025
sylvain_berthier,artist,2025|2026
sylvan_(benghuai_xueyuan),character,2025|2026|2026_06
sylvia_(fate),character,2025|2026|2026_06
sylvia_koru,character,2025
symboli_rudolf_(archer_of_the_white_moon)_(umamusume),character,2025|2026|2026_06
symphxia,artist,2025|2026|2026_06
syn_(gensyyyyyn),artist,2025
syndra,character,2025|2026|2026_06
synthetickinetic,artist,2025
syo-jin,artist,2025
syokil,artist,2025
syokuuuuuuuuumura,artist,2025
syoujoscript,artist,2025
syp404,artist,2025
syrup_(yes!_precure_5),character,2025|2026|2026_06
sys_ain115,artist,2025|2026|2026_06
sysoleilsyu,artist,2025
systemofdark,artist,2025
syu-chan_(min),character,2025
syu314plus,artist,2025|2026|2026_06
syulaf,artist,2025
syuleutella,artist,2025|2026|2026_06
syunpei0430,artist,2025|2026|2026_06
syuuyu,artist,2025
t-thighs,general,2026|2026_06
t.j._johnson,character,2025
t.m._opera_o_(blue_dazzle)_(umamusume),character,2025|2026|2026_06
t03nemesis,artist,2025
t0mlll,artist,2025
t6cehwxridha0os,artist,2025|2026|2026_06
t_a_e,artist,2025
t_k7610,artist,2025|2026|2026_06
t_mask,general,2025|2026
t_r_15,artist,2025|2026
t_rexfa,artist,2026|2026_06
t_santa,artist,2025
t_to_4-bun'no_3-bansen,artist,2025|2026|2026_06
ta183,artist,2025
ta_bi3,artist,2025|2026|2026_06
ta_makichi,artist,2025
ta_mi_01000,artist,2025
ta_wan_(lgekikaral),artist,2025
taata_(ntr4529),artist,2025
tabachichi,artist,2025
tabas,artist,2025|2026|2026_06
tabitha_(dq5),character,2025
tabitha_(fallout_new_vegas),character,2025
tabitha_(ponymoe),character,2025
table_football,general,2025
tablet_(tooboe),copyright,2026
tabletop_game,general,2025|2026|2026_06
tabletop_rpg,general,2025|2026|2026_06
taboo_(user_kzyc8573),artist,2025
tachibana_hibiki_(symphogear)_(another),character,2025
tachibana_hinano_(vtuber),character,2025
tachibana_kaoru,character,2025
tachibana_koharu,character,2025
tachibana_kyouko_(girlfriend_kari),character,2026
tachibana_no_tomomasa,character,2025
tachibana_okojo,artist,2025
tachibana_souichiro,character,2025
tachikana6,artist,2025|2026|2026_06
tachimi_arika,character,2025|2026|2026_06
tachiyawolf,artist,2025|2026|2026_06
taco_al_pastor,general,2025
tada_(afuro-daisuki),artist,2025|2026|2026_06
tada_(pixiv41160771),artist,2025|2026|2026_06
tadahiro,artist,2025|2026
tadakatsu_minamoto,character,2025
tadakuni,character,2025|2026|2026_06
tadanoinuinu,artist,2025
taddle_fantasy_level_50,character,2025
taddle_legacy_level_100,character,2025
taddle_legacy_level_50,general,2025
taddle_quest_level_1,general,2025|2026|2026_06
taddle_quest_level_2,character,2025|2026|2026_06
tadohimi,character,2025|2026|2026_06
taekwon_v,copyright,2025|2026|2026_06
tahm_kench,character,2025|2026|2026_06
tahm_kench_(cosplay),general,2025|2026|2026_06
tai3_3,artist,2025
tai_(2vs),artist,2025|2026|2026_06
tai_(tai1213),artist,2026|2026_06
tai_gong_wang,character,2025|2026|2026_06
tai_la_ji_shi_she,artist,2025
tai_yi,artist,2025
taichi_(pdlnhaaihjvkjtb),artist,2025
taida_(benghuai_xueyuan),character,2025|2026|2026_06
taiga_photon_earth,general,2025
taigei_(christmas_mode)_(kancolle),character,2025
taigei_(swimsuit_mode)_(kancolle),character,2025
taigong_wang_(fgo_x_kyoto_rikyuen)_(fate),character,2025|2026|2026_06
taigong_wang_(grand_journey)_(fate),character,2026|2026_06
tail_around_waist,general,2025
tail_censor,general,2025|2026|2026_06
tail_request,meta,2025
tail_tree,general,2025
tails_(princess)_(sonic),character,2025|2026|2026_06
taino_nikke,artist,2025
taira_(seihantai_na_kimi_to_boku),character,2025|2026
taira_no_atsumori,character,2025
taisa_(battle_mania),character,2025
taisho_nostalgia_(module),general,2025
taishou_roman,copyright,2025
taissonair,artist,2025
taisui_xingjun,character,2025|2026|2026_06
taitou_(tokyo),general,2025|2026|2026_06
tajador_(ooo_combo),character,2025|2026|2026_06
tajador_eternity_(ooo_combo),character,2025|2026|2026_06
tajo5tablets,artist,2025|2026|2026_06
tak_(user_uyys5227),artist,2025|2026|2026_06
taka_jade2,artist,2025
taka_taka_fanir,artist,2026
takachiho_haruka,artist,2025
takada_fsan,artist,2025
takada_shinichirou,artist,2025
takae_(poupee_en_biscuit),artist,2025|2026|2026_06
takahara_academy_uniform,general,2025
takahashi-san's_mom,character,2026|2026_06
takahashi_akira_(ghoul_school),character,2025
takahashi_asaho,artist,2025
takahashi_ikuina_(slow_damage),character,2026
takahashi_saki,artist,2025
takahiro_dnfr,artist,2025|2026|2026_06
takai_miki,artist,2025
takako_(slayer_dramonz),character,2026|2026_06
takamaki_anne,character,2025|2026|2026_06
takamaki_anne_(cosplay),general,2025|2026|2026_06
takamametoraika,artist,2025
takamasa,artist,2025
takamasa_(sippuukai),artist,2025|2026|2026_06
takamatsu-k,artist,2025|2026|2026_06
takamaza0887,artist,2025|2026|2026_06
takami_kouki's_brother,character,2025
takamiya_mana_(cr-unit),character,2026|2026_06
takanae,artist,2025
takanami_(swimsuit_mode)_(kancolle),character,2025
takanami_kai_ni_(swimsuit_mode)_(kancolle),character,2025
takanashi_9xxii,artist,2025
takane_lui_(4th_costume),character,2025
takanishi_(kahani),artist,2025
takasaka_donten,artist,2025
takasaki_misaki_(yuru_yuri),character,2025
takase_kyoko,character,2025
takasegawa_7se,artist,2025|2026|2026_06
takashi11290141,artist,2025
takashi_nanao,character,2025|2026|2026_06
takashia_(akimototakashia),artist,2025
takasi-art,artist,2025
takasu_ponu,artist,2026|2026_06
takasumi_ura,artist,2025
takato_suzunosuke,artist,2025
takatsuki_(jmsdf),general,2025|2026|2026_06
takatu,artist,2025
takayanagi_(koko_wa_imo_kara_rinri_desu),character,2025|2026|2026_06
takayuki_(heac0),artist,2025
take-mikazuchi,character,2025
take-mikazuchi_(cosplay),general,2025
take_(illustrator),artist,2025
take_(swimsuit_mode)_(kancolle),character,2025
take_(user_ypzx8253),artist,2025|2026|2026_06
takeda_harumi_(shiromanta),character,2025
takeda_shingen,character,2025|2026|2026_06
takeda_shingen_(grand_journey)_(fate),character,2026
takeda_takahashi_(mortal_kombat),character,2025|2026|2026_06
takei_chiyo,character,2025|2026|2026_06
takemasa_mo,artist,2025|2026|2026_06
takenaka_hanbee_(sengoku_musou),character,2025|2026|2026_06
takenaka_hanbee_(sengoku_musou)_(cosplay),general,2025|2026|2026_06
takenami,character,2025|2026|2026_06
takeno,artist,2025|2026|2026_06
takeshi_aono,artist,2025
takeshi_ochi,artist,2025
takeuchi_masashi,artist,2025
takeuchi_robert,character,2025
takeuchi_yuuta,character,2025|2026|2026_06
takichi_(nturkey),artist,2025
tako3,artist,2025
tako_(kirigiri),artist,2025
tako_maru_yeah,artist,2025|2026|2026_06
takochan77,artist,2025|2026|2026_06
takoko's_mom_(combos_&_doodles),character,2025|2026|2026_06
takopa,artist,2025
takou_no_boyish_kanojo,copyright,2025|2026|2026_06
takoyakigirl-1001,artist,2025
takt_shindo,artist,2025
taku_dao,artist,2025|2026|2026_06
takulo,artist,2025|2026|2026_06
takumi's_mother,character,2026|2026_06
takumi_(user_xmwf4727),artist,2025|2026|2026_06
takumiiroiro,artist,2025|2026
takumitoxin,artist,2025
takyya_(nicolas),artist,2025
tal,character,2025|2026|2026_06
talalios,artist,2025
talbot_grimes,character,2025|2026|2026_06
tales_from_the_loop_(trpg),copyright,2025|2026|2026_06
tales_of_the_moon_(ensemble_stars!),general,2025|2026
taliyah,character,2025|2026|2026_06
talktocreatures,artist,2025
tall,general,2025
tall-nut_(plants_vs_zombies),character,2025
tall_guy_(no_i'm_not_a_human),character,2026|2026_06
talon_(league_of_legends),character,2025|2026|2026_06
talon_(logo),general,2025|2026|2026_06
tama-chan,artist,2025
tama_(ayakashi),character,2025
tama_(halloween_mode)_(kancolle),character,2025
tama_(odi_san_fairy),artist,2025
tama_(swimsuit_mode)_(kancolle),character,2025
tama_(user_kafr3484),artist,2025
tama_(yukata_mode)_(kancolle),character,2025
tamabushi_(splatoon),character,2025
tamachoco40,artist,2025|2026|2026_06
tamago_kebab,artist,2025|2026|2026_06
tamago_nezumi,artist,2025|2026|2026_06
tamagotchi:_happiest_story_in_the_universe!,copyright,2025
tamagotchi_connection,copyright,2025
tamagotchi_connection:_corner_shop,copyright,2025
tamagotchi_on,copyright,2025
tamaki_(artist),artist,2025|2026
tamakoshi_horiyuki,artist,2025|2026|2026_06
tamami_masa,artist,2025|2026|2026_06
tamamo_(eco),character,2025
tamamo_(fate),character,2025|2026|2026_06
tamamo_(uchi_no_hime-sama_ga_ichiban_kawaii),character,2025
tamamo_cat_(chaldea_kitchen_truck)_(fate)_(cosplay),general,2025
tamamo_cat_(first_ascension)_(fate)_(cosplay),general,2025|2026|2026_06
tamamo_cat_(lostroom_outfit)_(fate)_(cosplay),general,2025|2026|2026_06
tamamo_cat_(second_ascension)_(fate)_(cosplay),general,2025|2026|2026_06
tamamo_cat_(third_ascension)_(fate)_(cosplay),general,2025|2026|2026_06
tamamo_cross_(go_get_'em_halloween_knight!)_(umamusume),character,2025|2026|2026_06
tamamo_cross_(with_lightning_speed)_(umamusume),character,2026|2026_06
tamamo_no_mae_(fate/extra),character,2025
tamamo_no_mae_(fate/extra)_(cosplay),general,2025
tamamo_no_mae_(jk)_(fate),character,2025
tamamo_no_mae_(musou_orochi_3),character,2025|2026|2026_06
tamamo_no_mae_(sable_mage)_(fate)_(cosplay),general,2025|2026|2026_06
tamamo_no_mae_(spring_casual)_(fate)_(cosplay),general,2025|2026|2026_06
tamamo_no_mae_(swimsuit_lancer)_(fate)_(cosplay),general,2025|2026|2026_06
tamamo_no_mae_(the_faithful_dog_who_waits)_(fate)_(cosplay),general,2025
tamamo_no_mae_(third_ascension)_(fate)_(cosplay),general,2025|2026|2026_06
tamamo_roa,character,2025
tamanami_(tsuyu_mode)_(kancolle),character,2025
tamanin,artist,2025
tamanotsuyu,artist,2025|2026|2026_06
tamara_wukong,character,2025|2026|2026_06
tamasakura,general,2025
tamashii_(ooo_combo),character,2025|2026|2026_06
tamaya_jun,artist,2025
tamerai_zero,artist,2025
tamiko,artist,2025
tamisco,artist,2025
tammuz_(megido72),character,2025
tammy_(ponymoe),character,2025
tamu_(expo75),artist,2025
tamura_atsushi,artist,2025
tamzy_(gachiakuta),character,2025
tan900000000,artist,2025|2026|2026_06
tan_background,general,2025
tan_yang_(summer_mode)_(kancolle),character,2025
tan_youyou,character,2025|2026|2026_06
tanabata_festival_(ensemble_stars!),general,2025
tanabe_trainer,character,2025|2026|2026_06
tanaka_(shiromanta),character,2025
tanaka_(user_hfds7453),artist,2025
tanaka_(vgnu3845),artist,2025
tanaka_naoko,artist,2025
tanaka_yoshiko,artist,2025
tanakani39,artist,2025|2026|2026_06
tanakarie_(voice_actor),artist,2025|2026
tanao,artist,2025|2026|2026_06
tanao_(user_vveu4277),artist,2026|2026_06
tanawut_gittakanworakit,artist,2025
tanba_akari,character,2025
tanba_akari_(cosplay),general,2025
tanda_yuru,artist,2025|2026|2026_06
tane1379,artist,2025|2026|2026_06
tane_(137),artist,2025|2026|2026_06
tanegoma,artist,2025
tang_a_tang_(n/a),artist,2025|2026|2026_06
tang_hua_hanxiao_xiang_suit,artist,2025
tang_san_jiao,artist,2025
tang_yun_(six-eared_macaque),character,2025
tangduolynn,artist,2025
tangfangfupi,artist,2025
tangle_kelp_(plants_vs_zombies),character,2025
tangled:_the_series,copyright,2025
tangyou_siyuexiaokeai,artist,2025|2026|2026_06
tani_11gr,artist,2026|2026_06
tani_yuusuke_(seihantai_na_kimi_to_boku),character,2026|2026_06
taniel_(atelier_amber),artist,2025
taniguchi_daisuke_(surumenium),artist,2025
taniguchi_mototsuge,artist,2025
tanikaze_(christmas_mode)_(kancolle),character,2025
tanimoto_yuzu,character,2025|2026|2026_06
tanita,artist,2025
tank+tank_form,general,2025|2026
tank_destroyer,general,2025
tanktop_camo,artist,2025
tanmei_(syoganaina),artist,2025
tanonaka_isamu,character,2025
tanpaku,artist,2025|2026|2026_06
tansaninryo,artist,2025
tantouk,artist,2025|2026|2026_06
tanugaw,artist,2025
tanukick23,artist,2025|2026|2026_06
tanukiillust,artist,2025
tanya_rain,artist,2025
tanzaburou_toujima,character,2026
tanziya_(codlxcold),artist,2025|2026|2026_06
tao_(dai_nana_oji),character,2025
tao_(dai_nana_oji)_(cosplay),general,2025
taoru20000,artist,2025
taoru_oekaki,artist,2025
tape_on_clitoris,general,2025
taped_magazines,general,2025|2026|2026_06
taped_pussy,general,2025
tapioca,general,2025
taqrider,artist,2025|2026|2026_06
tara_(vtuber),character,2025|2026|2026_06
tarabillinger,artist,2025
tarakomoooon,artist,2025
taras,character,2025
tare7gasi_mi,artist,2025
tarhos_kovacs,character,2025|2026|2026_06
taric,character,2025|2026|2026_06
taric_(cosplay),general,2025|2026
taroumarimo3,artist,2025
taroutachi,character,2025
tart_(fresh_precure!),character,2025|2026|2026_06
tartarus_theatre,general,2025
taruruuto,character,2025
tarutaru_(puyopuyo),character,2025
tarzan,copyright,2025
tarzan_(disney),character,2025
tashori,artist,2026|2026_06
tasogare_(twilight),artist,2025|2026
tasque_(deltarune),character,2025|2026|2026_06
tasuku_isa_isa,artist,2025|2026|2026_06
tasurou_akiyama,character,2025|2026|2026_06
tatakau_ataisuru,copyright,2025
tatami_san_tatami,artist,2025|2026|2026_06
tatara_black_maple_(benghuai_xueyuan),character,2025|2026|2026_06
tatara_kenshiro,character,2025
tatara_white_sakura_(benghuai_xueyuan),character,2025|2026|2026_06
tate_(artist),artist,2025
tateha,character,2025|2026|2026_06
tateyoko,artist,2025
tatiana_(grimms_notes),character,2025
tatibana-tsuki,artist,2025
tatjasng12,artist,2025|2026|2026_06
tatoba_(ooo_combo),character,2025|2026|2026_06
tatsugami_reiko_(conceited_raven),character,2026|2026_06
tatsuhoju,artist,2025
tatsuki_nekoma,artist,2025
tatsuma_ejiri,artist,2025
tatsumi_haibara,character,2025|2026|2026_06
tatsumi_haibara_(cosplay),general,2026|2026_06
tatsunoko_vs_capcom,copyright,2025
tatsuta_(light_cruiser),general,2025|2026|2026_06
tatsuta_(swimsuit_mode)_(kancolle),character,2025
tatyana_larina_(arknights),character,2025
tatyana_rzhyev,character,2025
tau_(snowbreak),character,2026
tavieros,artist,2025
tawai,artist,2025
tawawakowai,artist,2025
tax_fraud,general,2025
taxi_(2004_film),copyright,2025
taya_(shining_force),character,2025
taylor_(pokemon),character,2025
taymy,artist,2025
tayoshi_freedam,artist,2025
tayutau_koi_no_chiri_sai_ni,copyright,2026|2026_06
tayutayu2,artist,2025
taziku,artist,2025|2026|2026_06
tb_png,artist,2025|2026|2026_06
tboy58,artist,2025
td12734,artist,2025|2026|2026_06
te4moon,artist,2025|2026|2026_06
tea1009,artist,2025
teaaaaaa,artist,2025|2026|2026_06
teachicken,artist,2025
teal_outfit,general,2025|2026|2026_06
teal_shirt,general,2025|2026|2026_06
teallysky,artist,2025
team_aqua_logo,general,2025
team_cipher,general,2025
team_flare_logo,general,2025
team_galactic_logo,general,2025
team_magma_logo,general,2025
team_plasma_logo,general,2025
teamo_0w0,artist,2025
tear_(tensei_shitara_slime_datta_ken),character,2025
tear_ring_saga:_berwick_saga,copyright,2025|2026|2026_06
tear_ring_saga:_utna_heroes_saga,copyright,2025|2026|2026_06
teardrops_(user_vgvd7733),artist,2025|2026|2026_06
teary_fulgens_(idolmaster),general,2026|2026_06
teasing_nipples,general,2025
teban1983,artist,2025
tebasaki_yarou,artist,2025|2026|2026_06
tebd_menkin,artist,2025
tech_deck,general,2025
techni_amane,artist,2025
technicolor_flowers_(ensemble_stars!),general,2026|2026_06
techno_fuyuno,artist,2025
technocultist,artist,2025
teddy_(den-o),character,2025
teemo,character,2025|2026|2026_06
teemo_(cosplay),general,2025|2026|2026_06
teen_titans_(tv_series),copyright,2025
teenage,general,2025|2026|2026_06
teenage_mutant_ninja_turtles_(80s),copyright,2025
teenage_mutant_ninja_turtles_vs._street_fighter,copyright,2026|2026_06
teenage_mutant_ninja_turtles_x_naruto,copyright,2026|2026_06
teenage_mutant_ninja_turtles_x_stranger_things,copyright,2025|2026|2026_06
teepo,character,2025|2026|2026_06
teeth_bro,artist,2025
tefduck,artist,2025
tefec,artist,2025
tefutefu,character,2025
tefutefufu,artist,2025|2026|2026_06
tegumine_k,artist,2025
tehau_(sup_calon),artist,2025
tehca,artist,2026|2026_06
tei(_te_i_328),artist,2026|2026_06
teiiku,character,2025
teika-gumi_(nijisanji),general,2025
teiraman,artist,2025|2026|2026_06
teita_(pixiv279117),artist,2025
tekken_maxim_photoshoot,general,2025
teko_(sizuma-k1119),artist,2025
teko_ion,character,2026|2026_06
tekondo,artist,2025
tel_(iimalet_down),artist,2025
tell_(seallllion),character,2025
telthona,artist,2025
temlyak,general,2025
temperature_map,general,2025|2026|2026_06
temperature_play,general,2025|2026|2026_06
tempest_(user_dfng4383),artist,2026|2026_06
temple_flameguard,character,2025|2026|2026_06
temptation_(module),general,2025
ten'i,character,2025
ten_cws,artist,2025|2026|2026_06
tendin,artist,2025|2026|2026_06
tendot,artist,2025
tendou_(sakusei_byoutou),character,2025
tendou_maya_(cosplay),general,2025|2026|2026_06
tendou_mutsuki,character,2025
tendril_arm,general,2025|2026|2026_06
tenebrous_mimiflora,character,2025
tengtengs1234,artist,2025|2026|2026_06
tenjou_tenge-in_meiko,character,2025
tenkeyoho_euc,artist,2025|2026|2026_06
tenko_(tenshoku_tenko_no_shokugyo_zukan!),character,2025
tenko_(winged_assessin),artist,2025|2026|2026_06
tenkokuto,artist,2025
tenma_maemi_(2nd_costume),character,2025|2026|2026_06
tenma_maemi_(3rd_costume),character,2026|2026_06
tenmii_(transparent),artist,2025
tenmsd,artist,2026|2026_06
tennin,artist,2025
tennis_daisy,character,2025
tennis_luigi,character,2025
tennis_mario,character,2025
tennis_pauline,character,2025
tennis_peach,character,2025
tennis_rosalina,character,2025
tenno,character,2025
tenochtitlan_(korean_ver._7th_anniversary)_(fate),character,2026|2026_06
tenochtitlan_(swimsuit_mooncancer)_(fate),character,2025
tenochtitlan_(swimsuit_mooncancer)_(fate)_(cosplay),general,2025
tenochtitlan_(swimsuit_mooncancer)_(third_ascension)_(fate)_(cosplay),general,2025
tenoo12,artist,2025
tenori,artist,2025
tenputla_095,artist,2026|2026_06
tenryuu_(light_cruiser),general,2025|2026|2026_06
tenryuu_(swimsuit_mode)_(kancolle),character,2025
tensai_nano_kamo_shirenai_(love_live!),general,2025
tenshisama_pr,artist,2026|2026_06
tenshoku_tenko_no_shokugyo_zukan!,copyright,2025
tenshouin_eichi_(koikoi_love_cafe),character,2025|2026|2026_06
tentacle_arm,general,2025|2026|2026_06
tentacle_censor,general,2025|2026|2026_06
tentacle_grab,general,2025|2026|2026_06
tentacle_hands,general,2025|2026|2026_06
tentacle_hold,general,2025
tentacle_mouth,general,2025|2026|2026_06
tentaclejob,general,2025|2026|2026_06
tentekomai,artist,2025
tentenpan,artist,2025
tenti0619,artist,2025
tenyi_spirit_-_surya,character,2025
teodora_(legend_quest),character,2025|2026|2026_06
teppei_kurimatsu,character,2025
terakado_tsu,character,2025
terakado_tsu_(cosplay),general,2025
terakawa_aimi,character,2025|2026|2026_06
terariailjjingat,artist,2025
terashima_nobu,character,2025
teree_gte,artist,2025
terekakushi_parka_(module),general,2025
terekyasuta,artist,2025|2026|2026_06
teren_mikami,artist,2026|2026_06
teripin0567,artist,2025
teriyaki410,artist,2025
teroro,artist,2025
terra_(gomulgong),character,2026|2026_06
terracchi,artist,2025
terrence_(angry_birds),character,2025|2026
terribleping,artist,2025
terriermon_x,character,2025|2026|2026_06
terry199813740,artist,2025|2026|2026_06
terry_(aciii),character,2025
terry_a_davis,character,2025
terry_a_davis_(cosplay),general,2025
teru_(245_neko),artist,2025
terugawa_kisaki,character,2025|2026|2026_06
teruru_sakura,artist,2025|2026|2026_06
terusiopero,artist,2025
teruzuki_(jmsdf),general,2025|2026|2026_06
teruzuki_(swimsuit_mode)_(kancolle),character,2025
teruzuki_(yukata_mode)_(kancolle),character,2025
tesset_(baster_master_zero),character,2025|2026|2026_06
test_of_courage,general,2025|2026|2026_06
test_of_courage_(ensemble_stars!),general,2025
test_plugsuit,general,2025
testarossa_(tensei_shitara_slime_datta_ken),character,2025
testicle_flicking,general,2025
tetesudeesu,artist,2025|2026|2026_06
tetratech,copyright,2025
tetsu_(trouble_buster),character,2026|2026_06
tetsu_no_shoujo_to_yumemigachi_na_ohimesama,copyright,2025|2026|2026_06
tetsubo,artist,2025|2026|2026_06
tetsuhito_ito,artist,2025
tetsujin_28-gou_(1st_series),copyright,2025
tetsukamakina,artist,2025
tetsunosuke_sasaki,character,2025
tetsusaiga,general,2025
tetsuya-o,artist,2025|2026|2026_06
tetsuzou_(mascot),character,2025|2026|2026_06
tevak,character,2025
tewtewga,artist,2025
texas_(ambience_synesthesia)_(arknights),character,2025|2026|2026_06
texas_(winter_messenger)_(arknights)_(cosplay),general,2025|2026|2026_06
texas_the_omertosa_(ambience_synesthesia)_(arknights),character,2025|2026|2026_06
texasanimelover,artist,2025|2026|2026_06
texnmjgf,artist,2025
text_on_cup,general,2025|2026|2026_06
text_on_mug,general,2025|2026|2026_06
text_print,general,2025|2026|2026_06
tezcatlipoca_(grail_league)_(fate),character,2025
tezcatlipoca_(korean_ver._7th_anniversary)_(fate),character,2026|2026_06
tgp11s_hawkeye_(mechanical_buddy_universe),character,2025
th3caterpiller,artist,2025|2026|2026_06
thai_schoolgirls_on_scooter_(meme),general,2025|2026|2026_06
thanatos_(benghuai_xueyuan),character,2025|2026|2026_06
thanos_(squid_games),character,2025
that_maskey,general,2025|2026
thatch,character,2025
thatpersonaguy,artist,2025
thats_not_it,general,2025|2026|2026_06
the_archetype,character,2025|2026|2026_06
the_art_of_mathew,artist,2025
the_bad_guys_(film),copyright,2025
the_beast,character,2025
the_beast_(film),copyright,2025
the_bends_(album),copyright,2025|2026|2026_06
the_blink_of_the_eye_and_exhibition_(ensemble_stars!),general,2025|2026|2026_06
the_boy_in_the_dream_(duet_night_abyss),character,2025|2026|2026_06
the_c0rner,artist,2026
the_captain,character,2025|2026
the_card,artist,2025
the_chef(user_dmmh2433),artist,2025
the_coat_of_many_colors,copyright,2025
the_cockpit,copyright,2025|2026|2026_06
the_contents_of_my_bag,general,2026|2026_06
the_count_of_monte_cristo_(chinese_ver._9th_anniversary)_(fate),character,2026|2026_06
the_count_of_monte_cristo_(fgo_fes._2024)_(fate),character,2025
the_count_of_monte_cristo_(second_ascension)_(fate)_(cosplay),general,2025
the_creeper,character,2025
the_crow_(film),copyright,2025
the_crown_of_the_crimson_king,general,2025
the_curator_(rpo),character,2025
the_defect,character,2025|2026|2026_06
the_defect_(cosplay),general,2025|2026|2026_06
the_elder_scrolls_legends,copyright,2025
the_eviltom,artist,2025|2026|2026_06
the_fear_(videogame),copyright,2026|2026_06
the_fingers_of_punta_del_este,general,2026|2026_06
the_fool,character,2025
the_fool_(cosplay),general,2025
the_ghost_(arknights),character,2025|2026|2026_06
the_girl,character,2025|2026|2026_06
the_girl_in_the_dream_(duet_night_abyss),character,2025|2026|2026_06
the_girls_of_tekken_photoshoot,general,2025
the_golden_child_(1986_film),copyright,2025
the_great_troll-sama,copyright,2025|2026|2026_06
the_hermit,artist,2025
the_hidden_treasure_of_area_zero_part_2:_the_indigo_disk,copyright,2025
the_hunchback_of_notre_dame,copyright,2025
the_hunter_(1980_film),copyright,2025
the_hunter_(film),copyright,2025
the_hunter_(little_nightmares),character,2025|2026|2026_06
the_inheritance_cycle,copyright,2025|2026|2026_06
the_ironclad,character,2025
the_ironclad_(cosplay),general,2025
the_jester_of_nihil,character,2025
the_king's_horseback_ride_(ensemble_stars!),general,2025
the_last_of_us_2,copyright,2025|2026|2026_06
the_last_steam_knight,character,2025
the_lion_king_2:simba's_pride,copyright,2025
the_little_mermaid,copyright,2025
the_menu_(2022_film),copyright,2025
the_mist_(copyright),copyright,2025
the_monkey,general,2025|2026|2026_06
the_mother_(benghuai_xueyuan),character,2025|2026|2026_06
the_mr._men_show,copyright,2025
the_mysterious_murasame_castle,copyright,2025|2026|2026_06
the_nekoma,artist,2025|2026|2026_06
the_new_frontier_costume_(umamusume),general,2025
the_ninjago_movie,copyright,2025|2026|2026_06
the_only_thing_i_know_for_real_(music),general,2026
the_owner_(den-o),character,2025
the_princess_and_the_frog,copyright,2025
the_punisher,copyright,2025
the_quin_quin,artist,2025
the_ride-on_king,copyright,2025
the_royal_family,copyright,2026|2026_06
the_running_man,general,2025
the_sandman_(video_game),copyright,2025|2026|2026_06
the_scythian,character,2025|2026|2026_06
the_shepherd_(joel_g),character,2025
the_silent,character,2025
the_silent_(cosplay),general,2025
the_stains_of_time_(music),general,2025|2026|2026_06
the_story_of_thor,copyright,2025|2026|2026_06
the_survivor_(lies_of_p),character,2025|2026|2026_06
the_survivor_(lies_of_p)_(cosplay),general,2025|2026|2026_06
the_sword_in_the_stone,copyright,2025
the_teacher,character,2025|2026|2026_06
the_thin_man,character,2025|2026|2026_06
the_tower,copyright,2026
the_upright_infinity,artist,2025
the_violence_fiend_(chainsaw_man),character,2026
the_void_to_fly,artist,2025|2026|2026_06
the_wanderer_(mtg),character,2025
the_wicked_tax_collector_(project_moon),character,2025|2026|2026_06
the_witcher_3:_wild_hunt,copyright,2025
the_wolf_and_red_riding_hood_(ensemble_stars!),general,2025|2026|2026_06
the_wolf_and_the_seven_young_kids,copyright,2025|2026|2026_06
the_world,character,2025|2026|2026_06
the_world_(cosplay),general,2025|2026|2026_06
the_world_(doubutsu_sentai_zyuohger),character,2025|2026
theaggravatedartist,artist,2025
theartistmouse,artist,2026|2026_06
theatre_(medium),general,2025
theatre_mask,general,2025
theazureciel,artist,2025|2026|2026_06
thebee_zector,general,2026|2026_06
theco_2,artist,2025
thedansome,artist,2025
thedivis_(old_design),character,2025
thedustyleaves,artist,2025
theflatfacadeds,artist,2025|2026|2026_06
theginneko,artist,2025
thegorgonist,artist,2025
thelittlefirefly,artist,2025
themaree,artist,2025
thenewguyart,artist,2025
thenintlichen96,artist,2025
theonehornedimp,artist,2025|2026|2026_06
theonewithbear,artist,2025
there's_a_starman_(meme),general,2025|2026|2026_06
there_will_be_bloodshed_(meme),general,2025
therealshelts,artist,2025
theresa_apocalypse_(benghuai_xueyuan),character,2025|2026|2026_06
theresa_apocalypse_(luna_kindred)_(cosplay),general,2025
theresa_apocalypse_(lunar_vow:_crimson_love),character,2025|2026|2026_06
theresa_apocalypse_(redolent_in_red),character,2025|2026|2026_06
theresa_apocalypse_(till_death_do_us_part),character,2025|2026|2026_06
therese,character,2025
therius,character,2025|2026|2026_06
thermal-ex_(ambience_synesthesia)_(arknights),character,2025|2026|2026_06
thermal-ex_(arknights),character,2025
theros,general,2025
thesuyo,artist,2026|2026_06
thetopspud,artist,2025|2026|2026_06
thewarchief,artist,2025
thiago0golden,artist,2025|2026
thian_(user_yxth3237),artist,2025
thick_tongue,general,2025|2026|2026_06
thief_(kiteretsu),artist,2025
thigh_frame,general,2025|2026|2026_06
thigh_ring,general,2025|2026|2026_06
thin_hair,general,2025
thing_(addams_family),character,2025|2026|2026_06
thing_(marvel),character,2025
third_brand,artist,2025
third_eye_on_arm,general,2025|2026|2026_06
third_eye_on_chest,general,2025|2026|2026_06
thirdrategear,artist,2025|2026
thirst_trap_(comic),copyright,2025|2026
this_(amanashi),artist,2025|2026|2026_06
this_is_serious_we_might_make_you_delirious_(meme),general,2025|2026|2026_06
this_is_sparta,general,2025
thisisidealwaw,artist,2025
thomas_the_tank_engine_(character),character,2025
thomasmakes,artist,2025|2026|2026_06
thomson,artist,2025
thong_one-piece_swimsuit,general,2025
thor_(benghuai_xueyuan),character,2025|2026|2026_06
thor_(crosscore),character,2026|2026_06
thorny_devil_lizard,general,2025
thought_(arknights),general,2025
threadxqq,artist,2025
three-nine_(space_train),character,2025|2026|2026_06
three-tone_hair,general,2026|2026_06
three_finger_handjob,general,2026|2026_06
three_quarter_profile,general,2025
three_quarter_view,general,2025
threedle,artist,2025|2026|2026_06
threepeater_(plants_vs_zombies),character,2025
thresh_(league_of_legends),character,2025|2026|2026_06
throat_mouth,general,2025|2026|2026_06
thronebreaker:the_witcher_tales,copyright,2025|2026|2026_06
thrown,general,2025|2026|2026_06
thrown_food,general,2025
thrud_(ring_the_bell)_(fate)_(cosplay),general,2025|2026|2026_06
thrud_(welcome_to_the_travelling_circus!)_(fate),character,2025
thsr_sawa_taki,artist,2025|2026|2026_06
thu_nguyen,artist,2025|2026|2026_06
thumbelina,copyright,2025
thumbelina_(character),character,2025
thumbelina_(character)_(cosplay),general,2025
thumbelina_(thumbelina_(1994)),character,2025
thumbellina,character,2025|2026
thunder_(crosscore),character,2026|2026_06
thunder_breastar,general,2025
thundergale_revice,general,2025
thunderhelm_lawachurl,character,2025
thundering_squama_(wuthering_waves),character,2025|2026|2026_06
thunderpowered,artist,2025
ti9931,artist,2025
tia_(benghuai_xueyuan),character,2025|2026|2026_06
tiaamaito,artist,2025
tialas403,artist,2025
tiamat_(exhibition_attire)_(fate),character,2025
tiamat_(femme_fatale)_(fate)_(cosplay),general,2025
tianglansan,artist,2026|2026_06
tianguan_cifu,copyright,2025|2026|2026_06
tianhu_(the_legend_of_luoxiaohei),character,2025|2026|2026_06
tianhua64293936,artist,2025|2026|2026_06
tianqing_miaofa,artist,2026|2026_06
tianye_toshi,artist,2025
tianyi,artist,2025|2026|2026_06
tianyintonghua,artist,2026|2026_06
tiarose_lapis_clementille,character,2025|2026|2026_06
ticaletta,artist,2025
tidakmelogika,artist,2025
tideus_(power_rangers),character,2025
tie_bikini_bottom,general,2025|2026|2026_06
tie_fighter_(video_game),copyright,2025|2026|2026_06
tied_hair,general,2025
tied_sleeves,general,2025|2026|2026_06
tied_to_post,general,2025|2026
tiered_serving_tray,general,2025|2026|2026_06
ties,artist,2025
tieshi_yixia_(benghuai_xueyuan),character,2025|2026|2026_06
tiffani_grace_(hts9),character,2025|2026|2026_06
tiffany_knight,artist,2025
tiga_dark,character,2025
tiger_moth_(airplane),general,2025
tiger_of_the_fifth_earth_star_(ensemble_stars!),general,2025|2026|2026_06
tiger_print_pants,general,2026|2026_06
tigerkitten907,artist,2025
tiii_13,artist,2025
tikarasu,artist,2025
tiki_(young)_(emblem)_(fire_emblem),character,2026|2026_06
til_oria,character,2025
tilestone,character,2025
tilt,artist,2025
tilted_hat,general,2025
tim_1127,artist,2025|2026|2026_06
tim_stoker,character,2026|2026_06
tim_yan,artist,2025
time_eater,character,2025|2026|2026_06
times_new_roman_(font),general,2025
timesoe,artist,2025|2026|2026_06
timetail,artist,2025
timewatch,artist,2025
timid_(benghuai_xueyuan),character,2025|2026|2026_06
timmy_(wallace_and_gromit),character,2025
timmyyen,artist,2025|2026|2026_06
timon_(lion_king),character,2025
timy505,artist,2025|2026|2026_06
tina(buta_koushaku),character,2025
tina_(tina030),artist,2025|2026|2026_06
ting-lu_(pokemon),character,2025|2026|2026_06
ting_shi_16,artist,2025|2026|2026_06
tingliang,artist,2026|2026_06
tinker_bell_(character),character,2025
tinker_bell_(character)_(cosplay),general,2025
tinmoc,artist,2025|2026|2026_06
tiny_ambition_(idolmaster),general,2025|2026|2026_06
tinydream,artist,2025
tinytruc,artist,2025
tio_clarce,character,2025|2026|2026_06
tion_tioon,artist,2025
tip_vorticies,general,2025|2026|2026_06
tiphereth_(cccc71629955),artist,2025
tiphereth_(phantom_of_the_kill),character,2025
tiramisu_(harlem_blade),character,2025
tiranaihana,artist,2025|2026|2026_06
tired_ant_(gomulgong),character,2025|2026|2026_06
tired_potato,artist,2025|2026|2026_06
tis,character,2025
tisiphone,character,2025
tisole_dead,artist,2025|2026|2026_06
tisshu_(pixiv),artist,2025
tist,artist,2025
titan_(user_gfax7344),artist,2025
titania_(el_jarocho_feliz),character,2025|2026
titi-chuchu,artist,2025|2026|2026_06
title_(daimei),artist,2025|2026|2026_06
titslove1127,artist,2026|2026_06
tiye_(dislyte),character,2025
tjrwnsleo,artist,2025|2026|2026_06
tk1,artist,2025
tkeio,artist,2025
tknhn1234_tknhn,artist,2025
tkotu434,artist,2025
tks,artist,2025
tksm_pos,artist,2025|2026|2026_06
tkuk4553,artist,2025
tlandolt69,artist,2025
tlctm7h8wdwnthx,artist,2025
tm-pika,artist,2025|2026|2026_06
tm_(js1mb),artist,2025|2026|2026_06
tm_momo,artist,2025
tma,copyright,2025|2026|2026_06
tmk,artist,2025
tmngmzi,artist,2025
tmo8888,artist,2025|2026
tmrn8888,artist,2025
tn_kn1000,artist,2025|2026|2026_06
tnkj4732,artist,2026|2026_06
tnoqina,artist,2025
tnpp_coc,artist,2025|2026|2026_06
to-nyoko,artist,2025|2026
to35roro,artist,2025|2026|2026_06
to@st,artist,2025
to_siva,artist,2025
toba_taiyo,character,2026|2026_06
tobari_66,artist,2026|2026_06
tobechan,artist,2025
tobiichi_origami_(cr-unit),character,2026|2026_06
toboe,character,2025|2026|2026_06
tobori,artist,2025
tocattaart,artist,2025
toco5th,artist,2025
tocotohko,artist,2025
tod713scd,artist,2025
tod_noobie,artist,2025
toda_hisa_shinya,artist,2025|2026|2026_06
todd_(re:zero),character,2025|2026|2026_06
toddabella,artist,2025
todo_(candy_rainy),artist,2025
todo_aoi_(boukyaku_battery),character,2025
todo_no_tsumari,artist,2025
todomomozone,artist,2025
todoroki,artist,2025|2026|2026_06
todoroki_kjk,artist,2025
todrawki2,artist,2025
toe-point,general,2025
toei_animation,copyright,2025
toeless_footwear,general,2025
toffee_vt,character,2026|2026_06
toffeech,artist,2025
toffeene,artist,2025
tofubako,artist,2025|2026
tofudofu,artist,2025
togawa_kiyotsume,character,2025
togawa_sakiko's_father,character,2025
tohka_yatogami_(beast),character,2026|2026_06
tohka_yatogami_(beast)_(spirit),character,2026|2026_06
tohko1379,artist,2025
tohno_shiki_(2),character,2025|2026|2026_06
tohno_shiki_(2)_(cosplay),general,2025|2026
toho_(film_company),copyright,2025
toho_kaleido,artist,2025
tohojon3,artist,2025|2026|2026_06
tohowotaku,artist,2025
toichi_(ik07),artist,2025|2026|2026_06
toilet_symbol,general,2025
toji,character,2025|2026|2026_06
toji_no_miko_ryukyu-ken_furoku,copyright,2025
tojoafterdark,artist,2025|2026|2026_06
tokage_(prayico),artist,2025
tokary,artist,2025|2026|2026_06
toketeruegg3,artist,2025|2026|2026_06
toki_(bodysuit)_(blue_archive),character,2026|2026_06
toki_majutsushi_no_tsuyokute_new_game_2_~kako_ni_modotte_sekai_saikyou_kara_yarinaosu~,copyright,2025|2026|2026_06
tokifuji_kougetsu,artist,2025|2026|2026_06
tokiko_(touhou)_(bird),character,2025|2026|2026_06
tokimeki_crisis_level_xx,general,2025|2026|2026_06
tokimeki_gamer_level_xx,general,2025|2026|2026_06
tokimiya_rem,character,2025
tokimiya_rem_(cosplay),general,2025
tokinhr,artist,2025
tokino_sora_(7th_costume),character,2025
tokino_sora_(streetwear),character,2025
tokinohiyoko,artist,2025|2026|2026_06
tokio,artist,2025
tokisada_(escalation_heroine),character,2025
tokitarou_(alter_ego)_(lolita_majin),character,2025|2026|2026_06
tokitarou_(fate),character,2025
tokitarou_(fate)_(cosplay),general,2025
tokitomo_shirobee,character,2025
tokiwa_artist,artist,2025
tokoharuland_(parfait),artist,2025
tokonatsu_80,artist,2026|2026_06
tokovt,character,2025|2026|2026_06
tokoyami_towa_(5th_costume),character,2025
tokoyami_towa_(school_uniform),character,2025
tokugawa_ieyasu,character,2025|2026|2026_06
tokuhonnti_ru,artist,2025
tokumori_umaai,artist,2025
tokurou_(ozworld),artist,2025
tokusa_(qmwnrbtvycux),artist,2025
tokusa_riko,artist,2025
tokyo_mx,artist,2025
tokyo_revengers:_a_letter_from_keisuke_baji,copyright,2025|2026|2026_06
tokyo_treat,general,2025
tokyoin_reika,character,2025
tokyoosad,artist,2025
toland_(arknights),character,2025
tolass_and_wedge_(vrchat),character,2025
tolbak_2,artist,2025
tolfobak2,artist,2025
toliet_(rpns3544),artist,2025|2026|2026_06
tom_horn_(1980_film),copyright,2025
tom_kureson,artist,2025
tom_yum_kung,general,2026
toma_citrusta,artist,2025
tomarigi_yasumi,character,2025
tomato_aji_no_okashi,artist,2025
tomato_background,general,2025
tomato_kun,artist,2025|2026
tomato_quad,artist,2025|2026|2026_06
tomatsu_sakubee,character,2025
tomb_kings,general,2025|2026|2026_06
tomboy_(g-i-dle),general,2025
tomei_shizuku,character,2025
tomiiri,character,2025
tominaga_kazuhito,artist,2025
tommy_february6,character,2025|2026|2026_06
tomo-graphy,artist,2025
tomo_(aaron_ho_),character,2025
tomo_no,artist,2025
tomoe00022,artist,2025|2026|2026_06
tomoe_gozen_(fgo_x_lawson_2018)_(fate),character,2026|2026_06
tomoe_gozen_(swimsuit_saber)_(fate),character,2025
tomoe_gozen_(swimsuit_saber)_(fate)_(cosplay),general,2025
tomofuji_shinya,artist,2025
tomofumi_ogasawara,artist,2025
tomohiko_kiryu,artist,2025
tomohiro_mihaja,artist,2025
tomoko_(comb_xxx),artist,2025
tomonaga_rui_(gibagiba),character,2025|2026|2026_06
tomorrow,artist,2025
tomoshibana,artist,2025
tomoshibi_(kankore_tomori),artist,2025
tonami_kugamine,character,2025
tonari_no_ojima-san,artist,2025
tonari_no_seki_no_inkya_joshi_ga_oshi_utaite_datta_ore_no_kyoku_wo_uttatekure,copyright,2025
tonariuta,artist,2025
tone_(heavy_cruiser),general,2025
tone_(heavycruiser),general,2025
tone_kai_ni_(christmas_mode)_(kancolle),character,2025
tonel,artist,2025
tonesphere,copyright,2025
tonfa_(sisio),artist,2025|2026|2026_06
tongue_grab,general,2025|2026|2026_06
tongue_hold,general,2025|2026|2026_06
tongxiao_jiudao,artist,2025
tonia,character,2025
tonireneaz,artist,2025|2026
tonk,general,2025|2026|2026_06
tonkatsu,general,2025
tonkotsu,artist,2025
tonnkotu066,artist,2025
tonnurapan,artist,2025|2026
tontinkan800,artist,2025
tonton1719,artist,2025|2026|2026_06
tony_takezawa,artist,2025
tonyjeff,artist,2025
too_co_7020,artist,2025
too_low_salary,general,2025
too_many_fingers,general,2025|2026|2026_06
toocvtubers,artist,2025|2026
tooda_riko,artist,2025|2026|2026_06
toodles,character,2025
tooko_miyagi,artist,2025
tooku_nomura_(artist),artist,2025|2026|2026_06
toono_hanna,character,2025
toony_time,artist,2025|2026
tooru_(jojolion),character,2025|2026|2026_06
tooth_fairy_(rise_of_the_guardians),character,2025
tooyon,artist,2025|2026|2026_06
top_(sexual_preference),general,2025
top_50_manga_2005,copyright,2025
toph_bei_fong,character,2025
toph_bei_fong_(cosplay),general,2025
tophat_turtle_(va),artist,2025
topkeku,artist,2025
topknot_girl_(diva),character,2025
topless,general,2025
toppera,artist,2025
toppera-tpr,artist,2025
tora_(rggr),character,2025|2026|2026_06
tora_han,artist,2025
torado9198,artist,2025
torakozabu,artist,2025|2026|2026_06
toraracchi,artist,2025|2026|2026_06
torchwood_(plants_vs_zombies),character,2025
toreador_(benghuai_xueyuan),character,2025|2026|2026_06
tori55nigen,artist,2025|2026|2026_06
tori_(yestorius),artist,2025
torico893,artist,2026|2026_06
toriguchi,artist,2025
torii_takashi,artist,2025
toriki_pbw,artist,2025
toriko_(39chan),character,2025|2026|2026_06
toriseru_(rare_stone),artist,2025
toritoki_(1301237579),artist,2025
toritsu_hakuou_academy_uniform,general,2025
torn_bridal_gautlets,general,2025|2026
torn_legwear,general,2025
toro-osusi,artist,2025|2026|2026_06
toro_fujii,artist,2025
toroe_(3007174),artist,2025
torori_toro,artist,2025
torso,general,2025|2026|2026_06
torso_twist,general,2025|2026|2026_06
torukei,artist,2025
torute_aribaba,artist,2025|2026|2026_06
tory,artist,2025
tory_youf,artist,2025|2026|2026_06
tosaki,artist,2026
tosarayama,general,2025|2026
tosashi_bj,artist,2025
tosatsuhime_(funamusea),character,2025|2026|2026_06
tosazun,artist,2025
tosen_jordan_(pop_joker)_(umamusume),character,2026|2026_06
toshi_aoi,artist,2025
toshimichi_mori,artist,2025
toshimitsu_shimizu,artist,2025
toshiro_(rpo),character,2025
toshiro_shouji,artist,2025
toshiyuki_sawada,character,2025
total_war:_warhammer_2,copyright,2025
total_war:_warhammer_3,copyright,2025
totally_spies,copyright,2025|2026|2026_06
toto_(pixiv),artist,2025
toto_(twooz),character,2025
toto_(twooz)_(cosplay),general,2025
toto_setono_(live_union),character,2025
totokubara_kanata,character,2025
totome,artist,2025
totori_(benghuai_xueyuan),character,2025|2026|2026_06
totoribe_(copyright),copyright,2025
totoro_(torinezu),artist,2025
totosai,character,2025
totot-ss,artist,2025
tototo_sarada,artist,2026|2026_06
tototon,artist,2025
totototoilet,artist,2025
totototototo,artist,2025
totter_(shimmering_dew)_(arknights),character,2025
totto,artist,2025|2026|2026_06
totto-sensei,character,2025|2026|2026_06
tottsuaaan,artist,2025
tou_no25,artist,2025|2026|2026_06
toucailao,artist,2025
touching_another's_feet,general,2025
toudai_migu,artist,2025
toudou_aoi,character,2025|2026|2026_06
toudou_aoi_(jujutsu_kaisen),character,2025|2026|2026_06
toudou_aoi_(jujutsu_kaisen)_(cosplay),general,2025|2026
toudou_takatora_(sengoku_musou),character,2025|2026|2026_06
touei_robot_girls,copyright,2025
touen_shobou,artist,2025
toufu(tontonhuuuu),artist,2025|2026|2026_06
toufu_(danzu),artist,2025|2026|2026_06
tough_guy_(ensemble_stars!),general,2025
tougou_hina,character,2025
tougyuu,artist,2025
tougyuu_yukio,artist,2025
touhoou,general,2025
touhou_kenbun_roku,copyright,2025
touhou_soccer_2,copyright,2025|2026|2026_06
touhu_tige,artist,2025
toujou_tsukasa,character,2025|2026|2026_06
toujou_tsukasa_(cosplay),general,2025|2026|2026_06
touka's_father_(madoka_magica),character,2025
touka_(inkou_haden_amatsu),character,2025|2026|2026_06
toukaairab,artist,2025
toukai_trick,character,2025|2026|2026_06
touma217,artist,2026|2026_06
touma_mako,character,2025
toushiirou,artist,2025
toutaku,character,2025
touya358,artist,2025
touyako_nonno,character,2025|2026|2026_06
touzi_(shaiziji_or_liangshuishi),artist,2025
touziniao,artist,2025
towa_(towa_zz),artist,2025
toweling3,artist,2025
tower_defense_simulator_(roblox),copyright,2025
tower_of_babel_logo,general,2025
tower_of_grey_(stand),character,2025|2026|2026_06
towerknight_art,artist,2025
towo3,artist,2025|2026
toxicatedbucket,artist,2025
toxicnyannyan,artist,2025
toy1989820,artist,2025
toyamaru_sakura,artist,2025|2026|2026_06
toyasrk,artist,2025|2026|2026_06
toydreamings,artist,2025
toyeeta_prius,artist,2025|2026|2026_06
toyo_maru,artist,2025
toyonaga_ryouhei,artist,2025|2026|2026_06
toyota_van,general,2026|2026_06
toyotomi_hideyoshi,character,2025|2026|2026_06
toyotomi_hideyoshi_(cosplay),general,2025|2026|2026_06
tozai,artist,2025|2026|2026_06
tpsn,artist,2025
tqlo2q8lq7p2imb,artist,2025
tr3hyd,artist,2025
tr@sh,artist,2025
tracer_bullets,general,2025|2026|2026_06
track_suit_cammy,character,2025|2026|2026_06
trad_school_(module),general,2025
traditional_desk_lamp,general,2025|2026|2026_06
traghetto,artist,2025|2026|2026_06
trails_of_heart_(shining_nikki),character,2025
trainerjetart,artist,2025|2026|2026_06
training_outfit_(fire_emblem_engage),general,2025|2026|2026_06
training_pincerbeast_(arknights),character,2025|2026|2026_06
training_uniform,general,2025
traitor's_child,character,2025
trajan_(font),general,2025
tralalero_tralala_(meme),general,2025
trample,general,2025|2026|2026_06
tran_quynh_mai,character,2025|2026|2026_06
trance_freija_crescent,character,2025|2026|2026_06
trance_salamander_coral,character,2025|2026|2026_06
trancendental_raccoon,artist,2025
tranceorange,artist,2025|2026|2026_06
transflame,artist,2025|2026|2026_06
transformed_zoroark,character,2025|2026|2026_06
transformed_zorua,character,2025|2026|2026_06
transformers_(2007_film),copyright,2025
transformers_animated,copyright,2025|2026|2026_06
transformers_armada,copyright,2025|2026|2026_06
transformers_car_robots,copyright,2025|2026|2026_06
transformers_cybertron,copyright,2025|2026|2026_06
transformers_cyberverse,copyright,2025|2026|2026_06
transformers_energon,copyright,2025|2026|2026_06
transformers_go,copyright,2025|2026|2026_06
transformers_hearts_of_steel,copyright,2025|2026|2026_06
transformers_operation_combination,copyright,2025|2026|2026_06
transformers_power_of_the_primes,copyright,2025|2026|2026_06
transformers_prime,copyright,2025|2026|2026_06
transformers_shattered_glass,copyright,2025|2026|2026_06
transformers_super-god_masterforce,copyright,2025|2026|2026_06
transformers_victory,copyright,2025|2026|2026_06
transformers_zone,copyright,2025|2026|2026_06
transition,artist,2025|2026|2026_06
translucent_clothing,general,2026
translucent_dress,general,2025
translucent_ears,general,2025
translucent_fur,general,2026|2026_06
translucent_hair,general,2025|2026|2026_06
translucent_horns,general,2025|2026|2026_06
transmitter_(module),general,2025
transparent_bikini,general,2025|2026|2026_06
transparent_breasts_pads,general,2025|2026|2026_06
transparent_footwear,general,2025
transparent_gloves,general,2025|2026|2026_06
transparent_headwear,general,2025
transparent_leotard,general,2025|2026|2026_06
transparent_mask,general,2026|2026_06
transparent_swim_ring,general,2026|2026_06
transporter_erector_launcher_(tel),general,2025|2026|2026_06
trap_master_(yu-gi-oh),character,2025|2026|2026_06
trash._(manga),copyright,2025
trash_bin,general,2025
trashsquid,artist,2025|2026|2026_06
traveler_(benghuai_xueyuan),character,2026|2026_06
travis_o'_grady,character,2025|2026|2026_06
treasure_bug_(dungeon_meshi),general,2025|2026|2026_06
trebol,character,2025
tree_roots,general,2026|2026_06
treerootbeard,artist,2025
tremolo_arm,general,2025
trencker,general,2025
trevenant_(rock),character,2025
trey_clover_(birthday_boy),character,2025
treyni_(tensei_shitara_slime_datta_ken),character,2025
triangle_hand,general,2026|2026_06
triassic_battlizer,general,2025
triassic_ranger,character,2025
tribbie_(honey_brew)_(honkai:_star_rail),character,2026|2026_06
tribute,general,2025|2026|2026_06
trick_the_hard,character,2025
tricker_(module),general,2025
trickstar_hoodie,character,2025
trigger_truth,general,2025
trigonometric_function,artist,2025|2026|2026_06
trigun_stargaze,copyright,2025|2026|2026_06
triki_(loki),character,2025
trina,artist,2025
trini_kwan_(remake),character,2025
trinitro_t,artist,2025|2026|2026_06
trinity,character,2025|2026|2026_06
trinity_(cosplay),general,2026|2026_06
trinity_glassfield,character,2025|2026|2026_06
trinity_glassfield_(cosplay),general,2025|2026|2026_06
trinity_riderwatch,general,2025
triple_ahoge,general,2025|2026|2026_06
triple_scoop,general,2025
triple_side_labret_piercing,general,2025|2026|2026_06
tripleeight,artist,2025|2026|2026_06
trirgram,general,2025|2026|2026_06
trismegistus,character,2025
tristan_(arthurian),character,2025
tristana_(league_of_legends),character,2025|2026|2026_06
tristy-lunatic,artist,2025
triton,character,2025|2026|2026_06
troly,artist,2025
tron_(sd_gundam),character,2025|2026|2026_06
tropic-mango-juice,artist,2025|2026|2026_06
troubling_rain,character,2025
trpg-sw2-love,artist,2025|2026
trpg01,artist,2025|2026|2026_06
trrm_otoge,artist,2025
trstfx_(lina),artist,2025
true_insanity,artist,2025|2026
truffels_(chowder),character,2025|2026|2026_06
truffle,general,2025
trump_hat,general,2025|2026|2026_06
trundle,character,2025|2026|2026_06
trusty_fortune_(idolmaster),general,2025
truyenvn,artist,2025
trychaser,general,2025
tryndamere,character,2025|2026|2026_06
tryndamere_(cosplay),general,2025|2026|2026_06
ts_mahou_shoujo_now,copyright,2025
tsai-jung_yun,character,2025|2026|2026_06
tsarbombaman,artist,2025|2026|2026_06
tsaritsa_(genshin_impact),character,2025|2026|2026_06
tsky_shibeta,artist,2025
tsubaki_harusame,artist,2025|2026|2026_06
tsubasa_(akb0048),character,2025
tsubasa_(keno_ch_),character,2025
tsubasasekai,artist,2025|2026|2026_06
tsubutsubu_mikan,artist,2025
tsuchiaki,artist,2025
tsuchibashi_morishige,character,2025
tsuchinoko_(vjde8458),artist,2025|2026|2026_06
tsuduki,general,2025|2026
tsuduki-chan,character,2025|2026
tsudukuku,artist,2025
tsug,artist,2025
tsugu_0928,artist,2025
tsugumi_runa,artist,2025|2026|2026_06
tsujita_(nue_no_onmyouji),character,2025
tsujummi,artist,2025|2026|2026_06
tsukahara_ukyou,artist,2025|2026|2026_06
tsukamoto_rinichirou,artist,2025
tsukane_(latr06),artist,2025|2026|2026_06
tsukasa3104,artist,2025
tsukasa_(avdx5538),artist,2025
tsukasa_rin,artist,2025
tsukemono124,artist,2025
tsuki1910,artist,2025
tsuki_(kanzume1044),artist,2025|2026|2026_06
tsuki_(user_fmcf3332),artist,2025
tsuki_(user_nsky7434),artist,2025|2026|2026_06
tsuki_(user_zxpj3238),artist,2025
tsuki_gesshoku,artist,2025
tsuki_kazui,artist,2025
tsuki_no_shoujo-bishoujo_gakuen_2,copyright,2025
tsuki_wani_(style),general,2025
tsukiaki,artist,2025
tsukiishi_koyuki,character,2025
tsukijo_mona_(shiromanta),character,2025
tsukikumo_haori,artist,2025
tsukimi_ko_10,artist,2025|2026|2026_06
tsukimi_yozora_(shironeko_project),character,2025|2026|2026_06
tsukinaga_leo_(dominant),character,2026|2026_06
tsukinaga_leo_(indomitable_tiger),character,2026|2026_06
tsukinaga_leo_(love_collector),character,2026|2026_06
tsukino_mito_(10th_costume),character,2025
tsukino_mito_(11th_costume),character,2025
tsukino_mito_(12th_costume),character,2025
tsukino_mito_(13th_costume),character,2025
tsukino_mito_(14th_costume),character,2025
tsukino_mito_(15th_costume),character,2025
tsukino_mito_(16th_costume),character,2025
tsukino_mito_(19th_costume),character,2025
tsukino_mito_(20th_costume),character,2025
tsukino_mito_(2nd_costume),character,2025
tsukino_mito_(3rd_costume),character,2025
tsukino_mito_(4th_costume),character,2025
tsukino_mito_(5th_costume),character,2025
tsukino_mito_(6th_costume),character,2025
tsukino_mito_(7th_costume),character,2025
tsukino_mito_(8th_costume),character,2025
tsukino_mito_(9th_costume),character,2025
tsukino_mito_(fantasy),character,2026|2026_06
tsukino_yui,artist,2025
tsukinokobin,artist,2025
tsukinowa,artist,2025
tsukinowa_(pixiv),artist,2025
tsukioka_yui,character,2025
tsukiri_(m00nbase),artist,2025
tsukishiro_ao,artist,2025
tsukishiro_mona_(shiromanta),character,2025
tsukito_(12396788),artist,2025
tsukitoji_(jsxr3487),artist,2025
tsukiyotake545,artist,2026|2026_06
tsukumizu_yuu,artist,2025|2026|2026_06
tsukumizu_yuu_(style),general,2025|2026|2026_06
tsukumo_yuki,character,2025|2026|2026_06
tsukushi_azu,artist,2025
tsukuyomi_(artist),artist,2025
tsume,character,2025|2026|2026_06
tsumetai_breath,artist,2025|2026|2026_06
tsumigi_rintaro,character,2025
tsumugi_(benghuai_xueyuan),character,2025|2026|2026_06
tsumugi_(happinesscharge_precure!),character,2025
tsumugi_ll,artist,2025|2026|2026_06
tsumura_(user_fvej5527),artist,2025|2026|2026_06
tsumurimai,artist,2025|2026|2026_06
tsuna_(saskeni),artist,2025
tsunamagurou,artist,2025|2026|2026_06
tsunamune_touka,artist,2026|2026_06
tsunashi_ryuunosuke,character,2025|2026|2026_06
tsune_(tune),artist,2025
tsune_(tune)_(style),general,2025
tsunnamiart,artist,2025
tsuno_(tnngur),artist,2025
tsunomaki_watame_(8th_costume),character,2025
tsuntsun_(seiga18759944),artist,2025
tsuru-chan,character,2025|2026|2026_06
tsuru_(module),general,2025
tsuru_(nijie_227206),artist,2025
tsurubee1,artist,2025
tsurubishi_makabe,character,2026
tsuruhime,character,2025|2026|2026_06
tsurumai_kada,artist,2025
tsurumaki_maki_(cevio_ai_talk),general,2025|2026|2026_06
tsurumi,character,2025|2026|2026_06
tsurumi_(vov),artist,2025
tsurumiya_kenga_tsurumasa,artist,2025|2026|2026_06
tsuruno's_father_(madoka_magica),character,2025
tsutsumi_akirakou,artist,2025
tsuuko_(25mnts),artist,2025
tsuutenkaku,general,2025|2026|2026_06
tsuwabuki_sanshirou,artist,2025
tsuyako_yaotome_(yunamaro),character,2025
tsuyoshi_(ruq7v4xcivgqf3m),artist,2025
tsuyoshi_takaki,artist,2025
tsuyu_gn8,artist,2025
tsuyun_(artist),artist,2025
tt0215,artist,2025
tt_(song),general,2025|2026|2026_06
tt_921780,artist,2025|2026|2026_06
tteokie_(kaerucat),artist,2026
tteum93,artist,2025
tto107j0,artist,2025
tto107jo,artist,2025
ttriwk,artist,2025|2026|2026_06
tu-sugar-mami,artist,2025
tuanzimiao1,artist,2025
tubian_yingxiong,copyright,2025
tubian_yingxiong_leaf,copyright,2025
tucked_beneath_arm,general,2025
tucv5345,artist,2025
tuginoneko,artist,2025
tuki100day,artist,2025|2026|2026_06
tukikagerou,artist,2025
tukimo,artist,2025
tukinoha,artist,2025
tulogtulogan,artist,2025
tumbleweedfrenzy,artist,2025
tuna_empire,artist,2025|2026
tunbo302,artist,2025
tunde_jaji_(artist),artist,2025
tundra_dragon_(flight_rising),character,2025|2026|2026_06
tunip,character,2025
tunyamazui,artist,2025
tunyaoisi,artist,2025
tuppu,artist,2025
turan_jingmo,artist,2025
turbo_(film),copyright,2025
turbo_granny,character,2025
turbo_granny_(cosplay),general,2025
turbo_granny_(dandandan),character,2025
turbo_granny_(smt),character,2025
turkey_(user_pjzp7275),artist,2025
turmeric_(flower),general,2025|2026|2026_06
turnip_kabura,artist,2025|2026|2026_06
turo_(pokemon),character,2025
turo_(pokemon)_(cosplay),general,2025
turquoise,character,2025|2026|2026_06
turquoise_armor,general,2025|2026|2026_06
turquoise_jacket,general,2025|2026
turquoise_one-piece_swimsuit,general,2026|2026_06
turquoise_one-piece_swimswuit,general,2025
turquoise_theme,general,2025|2026|2026_06
turu,artist,2025
tuscaloosa_(halloween_mode)_(kancolle),character,2025
tuscaloosa_(haregi_mode)_(kancolle),character,2025
tushan_zhishuang,character,2025|2026|2026_06
tutankhamun_damashii,general,2025|2026|2026_06
tute_bear,artist,2025|2026
tuthanh63407224,artist,2025
tutorial_pig,character,2026
tuttle_(tuttle's_legendary_travels),character,2025
tuubwhy,artist,2025
tuye_(yu_shou_yan),character,2025
tv_man_(skibidi_toilet),character,2025|2026|2026_06
tv_woman_(skibidi_toilet),character,2025|2026|2026_06
tvanime_precure,artist,2025
tvzk5523,artist,2025|2026|2026_06
twelfth_night,copyright,2025
twenty_three_seven,copyright,2025
twerkey,character,2026|2026_06
twiii_princess,artist,2025
twiin,artist,2025|2026|2026_06
twilight_(cgkk4357),artist,2025
twilight_(go!_princess_precure),character,2025|2026|2026_06
twilight_(go!_princess_precure)_(cosplay),general,2025|2026|2026_06
twilight_tiger,general,2025|2026|2026_06
twilight_vow_(shining_nikki),character,2026|2026_06
twilightzant,artist,2025
twin_empresses_(arknights),character,2025
twin_sunflower_(plants_vs_zombies),character,2025
twincomplex,artist,2026|2026_06
twing_glutti,character,2025|2026|2026_06
twinkle_(uchi_no_hime-sama_ga_ichiban_kawaii),character,2025
twinkle_resort_(module),general,2025
twinkle_star_(module),general,2025
twinkling_waltz_(project_sekai),general,2025
twinsparkgirl,copyright,2025
twirling_gun,general,2025
twirling_weapon,general,2025
twisted_fate,character,2025|2026|2026_06
twistedlupo,artist,2025
twitch_(league_of_legends),character,2025|2026|2026_06
twitch_(league_of_legends)_(cosplay),general,2025|2026|2026_06
twitter-san,copyright,2025
twitter-san_(character),character,2025
twitttna,artist,2025
two-handed_onahole_handjob,general,2026|2026_06
two-headed_fox_(reverse:1999),character,2025
two-tone_footwear,general,2025
two-tone_sleeve_cuffs,general,2025|2026|2026_06
two_heads,general,2025
two_hiromi,artist,2025
twotail_(artist),artist,2025
txy_planetarium,artist,2026|2026_06
ty_aoki23,artist,2025
tyakomis,artist,2025|2026|2026_06
tyanoki,artist,2025|2026|2026_06
tyatyaumai29,artist,2025
tye.hen93,artist,2026
tyler_(pokemon),character,2025
tyleredlinart,artist,2025
tylerkohillust,artist,2025
tyltyl_and_mytyl,copyright,2025
type-3_kiryuu,character,2025
type_08_combat_vehicle,general,2025
type_0_fighter_model_21,character,2025
type_0_fighter_model_52,character,2025
type_0_fighter_model_62,character,2025
type_0_observation_seaplane,character,2025
type_0_reconnaissance_seaplane,character,2025
type_11_light_machine_gun,general,2025|2026|2026_06
type_14_air_radar,character,2025
type_2_seaplane_fighter,character,2025
type_3_command_liaison_aircraft,character,2025
type_54_black_star,general,2025|2026|2026_06
type_96_light_machine_gun,general,2025|2026|2026_06
type_96_tank_(ztz-96),general,2025
type_97_torpedo_bomber,character,2025
type_98_recon_seaplane,character,2025
type_99_dive_bomber,character,2025
type_99_light_machine_gun,general,2025|2026|2026_06
type_99_tank,general,2025
type_99_tank_(personification),character,2025
type_chou_dead_heat,character,2025
type_deadheat,general,2025
type_formula,character,2025
type_one_form,general,2025
type_speed,character,2025
type_three_form,general,2025
type_tridoron,general,2025
typo_(djmax),character,2025|2026|2026_06
tyqzxcvbnm00,artist,2025
tyr_(benghuai_xueyuan),character,2025|2026|2026_06
tyrannoranger,character,2025
tyrant_(benghuai_xueyuan),character,2025|2026|2026_06
tyrant_madoromi,artist,2025|2026|2026_06
tyrfing_(crosscore),character,2026|2026_06
tyson_ngo,character,2025|2026|2026_06
tywinkcasa,artist,2025|2026
u-511_(swimsuit_mode)_(kancolle),character,2025
u-densha,artist,2025
u-head_trainer,character,2025
u.g.e.,artist,2025
u1_kt,artist,2025
u373jmp,artist,2025
u7yrfedrjpe1cvb,artist,2025|2026|2026_06
u_304a2,artist,2025
u_jie,artist,2025
u_ma2,artist,2025
u_tabou_kikan_fuzai,artist,2025
uav,general,2025
uboot,general,2025|2026
ubu_(virgin_punk),character,2025|2026|2026_06
uchi_no_isourou_ga_sekai_wo_shouaku_shiteru!,copyright,2025
uchihasakino,artist,2025|2026|2026_06
uchon,artist,2025
ucukrtz,artist,2025
udajo,artist,2025
udcw4522,artist,2025
udon_wudong,artist,2025
udyr,character,2025|2026|2026_06
ue_ryouten_no_kawazoe-sensei,artist,2025|2026
ueda_kazuyuki,artist,2025
uehara,artist,2025
uehara_(walkman),character,2026|2026_06
uehara_rui-kun_(baretto)_(karasai07),character,2025
uehara_sumire_(eoduun_badaui_deungbul-i_doeeo),character,2025|2026|2026_06
uemyxuemy,artist,2025|2026|2026_06
uesugi_kagekatsu,character,2025|2026|2026_06
uesugi_kenshin,character,2025|2026|2026_06
uesugi_kenshin_(fate),character,2025
uesugi_kenshin_(fate)_(cosplay),general,2025
uetake_yuya,artist,2025
uevlzuafdtr1cxv,artist,2025
ueweue,artist,2026|2026_06
ueyama_tetsuro,artist,2025
ufo-x,general,2025
ufo-x_super,general,2025
ufo_(copyright),copyright,2025
ufpz2824,artist,2025
ufu-kung,artist,2025
ufzmu,artist,2025
ugai0524,artist,2025|2026|2026_06
ugatidou,artist,2025
ugla,artist,2025
ugly_man,general,2025
ugly_woman,general,2025|2026|2026_06
uglytree,artist,2025
ugo_(artist),artist,2025|2026|2026_06
uichi,artist,2025
uikyo_air_ride_(ensemble_stars!),general,2025|2026|2026_06
uirotori,artist,2025|2026|2026_06
uit-24_(valentine_mode)_(kancolle),character,2025
ujiujiyarou,general,2025
uju-in,artist,2025|2026|2026_06
ukaaaa0_x,artist,2025|2026|2026_06
ukawa,artist,2025
ukemi,general,2025
uketamawawryyyy,artist,2025
uketsukejou_ni_kokuhakushitakute_guild_ni_kayoitsumetara_eiyuu_ni_natteta,copyright,2025
ukin,character,2025
ukingdom1603_(pixiv_25316230),artist,2025|2026
ukipenguin,artist,2025
ukitaryu,artist,2025|2026|2026_06
ukitouchtypist,artist,2025
ukranian_ground_forces,general,2025
ukuru_(christmas_mode)_(kancolle),character,2025
ukuru_(halloween_mode)_(kancolle),character,2025
ukuru_(yukata_mode)_(kancolle),character,2025
uli97007255,artist,2025|2026|2026_06
ulianasdolls,artist,2026|2026_06
ulon,artist,2025
ultea,artist,2025
ultima_(tensei_shitara_slime_datta_ken),character,2025
ultimate_exorcist_kiyoshi,copyright,2025
ultimate_spider-man,copyright,2025|2026|2026_06
ultimate_spider-monkey,character,2025|2026|2026_06
ultimatezer0,artist,2025
ultra-13,artist,2025|2026|2026_06
ultra_ball_(legends),general,2025
ultra_d3spair,artist,2025
ultra_heroine_z_(fate)_(cosplay),general,2025|2026|2026_06
ultra_megaforce_red,character,2025
ultrablueanya,artist,2025|2026|2026_06
ultraman_exceed_x,character,2025
ultrazord,character,2025
ultron98,artist,2025
ulularts,artist,2025|2026|2026_06
ulyana,artist,2025
ulysses_(fallout_new_vegas),character,2025
uma_musu_movie,artist,2025
umakawa0815,artist,2025
umakrrrr,artist,2025|2026|2026_06
umappy0i,artist,2025
umaru,artist,2025
umasan,artist,2025
umataro_tenma,character,2025|2026|2026_06
umbrella_background,general,2025
umbrella_corporation_(logo),general,2025|2026|2026_06
umbrella_leaf_(plants_vs_zombies),character,2025
ume-bachi,artist,2025|2026|2026_06
ume_hatsuzuki,artist,2025
ume_monja,artist,2025|2026|2026_06
ume_sasaki,character,2025
umedu,artist,2025
umejani,artist,2025
umemoto_machi,artist,2025
umeo_(pixiv51103813),artist,2025|2026|2026_06
umeocha,artist,2025
umep_nunu,artist,2026|2026_06
umi_(_oneinchswing),artist,2025|2026|2026_06
umi_(azur_promilia),character,2025|2026|2026_06
umi_hime_yokai,character,2025|2026|2026_06
umiikuru,artist,2025|2026|2026_06
umikame00,artist,2025|2026|2026_06
umikaze_(swimsuit_mode)_(kancolle),character,2025
uminouni610,artist,2025
umise_yotsuha_(2nd_costume),character,2025|2026|2026_06
umitan1013,artist,2025
umiusea_works,artist,2025
umiyako_kousuke,artist,2025
umizarasi,artist,2025
umm_175,artist,2025
umou_(umouawa),artist,2025
umuz_(kjfdbkdroom),artist,2025
un'you_(mitsukoshi_mode)_(kancolle),character,2025
un_ke_yukiovo,artist,2025
un_tabetarou,artist,2025
una_(pixiv109718693),artist,2025
una_don_124,artist,2025
unagi_(mj_yuki),artist,2025
unakite_(personification),character,2025
unakyuu_vanilla,artist,2025
unamanju,artist,2025|2026|2026_06
unanagusa_(nhws7332),artist,2025|2026|2026_06
unaware,general,2025
unazyu,artist,2025
uncle_dush,artist,2025
unclelei,artist,2025|2026|2026_06
unconventional_artificial_vagina,general,2025|2026|2026_06
unconventional_emergency_vehicle_lighting,general,2025
unconventional_mermaid,general,2026|2026_06
undead_warrior_(yu-gi-oh!),character,2025
under_heaven,general,2025
under_penis,general,2025|2026|2026_06
underhanded_yellow_(module),general,2025
underpants,general,2025|2026|2026_06
undertow6150,artist,2025
undine_(romancing_saga_3),character,2025
undo_ryuta,artist,2025
undone_bra,general,2025|2026|2026_06
undone_chin_strap,general,2025|2026|2026_06
uneo00,artist,2026|2026_06
unforbiddennsfw,general,2026
unholy_zig,artist,2026|2026_06
uni_(weibo_5014495577),artist,2025
unica_closet,artist,2025|2026|2026_06
unico_(shingeki_no_bahamut),character,2025
unicorn_blizzard,general,2025|2026|2026_06
unification_by_force_(ensemble_stars!),general,2025
uniform_series_(idolmaster),general,2025
unini_mag,artist,2025|2026|2026_06
uniten_31,artist,2025
universal-kun_(m_ukkiw),artist,2025
unji_zuma,character,2025
unknown_(unknown_ooo_),artist,2025
unknown_artist_of_2ch_sakura_kyouko_thread,artist,2025
unknown_god_(genshin_impact),character,2025
unknown_god_(genshin_impact)_(cosplay),general,2025
unknown_modeler_of_2ch_sakura_kyouko_thread,artist,2025
unlimited_blade_works_(fate),general,2025
unlovely_(happinesscharge_precure!),character,2025|2026|2026_06
unlovely_(happinesscharge_precure!)_(cosplay),general,2025|2026|2026_06
unmanned_underwater_vehicle,general,2025|2026
unnamed_girl_presumed_to_be_curren_mirotic_(umamusume),character,2025|2026|2026_06
unnamed_girl_presumed_to_be_curren_mirotic_(umamusume)_(cosplay),general,2025|2026|2026_06
unnamed_horned_pokemon,character,2025
unnamed_manticore_girl_(arknights),character,2025
unnamed_snake_youkai_(touhou),character,2026|2026_06
unnyori,artist,2025
uno_tomoko_(animator),artist,2025
uno_yuuji,artist,2025
uno_yuuji_(style),general,2025
unoen,artist,2025
unosavy,artist,2025
unova_mother_(bw),character,2025|2026|2026_06
unova_mother_(bw2),character,2025|2026|2026_06
unrealplace,artist,2025|2026|2026_06
unrivaled_piercer_(idolmaster),general,2026|2026_06
unryuu_(tamacolle),character,2025
unseen_socks,general,2025
unseuboyfriend,artist,2025
untied_bikini,general,2025|2026|2026_06
untied_footwear,general,2025
untied_hakama,general,2026|2026_06
untitled_nyalra_anime,copyright,2025|2026|2026_06
unuse,artist,2025
unusually_visible,general,2025|2026|2026_06
unuvnmz5vwxzo9c,artist,2025|2026|2026_06
unwanted_exposure,general,2025
unworn_footwear,general,2025
unworn_hair_bow,general,2025|2026|2026_06
unworn_halo,general,2025|2026|2026_06
unworn_legwear,general,2025|2026|2026_06
unworn_shoe,general,2025
unzrmtk,artist,2025
uobito,artist,2025
upa_papa_co,artist,2025|2026|2026_06
upape38,artist,2025|2026|2026_06
upholstery,general,2026|2026_06
upon_thou_fair_cat,artist,2025
uppun_gatamaru_yume,artist,2025
uquulu,artist,2026|2026_06
ur-dragon,character,2025
ura_jg,artist,2025|2026|2026_06
ura_take,artist,2025
uragan,character,2025
urakaze_(yukata_mode)_(kancolle),character,2025
uranus_(battle_arena_toshinden),character,2025|2026
uratsuki,artist,2025
urayaka,artist,2025|2026|2026_06
urban_pop_(module),general,2025
urd_(benghuai_xueyuan),character,2025|2026|2026_06
ureshiitime_ki,artist,2025
urgot,character,2025|2026|2026_06
uriel,character,2025|2026|2026_06
uriumi_sub,artist,2025|2026|2026_06
uro30,artist,2025|2026|2026_06
urotsuki_(2013.04),artist,2025
ursa_machina,artist,2025
ursula_(fire_emblem),character,2025|2026|2026_06
ursula_(fire_emblem)_(cosplay),general,2025|2026|2026_06
ursula_(khadein)_(fire_emblem),character,2025|2026|2026_06
ursula_(khadein)_(fire_emblem)_(cosplay),general,2025|2026|2026_06
ursula_(resplendent)_(fire_emblem),character,2025|2026|2026_06
ursula_(summer)_(fire_emblem),character,2025|2026|2026_06
ursula_charistes,character,2025|2026|2026_06
ursula_charistes_(cosplay),general,2025|2026|2026_06
ursus_empire_logo,general,2025|2026|2026_06
ursyoctopus,artist,2025
uru_1121,artist,2025
urubida,character,2025|2026|2026_06
urubida_(cosplay),general,2025|2026|2026_06
uruka's_sister_(kenzen_kanojo_uruka-chan),character,2025
uruka_(kenzen_kanojo_uruka-chan),character,2025
urumi_luna,character,2025|2026|2026_06
ururieru,character,2025
ururu_(artist),artist,2025
urushibara_ruka,character,2025
urushibara_ruka_(cosplay),general,2025
urushihara_keisuke_(tennis_ace),character,2025
uruto_(pokemon),character,2026|2026_06
urza_(magic_the_gathering),character,2025
us_(ycas_sbr),artist,2025|2026|2026_06
usa4342,artist,2025
usa_(yameusa),artist,2025
usada_pekora_(10th_costume),character,2025
usada_pekora_(11th_costume),character,2026|2026_06
usagikurumi777,artist,2025|2026|2026_06
usagimi_biri,artist,2025|2026|2026_06
usai,character,2025|2026|2026_06
usami_(pixiv1360061),artist,2025
usao,artist,2025
usapon0424,artist,2026|2026_06
usapon_(artist),artist,2025|2026
usasaki_shiro,artist,2025|2026|2026_06
usatonyo,artist,2025
used_artificial_vagina,general,2025|2026|2026_06
user_100sun,artist,2026|2026_06
user_1084498288,artist,2025|2026|2026_06
user_1320050499,artist,2025|2026|2026_06
user_14411242,artist,2025|2026|2026_06
user_1579390876,artist,2025|2026|2026_06
user_17713865,artist,2025|2026|2026_06
user_20578587,artist,2026|2026_06
user_23153457,artist,2026|2026_06
user_262542751,artist,2026|2026_06
user_35372220,artist,2025|2026|2026_06
user_41628725,artist,2025|2026|2026_06
user_56641075,artist,2025|2026
user_85282097_(hoyolab),artist,2025|2026|2026_06
user_891095214,artist,2025|2026|2026_06
user_aaaf3585,artist,2026|2026_06
user_aafx8455,artist,2025|2026|2026_06
user_aajs4245,artist,2025|2026|2026_06
user_aajy5483,artist,2025
user_aamm7477,artist,2026
user_aatr2737,artist,2025|2026|2026_06
user_aavu8724,artist,2025|2026
user_aaww2288,artist,2025
user_acam5372,artist,2025|2026|2026_06
user_acdr2723,artist,2026|2026_06
user_acfp3222,artist,2025
user_achs4477,artist,2025
user_acpx2878,artist,2025|2026|2026_06
user_acun4253,artist,2026|2026_06
user_acuv8545,artist,2025|2026|2026_06
user_addm3542,artist,2025|2026
user_adfx7525,artist,2025|2026|2026_06
user_admh2545,artist,2026
user_admk4332,artist,2025|2026|2026_06
user_adpn2522,artist,2025|2026|2026_06
user_adsw3854,artist,2025|2026
user_advs8458,artist,2025
user_adwe7482,artist,2025
user_aeaa4878,artist,2025
user_aeha2372,artist,2025|2026
user_aenv2875,artist,2025|2026|2026_06
user_aerd5337,artist,2025|2026|2026_06
user_aerf7578,artist,2025|2026|2026_06
user_aeuc3857,artist,2025
user_aewn2734,artist,2026
user_aexa7224,artist,2025|2026|2026_06
user_afcv8333,artist,2025|2026
user_afgh8827,artist,2025|2026|2026_06
user_afna5323,artist,2025|2026
user_afrx2753,artist,2025|2026|2026_06
user_afvh3575,artist,2025|2026
user_agap4457,artist,2026|2026_06
user_agch4372,artist,2025|2026|2026_06
user_agdu2437,artist,2025|2026|2026_06
user_ageg3223,artist,2025|2026
user_agex8845,artist,2025|2026
user_agfd3872,artist,2025|2026|2026_06
user_aghg5445,artist,2025|2026|2026_06
user_agmt8333,artist,2025|2026|2026_06
user_agwc5284,artist,2025
user_agzh3752,artist,2025|2026
user_ahcp8784,artist,2025|2026|2026_06
user_ahgm4822,artist,2025|2026|2026_06
user_ahkv8283,artist,2025|2026|2026_06
user_ahnk3228,artist,2026|2026_06
user_ahsg4455,artist,2025
user_ahsk7384,artist,2025|2026|2026_06
user_ajgn2577,artist,2025
user_amgc4352,artist,2026|2026_06
user_anev7738,artist,2025
user_ansf4425,artist,2025
user_anzw8877,artist,2025
user_apvx7372,artist,2025
user_apyd2787,artist,2025
user_aqours10,artist,2025
user_arcw7383,artist,2025
user_arrf3533,artist,2025
user_asjz2235,artist,2025
user_assh7578,artist,2025
user_atnp7882,artist,2025
user_atup7385,artist,2025
user_aupx4724,artist,2025
user_auxv2335,artist,2025
user_avdn8453,artist,2025
user_avnr8848,artist,2025
user_avpv3478,artist,2025|2026|2026_06
user_awmr8752,artist,2025
user_awts7884,artist,2025
user_axrz2485,artist,2025|2026
user_axwx7828,artist,2025
user_axxu8535,artist,2026|2026_06
user_ayhn4548,artist,2025
user_ayje7258,artist,2026|2026_06
user_aynm7544,artist,2025
user_aypm5888,artist,2025
user_ayvs7845,artist,2025
user_azgg4283,artist,2025
user_azkf8572,artist,2025
user_azze4543,artist,2025
user_ccdu3348,artist,2025
user_ccze2758,artist,2025
user_cdyk5378,artist,2025
user_cfak5832,artist,2025
user_cfaw2848,artist,2025
user_cfcv2728,artist,2025
user_cfjc2843,artist,2026|2026_06
user_cfnv7433,artist,2025|2026|2026_06
user_cgdx5737,artist,2025
user_cgff5847,artist,2025
user_cgsg5877,artist,2025
user_chdp4255,artist,2025
user_chmm2282,artist,2025
user_cjfe5558,artist,2025
user_ckhk8474,artist,2025
user_ckjz8743,artist,2025
user_ckkx8884,artist,2025|2026|2026_06
user_cknt4884,artist,2025
user_cksj4377,artist,2025
user_cmnf3222,artist,2025
user_cmvt8842,artist,2025
user_cmwu3847,artist,2025
user_cmyg5732,artist,2025
user_cnr1976,artist,2025
user_cony,artist,2025
user_cpud7437,artist,2025
user_crmz8743,artist,2025
user_crrh7845,artist,2025
user_csct5585,artist,2025
user_ctyh3433,artist,2025
user_cuah7535,artist,2025
user_cugu5533,artist,2025|2026|2026_06
user_cuhm7543,artist,2025|2026|2026_06
user_cuvu3758,artist,2025|2026|2026_06
user_cuzz3244,artist,2025
user_cvac8828,artist,2025|2026
user_cvas2553,artist,2025
user_cvha2545,artist,2025
user_cvmf5345,artist,2025|2026|2026_06
user_cvrh7523,artist,2025
user_cvse5287,artist,2025
user_cwhf2724,artist,2025
user_cwmw4445,artist,2025
user_cxsr8755,artist,2025|2026|2026_06
user_cyhv2555,artist,2025
user_czgp8844,artist,2025
user_czja3824,artist,2025
user_czun7244,artist,2025|2026|2026_06
user_czzy8252,artist,2025
user_daen8585,artist,2025
user_dcew2723,artist,2025
user_ddey8825,artist,2025
user_ddte7437,artist,2025
user_ddzr7224,artist,2025
user_desk7458,artist,2026
user_dfcm4277,artist,2025
user_dfjw5785,artist,2026|2026_06
user_dfrv5378,artist,2026|2026_06
user_dftk2734,artist,2025
user_dfvh5452,artist,2025
user_dgfw8735,artist,2025|2026|2026_06
user_dgfz4857,artist,2025
user_dhas3875,artist,2025
user_dhdy8344,artist,2025
user_dhnj3438,artist,2025
user_dhpu2524,artist,2025
user_dhut7343,artist,2025
user_djad5355,artist,2025
user_djmm3782,artist,2025
user_djzf4543,artist,2025
user_dkwk7783,artist,2025
user_dkzg8747,artist,2025
user_dmuw2284,artist,2026|2026_06
user_dnfy8445,artist,2025
user_dnnu2882,artist,2025
user_dnsy7254,artist,2025
user_dntu8858,artist,2026|2026_06
user_dnuw3882,artist,2025
user_dodder7777,artist,2025
user_dpsx8482,artist,2025
user_drgk5488,artist,2025
user_drkm4842,artist,2025
user_drrz8742,artist,2025
user_drsv5878,artist,2025|2026|2026_06
user_dsaf4348,artist,2025
user_dsgn7538,artist,2025
user_dspu2548,artist,2025
user_dszw3373,artist,2025
user_dtgf2554,artist,2025
user_dtmp7233,artist,2025
user_dudj5257,artist,2025
user_dudm5433,artist,2025
user_dukg2577,artist,2025|2026|2026_06
user_durn8752,artist,2025
user_duug3278,artist,2025
user_dvax4454,artist,2025
user_dvkp2374,artist,2025
user_dwdx4224,artist,2025
user_dwfu3888,artist,2025
user_dwfx8458,artist,2025|2026|2026_06
user_dwmj3838,artist,2026|2026_06
user_dwsz3345,artist,2025
user_dwzh7447,artist,2025
user_dxva2852,artist,2025
user_dydk4774,artist,2025
user_dzad8248,artist,2025
user_dzre5457,artist,2025
user_dzve4423,artist,2025
user_eaes2857,artist,2025|2026
user_eamm7522,artist,2025
user_eamy8872,artist,2025
user_echw3835,artist,2025
user_eddz3383,artist,2025|2026|2026_06
user_edwa7855,artist,2025
user_edzd7434,artist,2025
user_eecr5457,artist,2026|2026_06
user_eeky2528,artist,2025
user_eepj5473,artist,2025|2026
user_eera2324,artist,2025|2026
user_eezt5878,artist,2025
user_efgz8558,artist,2025
user_efkf4848,artist,2025
user_efwm7277,artist,2025
user_efwz2785,artist,2026
user_egkt4724,artist,2025
user_egrg2847,artist,2025|2026|2026_06
user_egsy8442,artist,2025
user_egxx4587,artist,2025|2026|2026_06
user_ehjy4747,artist,2025|2026|2026_06
user_ehpk4578,artist,2025
user_ehrx2832,artist,2025
user_ehtc3273_hg233,artist,2025
user_ejsk2235,artist,2025
user_ejyc5842,artist,2025
user_ekvr4828,artist,2025
user_ekyp4755,artist,2025
user_emae8278,artist,2025
user_emkd2283,artist,2025
user_enee5338,artist,2025
user_engd4854,artist,2025
user_enux4855,artist,2025
user_epxs8755,artist,2025
user_ernf4845,artist,2025
user_errg5745,artist,2025
user_esmz5827,artist,2025
user_etjz8542,artist,2025
user_etnt2385,artist,2025|2026
user_etuf7737,artist,2025
user_eucy5782,artist,2026|2026_06
user_evfk3274,artist,2025|2026|2026_06
user_ewfd8853,artist,2025
user_exau5384,artist,2025
user_eyvv4248,artist,2025
user_ezcg2575,artist,2025
user_ezgg3885,artist,2025
user_ezht7444,artist,2025
user_fagx8782,artist,2026|2026_06
user_fahf2258,artist,2025
user_fajh4524,artist,2025
user_favg7272,artist,2025
user_faxh7587,artist,2025
user_fcsf3242,artist,2025|2026|2026_06
user_fdrt8555_(ajisai),artist,2025
user_fdtv2542,artist,2025|2026
user_fecf7358,artist,2025
user_fedh8243,artist,2025|2026|2026_06
user_femh8882,artist,2025
user_fere2824,artist,2026|2026_06
user_fevc2843,artist,2025
user_ffxj4834,artist,2025
user_fgrs7357,artist,2025
user_fgtg3544,artist,2025
user_fhfk2887,artist,2025|2026|2026_06
user_fhgy2544,artist,2025
user_fhve5477,artist,2026|2026_06
user_fhvh2284,artist,2025
user_fhxa7285,artist,2025
user_fjfr8734,artist,2025
user_fjsm7748,artist,2025|2026
user_fkdj7837,artist,2025
user_fkzw8222,artist,2025
user_fnfd8245,artist,2025
user_fnrt4358,artist,2025
user_fnsw5238,artist,2025
user_fnsw5238_(tamamo),artist,2025
user_fntj4748,artist,2025
user_fpaf7325,artist,2025
user_fphy2523,artist,2025
user_frcm8858,artist,2025|2026|2026_06
user_frfs2338,artist,2025|2026|2026_06
user_frmh4444,artist,2025
user_fsfj2558,artist,2025
user_fshr7725,artist,2025
user_fsjz3247,artist,2025|2026|2026_06
user_fsuk7474,artist,2025|2026|2026_06
user_ftpk7255,artist,2025
user_fuew8728,artist,2025
user_fuks3772,artist,2025|2026|2026_06
user_fupf5358,artist,2025
user_fuxf8887,artist,2025
user_fvaa4777,artist,2025
user_fvej5527,artist,2025
user_fvwf2275,artist,2025
user_fwdn3783,artist,2025
user_fwjr3823,artist,2026|2026_06
user_fwpg5225,artist,2025
user_fwuk5773,artist,2026|2026_06
user_fxcw3832,artist,2025
user_fxtv3484,artist,2025
user_fykg5744,artist,2025
user_fykw7557,artist,2025
user_fyma5827,artist,2025
user_fysd4522,artist,2025|2026|2026_06
user_fytr4243,artist,2025
user_fzef3837,artist,2025
user_fzkm8843,artist,2025
user_fzpv2574,artist,2025
user_fzxf7455,artist,2025
user_gape3888,artist,2025
user_gayc3272,artist,2025|2026|2026_06
user_gazp7552,artist,2025
user_gcan3338,artist,2025
user_gcek2487,artist,2025
user_gdng3234,artist,2025
user_gdzv8433,artist,2025
user_gegs4544,artist,2025
user_gewx4884,artist,2025
user_ghch5355,artist,2025
user_ghma7852,artist,2025
user_ghn3882,artist,2025
user_ghzf4842,artist,2025
user_ghzr7778,artist,2025
user_gjat8532,artist,2025
user_gjfc7272,artist,2025
user_gnwk5588,artist,2025
user_gnza7482,artist,2025
user_gpjs3474,artist,2025
user_grfn4228,artist,2025|2026|2026_06
user_grmr2574,artist,2025
user_grpj2832,artist,2025
user_gspn7284,artist,2025
user_gtme3752,artist,2025|2026|2026_06
user_gumu3228,artist,2026|2026_06
user_guwt8327,artist,2025
user_gvej3378,artist,2025|2026|2026_06
user_gvfy7332,artist,2025
user_gvgs4825,artist,2025|2026
user_gvkc8527,artist,2025
user_gvmg3828,artist,2025|2026|2026_06
user_gvzh5524,artist,2025
user_gwpk7427,artist,2025
user_gxat7388,artist,2025
user_gxdw7285,artist,2025
user_gxnd7244,artist,2025
user_gygr4888,artist,2025
user_gzrp3752,artist,2025
user_hadn8733,artist,2025
user_hapg2833,artist,2025
user_havj3373,artist,2025|2026
user_hczd7325,artist,2026
user_hdhm3728,artist,2025
user_heex7478,artist,2025
user_hegd7837,artist,2026|2026_06
user_hfvh4333,artist,2025
user_hgsv8584,artist,2025
user_hh760844914253,artist,2025
user_hhja8375,artist,2025
user_hhnh3432,artist,2025
user_hino8yoi,artist,2025
user_hjst2287,artist,2026
user_hkjw2347,artist,2025
user_hksk8334,artist,2025|2026|2026_06
user_hmdp4457,artist,2025
user_hmdv4575,artist,2025|2026|2026_06
user_hmi9551,artist,2025
user_hmtg3534,artist,2025|2026|2026_06
user_hmwt4224,artist,2025
user_hmyv8473,artist,2026|2026_06
user_hnnj2442,artist,2025
user_hnrc5375,artist,2025
user_hnrt4257,artist,2025
user_hpfd8224,artist,2025|2026
user_hrnw3725,artist,2025
user_hrvy3585,artist,2025
user_hrxm3472,artist,2025|2026|2026_06
user_hsct4248,artist,2025
user_hsej5858,artist,2025
user_hsfu3323,artist,2025
user_hsga3334,artist,2025
user_htcr7858,artist,2025
user_htnd4542,artist,2025
user_htzz7884,artist,2025|2026|2026_06
user_hugd2537,artist,2026|2026_06
user_hugf4574,artist,2025
user_hugx4827,artist,2025
user_huhj7422,artist,2025|2026|2026_06
user_huth5745,artist,2025
user_huya4745,artist,2025|2026|2026_06
user_hvky2825,artist,2025|2026|2026_06
user_hvnk8385,artist,2025
user_hvzy4342,artist,2025
user_hwfh5483,artist,2025
user_hwzj4847,artist,2025|2026|2026_06
user_hxar2475,artist,2025
user_hxhs3555,artist,2026|2026_06
user_hxvy5233,artist,2025
user_hyhd3258,artist,2025
user_hykc3887,artist,2025
user_hyyn5738,artist,2025
user_hzkm7854,artist,2025|2026
user_hzpj8427,artist,2025|2026|2026_06
user_hzyc7324,artist,2025
user_iab5202,artist,2025
user_if_ex,artist,2025
user_jaay3353,artist,2025
user_jake8557,artist,2025
user_jasu4423,artist,2025|2026|2026_06
user_jcdv4842,artist,2025
user_jcrr2327,artist,2025
user_jcut3854,artist,2025
user_jdtg2787,artist,2025
user_jegm5722,artist,2025
user_jfce8847,artist,2025
user_jfmp4573,artist,2025
user_jfst7273,artist,2025
user_jgjc3234,artist,2025
user_jhgn8474,artist,2025
user_jhjf3428,artist,2025
user_jjag2225,artist,2025
user_jjsd5443,artist,2025
user_jjvr2254,artist,2025
user_jkpr8843,artist,2025
user_jkuy7848,artist,2025
user_jmfx5275,artist,2025
user_jmtm3733,artist,2025|2026|2026_06
user_jmzg2528,artist,2025
user_jnfa7825,artist,2025
user_jnft2473,artist,2025
user_jpck4478,artist,2025
user_jpgt4342,artist,2025
user_jpzw3232,artist,2025
user_jrae7738,artist,2025
user_jssa2257,artist,2025|2026|2026_06
user_jted7843,artist,2025
user_judn8458,artist,2025
user_juth4848,artist,2025
user_juys7377,artist,2025
user_juyy7728,artist,2025
user_jvdy4345,artist,2025|2026|2026_06
user_jwcn4332,artist,2025
user_jwfc4724,artist,2025
user_jwmp7225,artist,2025|2026|2026_06
user_jxfe2532,artist,2025
user_jxph5384,artist,2025
user_jxvj5738,artist,2025
user_jyvx5832,artist,2025
user_jzcr7853,artist,2025
user_jzer3575,artist,2025
user_jzja8233,artist,2025|2026|2026_06
user_kaej2577,artist,2025
user_kafc3353,artist,2025
user_kafn8424,artist,2025
user_kcjj8427,artist,2025|2026|2026_06
user_kcnd2882,artist,2025
user_kcrr5855,artist,2025
user_kcsp4783,artist,2025
user_kcva7873,artist,2025
user_kdpt2232,artist,2025|2026|2026_06
user_kej2948,artist,2025
user_kenc3232,artist,2025
user_keta5832,artist,2025|2026
user_kfes4324,artist,2025
user_kgcw8754,artist,2025
user_kgkz2528,artist,2025
user_kgrv8523,artist,2025
user_khhk4738,artist,2025
user_kjwe2455,artist,2025
user_kjwn3225,artist,2025
user_kjya8757,artist,2025
user_kkeu5832,artist,2025
user_kkge5443,artist,2025
user_kkhg2783,artist,2025
user_kkxa7584,artist,2025
user_kmcy3537,artist,2025
user_kmjh8832,artist,2025|2026
user_kmth8435,artist,2025|2026|2026_06
user_kmus2453,artist,2025
user_kmxy7884,artist,2025
user_kmzn8442,artist,2025
user_knaj5334,artist,2025
user_krty4337,artist,2025
user_kruv4844,artist,2025|2026|2026_06
user_kryk2542,artist,2025
user_ksmh8787,artist,2025
user_ksuh3772,artist,2025
user_ktch2537,artist,2025
user_ktwr8337,artist,2025
user_ktzs3525,artist,2025
user_kwaf8323,artist,2025
user_kxjg4288,artist,2025
user_kyhm8587,artist,2025
user_kykv8233,artist,2025|2026|2026_06
user_kywx8457,artist,2025
user_kyzt3275,artist,2025
user_mayx3335,artist,2025
user_mcfj8724,artist,2025
user_mcgg8434,artist,2025
user_mcvx8542,artist,2025
user_mdrz4887,artist,2025
user_mdwy4255,artist,2025
user_mepz3838,artist,2025
user_metw4778,artist,2025
user_mewc2354,artist,2025
user_mfdg3324,artist,2025
user_mfgt2843,artist,2025
user_mges2285,artist,2025
user_mggk2458,artist,2025|2026|2026_06
user_mhhf5844,artist,2025
user_mhst3483,artist,2025|2026|2026_06
user_mhtg3322,artist,2025
user_mhvv5722,artist,2025
user_mhyr3727,artist,2025
user_mjwk8425,artist,2025
user_mkwp8753,artist,2025|2026|2026_06
user_mmcm5273,artist,2025
user_mmyu8884,artist,2025
user_mmzk4853,artist,2025
user_mpzt5857,artist,2025
user_mrsd7332,artist,2025
user_mrxv2875,artist,2025
user_msms7325,artist,2025
user_msyt8758,artist,2025
user_mszt5738,artist,2025
user_mtta5828,artist,2025
user_mttw8337,artist,2025
user_mufv5734,artist,2025
user_murasaki,artist,2025
user_murh4374,artist,2025
user_musu4283,artist,2025
user_muxt7553,artist,2025
user_mvcy7784,artist,2026|2026_06
user_mvgm4473,artist,2025
user_mvvc8328,artist,2025
user_mvwe7325,artist,2025
user_mvyy7457,artist,2025
user_mwrj4227,artist,2025
user_mwtj3755,artist,2025
user_mwvh8878,artist,2025
user_mwzd5355,artist,2025|2026|2026_06
user_mxpw3254,artist,2025
user_mxrj3227,artist,2025
user_mxwu5757,artist,2025
user_mymc4242,artist,2025
user_myye2477,artist,2025
user_mzcp8254,artist,2025
user_mztv4455,artist,2025
user_mzue8432,artist,2025
user_nakaling,artist,2025
user_nauf5773,artist,2025
user_nays8327,artist,2025|2026|2026_06
user_nccg2582,artist,2025
user_ncgd8832,artist,2025|2026|2026_06
user_ncra8334,artist,2025
user_nddw3738,artist,2025|2026|2026_06
user_ndnc4852,artist,2025
user_ndpw7352,artist,2025
user_ndsu8742,artist,2025
user_negu2872,artist,2025
user_negz8222,artist,2025
user_nfmx8723,artist,2025
user_nfsj3235,artist,2025|2026|2026_06
user_nfuf5333,artist,2025
user_nfzt2852,artist,2025
user_nfzt8223,artist,2025
user_ngaf5324,artist,2025
user_ngej3233,artist,2025
user_ngzk8825,artist,2025
user_nhaa8357,artist,2025
user_nhnd2433,artist,2025
user_njyp2785,artist,2026|2026_06
user_nkgn5435,artist,2026|2026_06
user_nkua8828,artist,2025
user_nmce3377,artist,2025
user_nmjp2234,artist,2025
user_nmka8555,artist,2025
user_nmnv7224,artist,2025|2026
user_nmtk8835,artist,2025
user_nmwh5545,artist,2025
user_nnah4783,artist,2025
user_nngg2834,artist,2025|2026|2026_06
user_nphg7847,artist,2025|2026|2026_06
user_nrry7372,artist,2025|2026|2026_06
user_nsdm5275,artist,2025
user_nsmt4358,artist,2025|2026|2026_06
user_nsmx5524,artist,2025
user_ntcw5475,artist,2025
user_ntma4584,artist,2026|2026_06
user_nuwu7288,artist,2025
user_nvrd7583,artist,2025
user_nwfe2885,artist,2025
user_nwfp5723,artist,2025
user_nwht2772,artist,2025
user_nwpt5823,artist,2025
user_nwsa2452,artist,2025
user_nwsm5445,artist,2025|2026|2026_06
user_nwwd7827,artist,2025
user_nxhz8578,artist,2025
user_nxnz3443,artist,2025
user_nycx4783,artist,2025
user_nygk4727,artist,2025|2026|2026_06
user_nykv7424,artist,2025
user_nzkg7823,artist,2025
user_nznm3238,artist,2025
user_nzpt2375,artist,2025
user_nzzk7353,artist,2025
user_nzzs4323,artist,2026
user_onekestrel,artist,2025|2026|2026_06
user_osusi940,artist,2025
user_pakz8588,artist,2025|2026|2026_06
user_pbv8628,artist,2025
user_pces8542,artist,2025
user_pcjy5534,artist,2025
user_pdnh7333,artist,2025
user_pesg3273,artist,2025
user_pfcp5752,artist,2025
user_pgny3374,artist,2025
user_pguy2745,artist,2025
user_pgvc4472,artist,2025
user_phrw4224,artist,2025
user_phty4384,artist,2025
user_pjcx5522,artist,2025|2026|2026_06
user_pjdj5534,artist,2025
user_pjhf4583,artist,2026|2026_06
user_pjmm3847,artist,2025
user_pjpz3888,artist,2025
user_pjuk2242,artist,2025
user_pjut7888,artist,2025
user_pjxy7448,artist,2025
user_pjze8325,artist,2025
user_pkua7844,artist,2025
user_pmcr5343,artist,2025
user_pmke7857,artist,2025
user_pmmp7222,artist,2025|2026
user_pmpg4373,artist,2025
user_pnrp3423,artist,2025
user_pnvg3847,artist,2025
user_ppwp7555,artist,2025
user_ppyt4228,artist,2025
user_prdj5754,artist,2026|2026_06
user_prwa2375,artist,2025
user_psew4857,artist,2025
user_pspf8232,artist,2025
user_pstz8335,artist,2026|2026_06
user_psuh3887,artist,2025|2026
user_psvv3824,artist,2025
user_ptps8825,artist,2025
user_pttv7442,artist,2025|2026|2026_06
user_ptuv3244,artist,2025
user_ptwm4725,artist,2025
user_pugc7324,artist,2025
user_puhn7342,artist,2025
user_pusn4344,artist,2025
user_puzw4748,artist,2025
user_pvah4452,artist,2025
user_pvfe8428,artist,2025
user_pvnd5237,artist,2025
user_pvpj7425,artist,2025
user_pvsr8733,artist,2025
user_pvtd3288,artist,2025
user_pwgg2547,artist,2025
user_pwne4742,artist,2025
user_pwpz3577,artist,2025
user_pxhx4458,artist,2025
user_pxuw8224,artist,2025
user_pxys7455,artist,2025
user_pxyz8223,artist,2025|2026|2026_06
user_pyhv4524,artist,2025
user_pyne2487,artist,2025|2026|2026_06
user_pyxe5723_(uuz_samaa),artist,2025
user_pzgt3245,artist,2025
user_pzpc3735,artist,2025
user_pzup5755,artist,2025
user_pzxg2784,artist,2025
user_qtg0598,artist,2025
user_radr5544,artist,2025
user_raev4755,artist,2025|2026|2026_06
user_rai1015,artist,2025
user_rcfx8322,artist,2025
user_rchu3873,artist,2025
user_rddj7372,artist,2025
user_rdff3842,artist,2025
user_rdnw5528,artist,2025|2026|2026_06
user_rehz8345,artist,2026|2026_06
user_revh8244,artist,2025
user_reyu3237,artist,2025|2026|2026_06
user_rfde4742,artist,2025|2026|2026_06
user_rgah5488,artist,2025
user_rgsp2587,artist,2025
user_rgzn4227,artist,2025
user_rhjg5478,artist,2025
user_rhkk8755,artist,2025
user_rhve5877,artist,2025
user_rio886,artist,2025
user_rjcf3828,artist,2026|2026_06
user_rkmj4233,artist,2025
user_rktx5324,artist,2025
user_rkua7227,artist,2025
user_rmkk4572,artist,2025
user_rmru7722,artist,2025
user_rnrr3735,artist,2025
user_rnru4527,artist,2025
user_rnxg7772,artist,2025
user_rppt5535,artist,2025
user_rrjk8785,artist,2025
user_rsm1879,artist,2025
user_rsue4877,artist,2026|2026_06
user_rudd5525,artist,2025
user_rvpe2274,artist,2025
user_rvve7522,artist,2025|2026|2026_06
user_rvxy3855,artist,2025
user_rwna7332,artist,2025
user_rwwk8883,artist,2025
user_rxrm4733,artist,2025
user_rysv8837,artist,2025
user_ryuv5573,artist,2025
user_rzjf2587,artist,2026|2026_06
user_scaz2388,artist,2025
user_sesm3225,artist,2025
user_sfck8533,artist,2025
user_sfdy7722,artist,2025
user_sfev2834,artist,2025
user_sfvn7884,artist,2025
user_sfxy4222,artist,2025
user_sggh7855,artist,2025|2026|2026_06
user_shhz5342,artist,2025
user_sjdk3873,artist,2025
user_sjtw2272,artist,2025
user_sjve3722,artist,2026
user_sjxt3357,artist,2025
user_sjxz7588,artist,2025
user_skwc5555,artist,2025
user_smau4372,artist,2025
user_smfg3877,artist,2025
user_smmr5843,artist,2025
user_spdw4234,artist,2025
user_spej5878,artist,2025
user_srpe7482,artist,2025
user_srzt7887,artist,2025
user_ssl1594,artist,2025
user_ssyg8238,artist,2025
user_stsj4857,artist,2025
user_stsx8253,artist,2025|2026|2026_06
user_stvz8872,artist,2025
user_styt3233,artist,2025
user_sukatan62,artist,2025
user_sukg2582,artist,2026|2026_06
user_sumire4423,artist,2025
user_suys3548,artist,2025
user_svgg5325,artist,2025
user_svxc7744,artist,2025
user_swhz4525,artist,2025
user_swya3572,artist,2025
user_sxga2338,artist,2025|2026|2026_06
user_syfr4477,artist,2025
user_szsm3338,artist,2025|2026|2026_06
user_sztx7254,artist,2025
user_szvu8583,artist,2025
user_szxa7873,artist,2025
user_tadg2825,artist,2025|2026
user_takihanabi,artist,2025
user_tass2552,artist,2025
user_tasu2554,artist,2025
user_tcrc8347,artist,2025
user_teay4844,artist,2025
user_tecc2723,artist,2025
user_tema8258,artist,2025
user_teww5285,artist,2025
user_texg7884,artist,2026|2026_06
user_tfcp4878,artist,2025
user_tfdp8528,artist,2025
user_tfdw2247,artist,2025
user_tfph5287,artist,2025
user_tgxr4427,artist,2025
user_thjf5828,artist,2025|2026|2026_06
user_thpd2852,artist,2025
user_thyp4853,artist,2025
user_tkfn7772,artist,2025
user_tln9665,artist,2026|2026_06
user_tmjp5322,artist,2025|2026
user_tnhc5555,artist,2025
user_tnva2582,artist,2025
user_tnvk4885,artist,2025
user_tpsy4455,artist,2025
user_tpzd4427,artist,2025
user_trhs2447,artist,2025
user_trjn8888,artist,2025
user_trna3355,artist,2025
user_trte5838,artist,2025
user_trzn2255,artist,2025
user_ttpy4852,artist,2025
user_tukt4745,artist,2025
user_tveu3884,artist,2025|2026|2026_06
user_tvfv8747,artist,2025
user_tvty3452,artist,2025
user_twkk8354,artist,2025
user_twkm5737,artist,2025|2026|2026_06
user_twrz7857,artist,2025
user_txma2878,artist,2025
user_tyad4272,artist,2025
user_tydd2447,artist,2025
user_tykp7843,artist,2026|2026_06
user_tyud3887,artist,2025|2026|2026_06
user_tyze7334,artist,2026|2026_06
user_tyzp4472,artist,2025
user_uayz2323,artist,2026|2026_06
user_ucrz3837,artist,2025
user_ucxr5825,artist,2025
user_udhs3247,artist,2025
user_uecy3552,artist,2025
user_uejr5243,artist,2025
user_uemd7577,artist,2025
user_uenp8737,artist,2025
user_ufxf2353,artist,2025
user_ugag5523,artist,2026|2026_06
user_ugch2557,artist,2025
user_ugsc2333,artist,2025
user_ugyr4758,artist,2025
user_uhfh7877,artist,2025
user_uhjn2434,artist,2025
user_uhpy4348,artist,2025
user_uhxz8284,artist,2025
user_ujes2472,artist,2026|2026_06
user_ujfr8245,artist,2025
user_ukcm7775,artist,2025|2026|2026_06
user_ukhk3452,artist,2025
user_ukrf3353,artist,2025
user_unmt8738,artist,2026
user_unvw7774,artist,2025
user_upjx7578,artist,2025
user_upnu2573,artist,2025
user_urtc8383,artist,2025
user_urvg4735,artist,2025
user_urwx2378,artist,2025
user_uryp3255,artist,2025
user_usga7574,artist,2025
user_usjh8428,artist,2025
user_uskv7835,artist,2025
user_uspj2575,artist,2025|2026
user_usrv2234,artist,2025|2026|2026_06
user_usth2572,artist,2025
user_uswz2852,artist,2025
user_utgt2242,artist,2025
user_utza2775,artist,2025
user_uuhy8553,artist,2025
user_uuky3283,artist,2025|2026|2026_06
user_uusg3787,artist,2025
user_uveu3387,artist,2025
user_uvgk3782,artist,2025
user_uvhd2352,artist,2025
user_uvvp7553,artist,2025
user_uwuw7744,artist,2025
user_uxgk2523,artist,2025
user_uyme4838,artist,2025
user_uyng7558,artist,2025
user_uyyg2878,artist,2025
user_uzsv4282,artist,2025
user_vacu3353,artist,2025|2026|2026_06
user_vars5735,artist,2025|2026
user_vaxk2853,artist,2025
user_vaxr8332,artist,2025
user_vcjd3883,artist,2025
user_vctw5445,artist,2025
user_vcxf2247,artist,2025
user_vdef4235,artist,2025
user_ves1082,artist,2025
user_vftj8275,artist,2025
user_vgsf5887,artist,2025
user_vhns3224,artist,2025
user_vhru4478,artist,2025
user_vhxu7833,artist,2025
user_vkjy5545,artist,2025|2026|2026_06
user_vkun8377,artist,2026|2026_06
user_vmhs4273,artist,2025
user_vmvk7454,artist,2025
user_vmxs4753,artist,2025
user_vnea4558,artist,2025
user_vngn7438,artist,2025
user_vpne2337,artist,2025
user_vpue3848,artist,2025
user_vpyw5722,artist,2025
user_vpzk3237,artist,2025|2026|2026_06
user_vrwm2734,artist,2025|2026|2026_06
user_vscu7733,artist,2025
user_vsxg2475,artist,2025
user_vszk4345,artist,2025
user_vtkg3522,artist,2025
user_vtmz7755,artist,2025
user_vtny7572,artist,2025
user_vugx8883,artist,2025|2026|2026_06
user_vung4234,artist,2025|2026|2026_06
user_vvcv3324,artist,2025
user_vvfe4558,artist,2025|2026|2026_06
user_vvgt3574,artist,2025
user_vwjn2388,artist,2025
user_vwnn5452,artist,2025
user_vxck2882,artist,2025
user_vxgr8485,artist,2025
user_vxjf4534,artist,2025|2026|2026_06
user_vymz5457,artist,2025
user_vyrh5547,artist,2025
user_vyxc7227,artist,2025
user_vzft2578,artist,2025
user_vzpk8572,artist,2025
user_wacv5274,artist,2025
user_wapa2527,artist,2025
user_wcky5775,artist,2025|2026|2026_06
user_wcmw2724,artist,2025
user_wdpd8384,artist,2025
user_wdze5478,artist,2025|2026|2026_06
user_wffd5453,artist,2025
user_wfwy3233,artist,2025
user_wfzj8572,artist,2025
user_wggr4782,artist,2025|2026
user_wgkw2257,artist,2025
user_wgng5558,artist,2025
user_wgnp4555,artist,2025
user_wgsa3478,artist,2025|2026
user_wgsx7555,artist,2026|2026_06
user_wgta7422,artist,2025|2026|2026_06
user_wgtw7488,artist,2025
user_wgzm2223,artist,2025|2026|2026_06
user_whme2383,artist,2026|2026_06
user_whne8828,artist,2025
user_wjff3543,artist,2025
user_wjwv2283,artist,2025
user_wjya2724,artist,2025
user_wkxc4583,artist,2025
user_wkyr4228,artist,2025
user_wmet7882,artist,2025
user_wmse7527,artist,2025
user_wmut2853,artist,2025|2026|2026_06
user_wnmf4527,artist,2025
user_wnnv3583,artist,2025|2026|2026_06
user_wnny3758,artist,2025
user_wnpy4345,artist,2025
user_wnvy5783,artist,2025|2026
user_wnyf7854,artist,2025
user_wphn8778,artist,2025
user_wpnp3538,artist,2025
user_wpxf4484,artist,2025
user_wrke7287,artist,2025
user_wszj2778,artist,2026
user_wtxr2258,artist,2025
user_wumn8527,artist,2026
user_wuzt2883,artist,2025
user_wvdx3838,artist,2025
user_wvhp3328,artist,2025
user_wwde3354,artist,2025|2026|2026_06
user_wweg7884,artist,2025
user_wwrh7285,artist,2025|2026
user_wwzf7783,artist,2025
user_wxhs5772,artist,2025
user_wydd7542,artist,2025
user_wygv5777,artist,2025
user_wymk5575,artist,2025
user_wyrc3337,artist,2025
user_wyxr8822,artist,2025
user_wzdp2457,artist,2025
user_wzem5238,artist,2025
user_wzgr8443,artist,2025
user_wzjn4324,artist,2025
user_wznu4452,artist,2025
user_xacz3558,artist,2025
user_xagv7377,artist,2025
user_xajg3837,artist,2025
user_xcue8588,artist,2025
user_xcuj2735,artist,2025
user_xdcx2222,artist,2025
user_xdhg7247,artist,2025
user_xews4875,artist,2025
user_xffm3787,artist,2026|2026_06
user_xfhp8225,artist,2025
user_xfku8423,artist,2025
user_xggy3437,artist,2025
user_xhfk3474,artist,2025
user_xjan4275,artist,2025
user_xjfw5848,artist,2025
user_xksk7232,artist,2025
user_xktd5287,artist,2025|2026|2026_06
user_xmfs8343,artist,2025
user_xmkp4448,artist,2025
user_xmkz7478,artist,2025
user_xnax7443,artist,2025
user_xnnc5482,artist,2025
user_xnxd5734,artist,2025
user_xnxh8882,artist,2025
user_xpfh3758,artist,2025
user_xrcd3847,artist,2025|2026
user_xsxj8483,artist,2025|2026|2026_06
user_xtay4355,artist,2025
user_xteu5543,artist,2025
user_xtte8485,artist,2025
user_xtzh5525,artist,2025
user_xufe5772,artist,2025
user_xufu4373,artist,2025
user_xuzp4842,artist,2025|2026|2026_06
user_xvgy7543,artist,2025
user_xvjx7423,artist,2025
user_xvuk2254,artist,2025
user_xvvr3332,artist,2025
user_xvwu5732,artist,2025
user_xwap7887,artist,2025
user_xwch8358,artist,2025
user_xxjh7378,artist,2025|2026|2026_06
user_xxrd3732,artist,2025
user_xxxa2348,artist,2025
user_xydy7887,artist,2025|2026|2026_06
user_xypr8247,artist,2025
user_xyyd2722,artist,2025
user_xzzm8534,artist,2025
user_yact4355,artist,2025
user_ycfc5874,artist,2025
user_yenf3257,artist,2025
user_yexv8485,artist,2025
user_yfnd8737,artist,2025
user_yjft7745,artist,2025
user_yjnc3752,artist,2025
user_yjnk8482,artist,2025
user_yjnt2222,artist,2025
user_yjvm2424,artist,2025|2026|2026_06
user_yjwt5725,artist,2025
user_ykzh8442,artist,2025
user_ymdh7773,artist,2025
user_ymhr7828,artist,2025
user_ymkd7372,artist,2025
user_ymyx3478,artist,2025|2026|2026_06
user_yncu2342,artist,2025|2026
user_yndu8588,artist,2025
user_ynnf7385,artist,2025
user_ypff3732,artist,2026|2026_06
user_ypvf8288,artist,2025
user_ypvp7833,artist,2025
user_ypys5824,artist,2025|2026|2026_06
user_yrku4235,artist,2025
user_ysxk2458,artist,2025
user_ytfn2345,artist,2025
user_ytjf4478,artist,2025
user_ytws5434,artist,2025|2026|2026_06
user_yued7372,artist,2025
user_yuts5275,artist,2025
user_yutt4434,artist,2025
user_yved3453,artist,2025
user_yvsz4827,artist,2025
user_yvvu4523,artist,2025
user_ywga8534,artist,2025
user_yxkn4475,artist,2025|2026|2026_06
user_yxtk5473,artist,2025
user_yxvp4278,artist,2026|2026_06
user_yxzp4453,artist,2025
user_yzjs7484,artist,2025
user_zctj4337,artist,2025
user_zdfy5287,artist,2025
user_zdmu8758,artist,2025
user_zdnt8555,artist,2025
user_zdvu3752,artist,2025
user_zenn5372,artist,2025
user_zese2347,artist,2025
user_zfcx4254,artist,2025
user_zfdv5842,artist,2025
user_zfze8784,artist,2025
user_zgaw8233,artist,2026|2026_06
user_zggf4445,artist,2025|2026|2026_06
user_zhcx4787,artist,2025
user_zjcp4843,artist,2025
user_zjgf5454,artist,2025
user_zjtm2435,artist,2025
user_zjyd3848,artist,2025
user_zksc2552,artist,2025
user_zmcf7435,artist,2025
user_zmje4432,artist,2025
user_zmke5455,artist,2025
user_zmtx8352,artist,2025
user_znpm8485,artist,2025
user_znuu3524,artist,2025
user_zrma7825,artist,2025|2026|2026_06
user_zrwz4735,artist,2025
user_zshe5245,artist,2025
user_zsru8573,artist,2025
user_zsyt4455,artist,2025
user_ztds8824,artist,2025
user_ztsu8738,artist,2025
user_zucd2557,artist,2025
user_zuuf3255,artist,2025
user_zwjp7752,artist,2025
user_zwna2477,artist,2025
user_zwvx2287,artist,2025
user_zww0126,artist,2025
user_zxdr5455,artist,2025
user_zxfe3742,artist,2025
user_zxnh2232,artist,2025
user_zxts2785,artist,2025
user_zxvy2474,artist,2025
user_zycs2227,artist,2025
user_zyjv5838,artist,2025
user_zypc3375,artist,2025
user_zytj8748,artist,2025
user_zytu2745,artist,2025|2026|2026_06
user_zyzm3884,artist,2025
user_zzgw5845,artist,2026|2026_06
user_zzns2258,artist,2025|2026|2026_06
user_zzsz7482,artist,2025
users_112681906_(pixiv),artist,2026|2026_06
usfr,artist,2025|2026|2026_06
ushabti,character,2025|2026|2026_06
ushi-oni_(youkai),general,2025|2026|2026_06
ushi_hashiru,artist,2025
ushi_ura,artist,2025|2026|2026_06
ushio18,artist,2025
ushio_(autumn_mode)_(kancolle),character,2025
ushio_(christmas_mode)_(kancolle),character,2025
ushio_(swimsuit_mode)_(kancolle),character,2025
ushio_(user_uwpm8532),artist,2025
ushio_(valentine_mode)_(kancolle),character,2025
ushiwakamaru_(swimsuit_assassin)_(fate),character,2025
usns_mercy_(hospital_ship),general,2025
uso_ewin_(cosplay),general,2026|2026_06
uss_aaron_ward_(dd-483),general,2026|2026_06
uss_alabama_(bb-60),general,2025|2026|2026_06
uss_anderson_(dd-411),general,2026|2026_06
uss_arleigh_burke_(ddg-51),general|character,2025|2026|2026_06
uss_bismarck_sea_(cve-95),general,2025|2026|2026_06
uss_cassin_(dd-372),general,2026|2026_06
uss_chevalier_(dd-805),general|character,2025|2026|2026_06
uss_chosin_(cg-65),general,2025|2026|2026_06
uss_enterprise_(cvn-80),general,2025|2026|2026_06
uss_essex_(cv-9)_(y.ssanoha),character,2025
uss_everett_f._larson_(dd-830),general|character,2025|2026|2026_06
uss_florida_(bb-30),character,2025
uss_hawkbill_(ss-366),general,2025|2026|2026_06
uss_hoga_(yt-146),general,2025|2026|2026_06
uss_honolulu_(cl-48),general,2025|2026|2026_06
uss_houston_(ca-30),general|character,2025|2026|2026_06
uss_iowa_(ssn-797),general,2025|2026|2026_06
uss_mahan_(dd-364),general|character,2025|2026|2026_06
uss_maury_(dd-401),general|character,2025|2026|2026_06
uss_michael_monsoor_(dd-1001),general,2025
uss_new_mexico_(bb-40),general,2025|2026|2026_06
uss_new_york_(bb-34),general|character,2025|2026|2026_06
uss_nimitz,general,2025
uss_pensacola_(ca-24),general|character,2025|2026|2026_06
uss_phelps_(dd-360),general,2026|2026_06
uss_portland_(ca-33),general,2026|2026_06
uss_president,general,2025
uss_raleigh_(cl-7),character,2025
uss_salem_(ca-139),general,2025|2026|2026_06
uss_salt_lake_city_(ca-25),general|character,2025|2026|2026_06
uss_samuel_b._roberts_(ffg-58),general,2026|2026_06
uss_samuel_b_roberts_(de-413),character,2025
uss_shaw_(dd-373),general|character,2025|2026|2026_06
uss_skate_(ss-305),general|character,2025|2026|2026_06
uss_smith_(dd-378),general,2025|2026|2026_06
uss_st._louis_(cl-49),general,2025|2026|2026_06
uss_washingtonisthebest1940,artist,2025|2026|2026_06
uss_wisconsin_(bb-64)_(personification),character,2025|2026|2026_06
uss_zumwalt_(dd-1000),general,2025
usugumo_(race_queen_mode)_(kancolle),character,2025
ususio_11,artist,2025|2026|2026_06
uta_no_prince-sama_maji_love_2000_percent,copyright,2025
utaenai_miku,character,2025
utaki_(z711425986),artist,2025|2026|2026_06
utane_ota,character,2026|2026_06
utareduyoi_tsubaki,character,2025|2026|2026_06
utbutb,artist,2025
utchu_(user_crxw4838),artist,2025
uto_hyou,artist,2025
utopia,artist,2025
utotu_uoxou,artist,2025|2026|2026_06
utsugi_satoka,character,2025
utsugi_shuryo,character,2025
utsuke,artist,2025|2026|2026_06
utsuki_hinata,character,2025|2026
utsumi_erice_(swimsuit_avenger),character,2025
utsumi_erice_(swimsuit_avenger)_(cosplay),general,2025
utsushimi_kemii,character,2025|2026|2026_06
utsushimi_kemii_(cosplay),general,2025|2026|2026_06
utsutori,artist,2025
utsutsu_sumeragi,character,2025
uu114514,artist,2025
uuji,artist,2025|2026|2026_06
uulhan_habinim,artist,2025
uuroncha,artist,2025|2026|2026_06
uuu_ewokaku,artist,2025
uuunnoo2,artist,2026|2026_06
uwae,artist,2025
uya_(yurukah),artist,2025|2026|2026_06
uyab003,artist,2025
uybh,artist,2025|2026|2026_06
uyo,artist,2025
uyu_milk_01,artist,2025
uyueoreo,artist,2025|2026|2026_06
uyuni,artist,2025
uyuni-piyo,artist,2025
uz_(770653249d),artist,2025|2026|2026_06
uzai,character,2025|2026
uzawa,artist,2025
uzou_ck0l65ckol47909,artist,2025
uzou_ck0l65ckol47909_(style),general,2025
uzucake_v2,artist,2025
uzuki_haru15555,artist,2025
uzunaka,artist,2025
uzus,artist,2025
v-s,general,2025|2026|2026_06
v.58_(caballero58),artist,2025
v.krisedge,artist,2025
v0_id11,artist,2025
v1030s024,artist,2025
v3rc4,artist,2025
v_bangs,general,2025
v_vv,artist,2026|2026_06
vaati_(four_swords),character,2025
vaccaria_(quanzhi_gaoshou),character,2025
vaginal_jewelry,general,2025|2026|2026_06
vahallan_ice_warrior,general,2025|2026|2026_06
vaizer,artist,2025
valefor_(benghuai_xueyuan),character,2026|2026_06
valencia_tachibana,character,2025
valene_(arknights),character,2026|2026_06
valeria,character,2025|2026|2026_06
valeria_(iris_mysteria!),character,2025
valerie_baumer_(wlcw),character,2025
valfalk,general,2025|2026|2026_06
vali_no_nekoshi,artist,2025
valiant_(christmas_mode)_(kancolle),character,2025
valir_(akashic_chronicle),character,2025|2026|2026_06
valkyria_(en-eins),character,2025
valkyrie_aldebaran,character,2025|2026|2026_06
valkyrie_police_academy_student_(blue_archive),character,2025
valkyrie_police_academy_student_(blue_archive)_(cosplay),general,2025
valkyrja_(en-eins),character,2025
valletta_ribbon,character,2025
valssu,artist,2025
valve_software,copyright,2025|2026|2026_06
valya_(chunjiaodongxia),artist,2025
vampire_(aoki_hagane_no_arpeggio)_(cosplay),general,2025
vampire_(artist),artist,2025|2026|2026_06
vampire_coast_(total_war),general,2025|2026|2026_06
vampyrebug-art,artist,2025|2026|2026_06
van.elv,artist,2025
van_(zearyu),artist,2025
vanadis,character,2025
vandalized,general,2025
vanduobones,artist,2025
vanessa_(symphogear),character,2025
vanessa_bloom,character,2025
vanilla_anmitsu,artist,2025
vanilla_gyacho,artist,2025|2026|2026_06
vanirus_(pixivuser_14776128),artist,2025
vanishing_point_(film),copyright,2025
vanitas_bunny,artist,2026|2026_06
vaporberry,artist,2025
vari_(nicoseiga726427),artist,2025
variant_available,meta,2026|2026_06
varnani,character,2025|2026|2026_06
varsoligt,artist,2025
varuna,character,2025|2026|2026_06
varus,character,2025|2026|2026_06
vat0uq,artist,2025|2026|2026_06
vats9underscore9,artist,2025
vayden_(tyrant_voice),character,2025|2026|2026_06
vayne_(league_of_legends),character,2025|2026|2026_06
vayu,character,2025|2026|2026_06
vaz-2102,general,2025
vecna,character,2025|2026|2026_06
vee_(mijudraws),artist,2025|2026|2026_06
vegalta_(phantom_of_the_kill),character,2025|2026|2026_06
vegetable_focus,general,2025
vei_(vtuber)_(11th_costume),character,2025|2026|2026_06
vei_(vtuber)_(1st_costume),character,2025|2026|2026_06
vei_(vtuber)_(2nd_costume),character,2025|2026|2026_06
vei_(vtuber)_(3rd_costume),character,2025|2026|2026_06
vei_(vtuber)_(4th_costume),character,2025|2026|2026_06
vei_(vtuber)_(5th_costume),character,2025|2026|2026_06
vei_(vtuber)_(6th_costume),character,2025|2026|2026_06
vei_(vtuber)_(8th_costume),character,2025|2026|2026_06
vei_(vtuber)_(9th_costume),character,2025|2026|2026_06
vei_(vtuber)_(sky_empress),character,2025|2026|2026_06
veigar,character,2025|2026|2026_06
veila_(brown_dust_2),character,2025|2026|2026_06
vein_(artist),artist,2025|2026|2026_06
vektor_r4,general,2025|2026|2026_06
vel'koz,character,2025|2026|2026_06
vel(velnier),artist,2025
velceed,artist,2025
veldora_(tensei_shitara_slime_datta_ken),character,2025
veleck_(vtuber),character,2025|2026|2026_06
velgrynd_(tensei_shitara_slime_datta_ken),character,2025
velka_valentina,character,2025|2026
velkog,artist,2025|2026|2026_06
veloaoi,artist,2025
velour_(p&d),character,2025
velutcboom,artist,2025|2026|2026_06
velvet-no-2,artist,2025
velzard_(tensei_shitara_slime_datta_ken),character,2025
vemmon,character,2025
venaka_(brown_dust_2),character,2025|2026|2026_06
vending_mouth,character,2025|2026|2026_06
veneer_(trolls),character,2025
veneziano_(benghuai_xueyuan),character,2025|2026|2026_06
vengefulspirits,artist,2025
venommariner,general,2025|2026|2026_06
venomous_viper,artist,2025
ventre,character,2025|2026|2026_06
ver_(sticks_and_sharks),artist,2025
ver_min27,artist,2026|2026_06
vera_nair_(butterfly_cage),character,2025|2026|2026_06
veranda_alishun,character,2026|2026_06
verbeta_(starseed),character,2025|2026|2026_06
verdandi_(benghuai_xueyuan),character,2025|2026|2026_06
vergo,character,2025
verilewds,artist,2025|2026|2026_06
vermillion_(battle_arena_toshinden),character,2025|2026
vermillion_snow,character,2025|2026|2026_06
verona,character,2025
veronica_(benghuai_xueyuan),character,2025|2026|2026_06
veronica_(emblem)_(fire_emblem),character,2026|2026_06
verso_(clair_obscur:_expedition_33),character,2026|2026_06
vertacularrld,artist,2025|2026|2026_06
vertical-striped_armband,general,2025
vertical-striped_bracelet,general,2025
vertical-striped_sleeve_cuffs,general,2025
vertical-striped_umbrella,general,2025
vertical_comic,general,2025|2026|2026_06
vervain_(flower_knight_girl),character,2025
very_long_coat,general,2025
very_long_sleeves,general,2025|2026|2026_06
vesta_(persona_1),character,2025|2026|2026_06
vet_(chrogire),character,2025
vex_(league_of_legends),character,2025|2026|2026_06
vex_(league_of_legends)_(cosplay),general,2025|2026|2026_06
vex_(vtuber),character,2025
vexiro,artist,2025
vexoria_the_sun_eater_(vexoria_1.0),character,2025
vexoria_the_sun_eater_(vexoria_2.0),character,2025
vey939,artist,2026|2026_06
vezbin,artist,2025|2026|2026_06
vf_ninja_(module),general,2025
vf_suit_(module),general,2025
vhbenadryl,artist,2025
vi_(league_of_legends),character,2025|2026|2026_06
vi_(league_of_legends)_(cosplay),general,2025|2026|2026_06
viaigi,artist,2025
vibratix,artist,2025|2026|2026_06
vibrator_in_leg_garter,general,2025|2026|2026_06
vibrator_on_stomach,general,2025
vicartrious,artist,2026|2026_06
victor_frankenstein_(gegege_no_kitarou),character,2025|2026
"victor_grantz_(""the_prince"")",character,2025|2026|2026_06
victorbalgitt,artist,2025|2026|2026_06
victoria_(kage_no_jitsuryokusha_ni_naritakute!),character,2025|2026|2026_06
victoria_(viv404),artist,2025
vidala_(sentai_red_ga_isekai_de_boukensha_ni_naru),character,2025|2026|2026_06
vidan_(sentai_red_ga_isekai_de_boukensha_ni_naru),character,2025|2026|2026_06
video_game_championships,copyright,2025
video_game_championships_2014,copyright,2025
video_game_championships_2025,copyright,2025
video_game_cover_(object),general,2025|2026|2026_06
video_warrior_laserion,copyright,2025|2026|2026_06
vidoa,artist,2025|2026|2026_06
vidya_shannon_(plumed_beauty),character,2025
viego_(league_of_legends),character,2025|2026|2026_06
vienna_(vtuber)_(1st_costume),character,2025|2026|2026_06
vienna_(vtuber)_(2nd_costume),character,2025|2026|2026_06
vienna_(vtuber)_(3rd_costume),character,2025|2026|2026_06
vienna_(vtuber)_(4th_costume),character,2025|2026|2026_06
vienna_(vtuber)_(farmer),character,2026|2026_06
viernes_xd,artist,2025
vieryplus,artist,2025
views,general,2026|2026_06
vignette_(artist),artist,2025
vikala_(parade_master),character,2026|2026_06
viking_i,character,2025|2026|2026_06
viktor_(league_of_legends),character,2025|2026|2026_06
viktor_(legacy),character,2025|2026|2026_06
viku-asakura,artist,2025
vile_domple,artist,2025|2026|2026_06
vile_mkii_(mega_man),character,2025|2026|2026_06
village_girl_outfit,general,2025|2026|2026_06
village_studio,artist,2025
villem_(witcher),character,2025|2026
vimana,general,2025
vina_comeco,artist,2026|2026_06
vincapuca,artist,2025|2026|2026_06
vincent_(icekana),character,2026|2026_06
vincent_leo,artist,2025
vindicator_(x-men),character,2025|2026|2026_06
vinexsu,artist,2025|2026|2026_06
vinnana_(tongari_boushi_no_atelier),character,2025|2026|2026_06
vino_von_ronzado,character,2025
vintage_car,general,2025|2026|2026_06
vintage_dress_(module),general,2025
vioarr,character,2025
viola_hct,artist,2025|2026|2026_06
violence_witch,character,2026|2026_06
violent_kotori,general,2025
violet_(module),general,2025
violet_(peanuts),character,2025|2026|2026_06
violet_butterfly_(module),general,2025
violin193,artist,2025
vip,artist,2025|2026|2026_06
vip_sensei,character,2025
vipadafai,artist,2025
viper_(spacecraft),general,2025|2026|2026_06
virambs,artist,2025|2026|2026_06
virginia_potts,character,2025|2026
virtua_fighter_5,copyright,2025|2026|2026_06
virtua_fighter_5:_final_showdown,copyright,2025|2026|2026_06
virtual_talent_academy_uniform,general,2025
virtualoid,general,2025|2026|2026_06
virtuosa_(ambience_synesthesia)_(arknights),character,2026|2026_06
virus_(extra_lives),character,2026
vishap_(genshin_impact),character,2025
vishnu_(tenku_senki_shurato),character,2025
vishnuflynn,character,2025
viska_(vertigris),character,2025
vistahero,artist,2025|2026|2026_06
vivian11119,artist,2025|2026|2026_06
vivian_(atylss),character,2025|2026|2026_06
vivian_(zenless_zone_zero),character,2025
vivian_(zenless_zone_zero)_(cosplay),general,2025
vivian_grimelka,character,2025
viviana_(sent_from:_ognisko)_(arknights),character,2025
vivienne_(uchi_no_hime-sama_ga_ichiban_kawaii),character,2025
viviitsu,character,2025|2026|2026_06
vivimm_3,artist,2025
vivitheheiwa,artist,2025
vivivi03,artist,2025
viy_(dream_portrait)_(fate),character,2025
viy_(festival_outfit)_(fate),character,2025
viy_(under_the_same_sky)_(fate),character,2025
vjzv2325,artist,2025
vk_username,general,2025|2026|2026_06
vkdlfl777,artist,2025
vkhp5554,artist,2025
vkya4735,artist,2025
vlack_choker,general,2026|2026_06
vladimir_(league_of_legends),character,2025|2026|2026_06
vladimir_(league_of_legends)_(cosplay),general,2025|2026
vladislav_ton,artist,2025
vliver_alicia,artist,2025|2026|2026_06
vlk1993,artist,2025
vmira_ne,artist,2026|2026_06
vmvmzzztg,artist,2026|2026_06
vmyosotis,artist,2025
vn02_(module),general,2025
vocal_(module),general,2025|2026|2026_06
voice_of_cards:_the_beasts_of_burden,copyright,2025|2026|2026_06
voice_of_cards:_the_forsaken_maiden,copyright,2025|2026|2026_06
voice_of_cards:_the_isle_dragon_roars,copyright,2025|2026|2026_06
voice_trainer_(gakuen_idolmaster),character,2025|2026|2026_06
void,character,2025
void_archives_(cube)_(honkai_impact),character,2025
void_archives_(honkai_impact),character,2025
void_elf,general,2025|2026|2026_06
voidrakula,artist,2025|2026
voidroonil,artist,2025
voidyuga,artist,2025
volibear,character,2025|2026|2026_06
volibear_(cosplay),general,2025|2026|2026_06
volke_rothen,artist,2025
volleyball,general,2025|2026|2026_06
volleyball_court,general,2025|2026|2026_06
voltron_(mecha),character,2025
vomiting_blood,general,2025|2026|2026_06
voncias_(dragon_village_collection),character,2025
vongola_x,artist,2025
vonobono3,artist,2025|2026|2026_06
voodoo_doll_hair_ornament,general,2025
vorona_(cosplay),general,2025|2026
voskhod,character,2025|2026|2026_06
voyagehermitage,artist,2025
voyager,general,2025
voyager_(first_ascension)_(fate),character,2025
voyager_bihai,artist,2025
vp4xaalocg,artist,2026|2026_06
vranimated,artist,2025
vromcan_spicy,general,2025|2026|2026_06
vrykolakas_(sentai_red_ga_isekai_de_boukensha_ni_naru),character,2025|2026|2026_06
vsinger_luo_tian_yi,artist,2026|2026_06
vtuber22725656,artist,2025
vtuber_animations,artist,2025|2026
vtuberfandrawperson5000,artist,2025
vtubertanoshi,artist,2025|2026|2026_06
vuleagle,character,2025
vulko,artist,2025|2026
vulpusraven,artist,2025
vulva_(copyright),copyright,2025
vurai,artist,2025
vveonnee98,artist,2025|2026|2026_06
vvhu7357,artist,2025
vvrs8878,artist,2026|2026_06
vvv_fnk,artist,2025
vx7givcony78710,artist,2026|2026_06
vxfm8532,artist,2026|2026_06
vy_(vy_va1),artist,2025
w7kogane,artist,2025
w_eyes,general,2025
w_to_n_to,artist,2025
wa_yuta,artist,2025|2026|2026_06
waa_(user_hamr3575),artist,2025|2026|2026_06
waaaai_osushi,artist,2025
waai_kaoru,artist,2025
wabaki,artist,2025
wacca_(game),copyright,2025
wachikumori,artist,2025|2026|2026_06
wada_chiyon,artist,2025
wada_makoto,artist,2025
wadaiez,artist,2025
wade-lebron_dunk_picture,general,2025|2026|2026_06
wagamama_fashion,copyright,2025
wagatomoya,artist,2025|2026|2026_06
wagatsuma_arisu,character,2025
waguchi_shouka,artist,2025
wahai,character,2025|2026|2026_06
wai_(yyy_aims),artist,2025
waist_cutout,general,2025
wait_gesture,general,2026|2026_06
waiwaiwa_1,artist,2025
waiyu,artist,2025
waizumi,artist,2025|2026|2026_06
waka_88000,artist,2025|2026|2026_06
wakako_(benghuai_xueyuan),character,2025|2026|2026_06
wakame,artist,2025
wakame-chan,character,2025
wakame_0302,artist,2025|2026|2026_06
wakamomo1000,artist,2025
wakasai,artist,2025
wakatou,artist,2025|2026|2026_06
wakatsuki_niko,character,2025
wakatsura-07,artist,2025|2026|2026_06
wakaunderblade7,artist,2025
wake76457441,artist,2025
wakigyoa,artist,2025|2026|2026_06
wakimae62,artist,2025
wakipiiiii,artist,2025|2026|2026_06
wakusaga,copyright,2025
wala75715,artist,2025|2026|2026_06
walking_bike,general,2025
walkingmelonsaaa,artist,2025
wall-nut_(plants_vs_zombies),character,2025
wall_of_flesh,character,2025|2026|2026_06
wallace_(wallace_and_gromit),character,2025
wallace_(wallace_and_gromit)_(cosplay),general,2025
wallace_and_gromit,copyright,2025
wallachia,character,2025
wallachia_(cosplay),general,2025
wallwalking,general,2025|2026|2026_06
walnutcoffee,artist,2025
walrus_(airplane),general,2025
walther,general,2025|2026|2026_06
waltza,artist,2025
waluigi_(golf),character,2025
waluigi_(tennis_aces),character,2026|2026_06
wamigakiko,artist,2025|2026|2026_06
wan,character,2025
wanaguchi_megumi,character,2025
wanbi,artist,2025
wancharm,artist,2025
wanderer_(wanderer_impression)_(genshin_impact),character,2025|2026|2026_06
wandjina_(fate)_(first_ascension)_(fate),character,2025
wandjina_(fate)_(second_ascension)_(fate),character,2025
wandjina_(fate)_(third_ascension)_(fate),character,2025
wang_ko,artist,2025
wang_yue,character,2025
wang_yuhao_(delta_force),character,2025|2026|2026_06
wanimaru,artist,2025
waninoko-love,artist,2025|2026|2026_06
wanitaro,artist,2025
wanlai_bu_shiman,artist,2025|2026|2026_06
wanryoku-san,artist,2025
wanshangchizaofanchuan,artist,2026|2026_06
wanshi_jie_xu,artist,2025|2026|2026_06
wanwan_(akashic_chronicle),character,2025|2026|2026_06
wanwanodaisuki,artist,2025
wanze,character,2025
wanzero,artist,2025
war_dogs_(2016_film),copyright,2025
war_of_the_arrows_(2011_korean_film),copyright,2025
warachia,artist,2025
warden7,artist,2025
warfakaid,artist,2025
wargreymon43,artist,2025
warikyuunn,character,2025|2026|2026_06
wario_(tennis_aces),character,2026|2026_06
warm_colored,general,2025|2026|2026_06
warmachine,copyright,2025|2026|2026_06
warmy_(at_the_warm_velvet_corner)_(arknights),character,2025
warner_bros,copyright,2025
warped,general,2025|2026|2026_06
warped_origins_au_(warhammer),general,2025
warspite_(christmas_mode)_(kancolle),character,2025
warspite_(haregi_mode)_(kancolle),character,2025
wart,general,2025|2026|2026_06
warubou_(dragon_quest),character,2025
warwick,character,2025|2026|2026_06
wasab_mamemochi,artist,2025|2026|2026_06
wasabi_(pixiv_13791353),artist,2025
wasabi_whip_(plants_vs_zombies),character,2025
washi_(bbywashi),artist,2025|2026|2026_06
washington_(lawson_swimsuit_mode)_(kancolle),character,2025
washington_(race_queen_mode)_(kancolle),character,2025
washington_(swimsuit_mode)_(kancolle),character,2025
washington_(valentine's_mode)_(kancolle),character,2025
washinosu_mami,artist,2025|2026
wasshoi_(nauticalmile),artist,2025
wasun96,artist,2025
wata_aoioioi,artist,2025
wata_meamai,artist,2025|2026|2026_06
wataame0507,artist,2025
watabe_karou,character,2025
watabou_(dragon_quest),character,2025
watagasi0147,artist,2025
watanab1019,artist,2025
watanabe_(spz109),artist,2025
watanabe_fuka,character,2025
watanabe_keito,artist,2025
watanabe_motoko,artist,2025
watanukin_(etson122127),artist,2025
watarishirou28,artist,2025|2026|2026_06
wataru_watanabe,artist,2025
watashi_ga_koibito_ni_nareru_wake_naijan_murimuri,copyright,2025
watashi_o_tabetai_hitodenashi,copyright,2025
watashi_wa_taihou_yo,artist,2025|2026|2026_06
watashitachi_ga_koisuru-riyuu,copyright,2025
watatuki_guda,artist,2025
watcher's_choice_(genshin_impact),general,2025
watchoutfire,artist,2025|2026|2026_06
water-balloon_mouth,character,2025|2026|2026_06
water_caste,general,2025|2026
water_dragon_(yu-gi-oh),character,2025|2026|2026_06
water_hazard_(ben_10),character,2025
water_in_navel,general,2025
water_style,character,2025
water_wings,general,2025|2026|2026_06
watermelon-0615,artist,2025
watermelon_background,general,2025
waterpie,artist,2025|2026|2026_06
waterrice11,artist,2026|2026_06
waterringart,artist,2025
waterwalker98,artist,2025
wato_ko25,artist,2025
watotomato,artist,2025|2026|2026_06
watto_(user_hjyu3787),artist,2026|2026_06
wave_(hairstyle),general,2025
waving_arm,general,2025|2026|2026_06
waviwan,artist,2025
wavy_border,general,2025|2026|2026_06
wb,general,2025
wcao_(user_ykj5554),artist,2025
wcsu3555,artist,2025
wd_sakuya,artist,2025|2026|2026_06
wdm998,artist,2025|2026|2026_06
wdye4532,artist,2026|2026_06
weapon_bay,general,2025
weapon_behind_back,general,2025
weapon_comparison,general,2025|2026|2026_06
wearecyberpunks,artist,2025
weather_815,artist,2025|2026|2026_06
weaverling,character,2025
web_browser,general,2026|2026_06
web_searching,general,2025|2026|2026_06
wednesday_(uchi_no_hime-sama),character,2025
weeabsteer,artist,2025
weekly_shounen_jump,copyright,2025|2026|2026_06
weekly_shounen_sunday,copyright,2025
weeyi_33929439,artist,2025|2026|2026_06
wefightasone_1,artist,2025|2026|2026_06
wei_(akatsuki_blitzkampf),character,2025
wei_(kaminari0411),artist,2025
wei_(pixiv53355564),artist,2025
weibo_1581197152,artist,2026|2026_06
weibo_1643213674,artist,2025|2026|2026_06
weibo_1750185393,artist,2025
weibo_1787036763,artist,2025
weibo_1797340705,artist,2025
weibo_1819494273,artist,2025|2026|2026_06
weibo_1864813592,artist,2025
weibo_1881724072,artist,2025
weibo_1965277151,artist,2025
weibo_2197491743,artist,2025|2026|2026_06
weibo_2231616683,artist,2025
weibo_2267015105,artist,2025|2026|2026_06
weibo_2267448622,artist,2026|2026_06
weibo_2311493783,artist,2025
weibo_2568076991,artist,2025
weibo_2599164105,artist,2026|2026_06
weibo_2621656447,artist,2025
weibo_2806526984,artist,2025|2026|2026_06
weibo_2871627840,artist,2026|2026_06
weibo_2885826752,artist,2025
weibo_2963471665,artist,2025|2026|2026_06
weibo_3893749281,artist,2025|2026|2026_06
weibo_5124357768,artist,2026|2026_06
weibo_5125084832,artist,2026|2026_06
weibo_5159781519,artist,2026|2026_06
weibo_5223192291,artist,2025
weibo_5312459091,artist,2026|2026_06
weibo_5325288248,artist,2025|2026|2026_06
weibo_5405245598,artist,2025
weibo_5516321954,artist,2025|2026|2026_06
weibo_5541843220,artist,2025
weibo_5565992430,artist,2025
weibo_5655147022,artist,2025
weibo_5666068831,artist,2025|2026|2026_06
weibo_5669677882,artist,2025
weibo_5698511304,artist,2025
weibo_5850896364,artist,2026|2026_06
weibo_5968889247,artist,2026|2026_06
weibo_6159712244,artist,2025|2026|2026_06
weibo_6257631200,artist,2025
weibo_6259559564,artist,2025
weibo_6271517151,artist,2025
weibo_6319544116,artist,2025|2026|2026_06
weibo_6504230872,artist,2025
weibo_6537865143,artist,2025
weibo_6570542038,artist,2025
weibo_6576383954,artist,2025
weibo_6587201356,artist,2025
weibo_6612215652,artist,2025
weibo_6632877838,artist,2026|2026_06
weibo_6636859565,artist,2025|2026|2026_06
weibo_6655142211,artist,2025|2026|2026_06
weibo_6989132945,artist,2025
weibo_6992685970,artist,2026|2026_06
weibo_7054093389,artist,2025|2026|2026_06
weibo_7087802219,artist,2025|2026|2026_06
weibo_7115501297,artist,2026|2026_06
weibo_7182756322,artist,2026|2026_06
weibo_7206704603,artist,2025|2026|2026_06
weibo_7215408652,artist,2025
weibo_7260867169,artist,2025
weibo_7280154194,artist,2025
weibo_7304242044,artist,2025
weibo_7385620570,artist,2025|2026|2026_06
weibo_7407886904,artist,2025
weibo_7466063422,artist,2026|2026_06
weibo_7482234480,artist,2025
weibo_7508472311,artist,2025|2026|2026_06
weibo_7548498834,artist,2026|2026_06
weibo_7560517803,artist,2025
weibo_7561238793,artist,2025
weibo_7587683077,artist,2025|2026|2026_06
weibo_7613854186,artist,2025|2026|2026_06
weibo_7651777117,artist,2026|2026_06
weibo_7679603574,artist,2025
weibo_7689612664,artist,2025
weibo_7719572585,artist,2026|2026_06
weibo_7727670323,artist,2025
weibo_7744062175,artist,2026|2026_06
weibo_7757881761,artist,2025|2026|2026_06
weibo_7786749905,artist,2025
weibo_7799103142,artist,2025|2026|2026_06
weibo_7824678714,artist,2025
weibo_7832931143,artist,2025
weibo_7834658999,artist,2026|2026_06
weibo_7837538978,artist,2025|2026|2026_06
weibo_7846831215,artist,2026|2026_06
weibo_7849142165,artist,2025|2026
weibo_7856472567,artist,2026|2026_06
weibo_7859562358,artist,2025
weibo_7861793240,artist,2025|2026|2026_06
weibo_7893614762,artist,2026|2026_06
weibo_7899261198,artist,2026|2026_06
weibo_7908884543,artist,2026|2026_06
weibo_logo,general,2025
weichisama,artist,2025
weii_hq,artist,2026|2026_06
weird030,artist,2025|2026|2026_06
weird_barbie,character,2025
weird_cat,character,2025|2026|2026_06
weird_killer_(benghuai_xueyuan),character,2025|2026|2026_06
weirdo,artist,2025|2026|2026_06
weiss_(benghuai_xueyuan),character,2025|2026|2026_06
weixing_youge,artist,2025|2026|2026_06
wekapipo's_pose_(jojo),general,2026|2026_06
wen_jr,artist,2025|2026|2026_06
wen_yang,character,2025
wendinu,character,2025
wenfei_ye,artist,2025|2026|2026_06
weng69089665583,artist,2026|2026_06
wenjun_lee,artist,2025|2026|2026_06
wenren_dian,character,2025|2026|2026_06
wepwawet0368,artist,2025
werewolf_costume,general,2025|2026|2026_06
wesekh,general,2026|2026_06
wesley_collins,character,2025
west24_draw,artist,2025
west_(user_frmf8438),artist,2025
west_gon,artist,2025
wester_(fresh_precure!),character,2025|2026|2026_06
wester_(fresh_precure!)_(cosplay),general,2025|2026|2026_06
westminster_(benghuai_xueyuan),character,2025|2026|2026_06
wet_legwear,general,2025
wet_plugsuit,general,2025
wet_stockings,general,2025
wetpancake0112,artist,2025|2026|2026_06
wewlife,artist,2025|2026|2026_06
weyy,artist,2025|2026|2026_06
wgkh3737,artist,2025
whale_background,general,2025
what_i_played_what_i_expected_what_i_got,general,2025|2026|2026_06
what_you_can_do_with_height_differences,general,2025
whddus6712,artist,2025|2026|2026_06
when_miracles_bloom_(miracle_nikki),character,2026|2026_06
when_roses_perish_(shining_nikki),character,2026|2026_06
where_ha0,artist,2025
whip_swing,general,2025
whisper_(app),general|copyright,2025|2026|2026_06
whispering_marina_(ensemble_stars!),general,2025|2026|2026_06
whistle_(module),general,2025
white-brown,artist,2025
white_2530,artist,2025
white_blazer_(module),general,2025
white_blindfold,general,2025
white_bridal_garter,general,2025
white_brooch,general,2025
white_cowboy_outfit,general,2025|2026|2026_06
white_cross,general,2025|2026|2026_06
white_dress_(module),general,2025
white_edge_(module),general,2025
white_fixer_(lobotomy_corporation),character,2025|2026|2026_06
white_footwear,general,2025
white_gemstone,general,2025|2026|2026_06
white_haired_girl_(chainsaw_man),character,2025
white_headphones,general,2025
white_innertube,general,2025|2026|2026_06
white_kosode,general,2025|2026|2026_06
white_leaves,general,2025
white_legwear,general,2025
white_movement,general,2025
white_one-piece_(module),general,2025
white_papakha,general,2026|2026_06
white_pasties,general,2025
white_pearl_(steven_universe),character,2025|2026|2026_06
white_petticoat,general,2025
white_ph,artist,2025
white_pom_poms,general,2025
white_pouch,general,2025
white_racing_suit,general,2026|2026_06
white_ranger,character,2025
white_sleeve_cuffs,general,2025|2026|2026_06
white_sneakers,general,2025
white_stitching,general,2025|2026
white_straps,general,2025|2026|2026_06
white_stripes,general,2025
white_sugar,artist,2025
white_suspenders,general,2025|2026|2026_06
white_undershirt,general,2025
white_ushanka,general,2025
white_van,general,2025
white_wetsuit,general,2025|2026|2026_06
whitek,artist,2025
whiteknot,artist,2025|2026
whitepeach0512,artist,2025|2026|2026_06
whiteziyanjun,artist,2025
whiwhiwhi,artist,2025|2026|2026_06
who_wants_to_be_a_millionaire,copyright,2025|2026|2026_06
who_whoareuu,artist,2025
why_is_it_called_the_restroom_i_am_literally_fighting_for_my_life_in_here_(meme),general,2025|2026
wi58kbma9vq4bb6,artist,2026|2026_06
wick,artist,2025
wii_fit_trainer,character,2025
wiki234,artist,2025
wild_mane_(elite_ii)_(arknights),character,2026|2026_06
wild_trax,copyright,2025|2026
wildclaw_dragon_(flight_rising),character,2025|2026|2026_06
wildou_p,artist,2025|2026|2026_06
wildwords_(font),general,2025
wilhelm_(re:zero),character,2025|2026|2026_06
wilhuff_tarkin,character,2025
will_of_the_abyss_(benghuai_xueyuan),character,2025|2026|2026_06
willa,character,2025
william_(black_survival),character,2026|2026_06
william_(eternal_return),character,2025
william_cranston_(remake),character,2025
william_kidd,character,2025|2026|2026_06
willow_(film),copyright,2025
willow_(pokemon),character,2025
willump,character,2025|2026|2026_06
willump_(cosplay),general,2025|2026
wilson_(magic:_the_gathering),character,2025|2026|2026_06
wind7626,artist,2025
wind_chimes_(elite_ii)_(arknights),character,2026|2026_06
winds_of_purity_(infinity_nikki),character,2025
wine_(1799760582),artist,2025
winegrapeivy30,artist,2025
wineretro,artist,2025
winet,artist,2025
wing-shaped_hair,general,2025|2026|2026_06
wing_decorations,general,2025|2026|2026_06
wing_eyes,general,2025
wing_form,general,2025|2026|2026_06
wing_fortress,general,2025|2026|2026_06
wing_hairclip,general,2026|2026_06
wing_hairpin,general,2025|2026|2026_06
winged_footwear,general,2025
winged_legs,general,2025|2026|2026_06
winged_shirt,general,2025
wingmould,character,2025
wings_of_the_wild_west_(ensemble_stars!),general,2026|2026_06
wings_ornament,general,2025
wingsbattle,general,2025
winning_ticket_(full_power!_tantrum!!)_(umamusume),character,2025|2026|2026_06
winston_de_plessis,character,2026|2026_06
winter68276571,artist,2025
winter_melon_(fruit),general,2025
winter_melon_(plants_vs_zombies),character,2025
winter_sky,artist,2025
wise_stone_(module),general,2025
wish,copyright,2025
witch_(red_witch)_(puyopuyo),character,2026|2026_06
witch_girl_style_(module),general,2025
witch_hazel,character,2025
witchblade,copyright,2025|2026|2026_06
witchpiggy,artist,2025|2026
with_(semokan),artist,2025|2026
wither,artist,2025
wizard_(asgard),character,2026|2026_06
wizard_and_black_cat_wiz,copyright,2025
wizard_howl,character,2025
wizard_rider_watch,general,2025
wizarmon_(x-antibody),character,2025|2026|2026_06
wize,artist,2025
wize_(artist),artist,2025
wiztella_(vtuber),character,2025
wjdghlgu,artist,2025
wjy1347193,artist,2025
wk,artist,2025
wkm_ko6,artist,2025|2026|2026_06
wkt_uraa,artist,2025
wldrnbag_19,artist,2026|2026_06
wlzhgege0527,artist,2025
wnsgur6686,artist,2025|2026|2026_06
wo_jia_dashi_xiong_naozi_you_keng,copyright,2025
wo_jiji,artist,2025
wo_lai_diaoguo_yu,artist,2025|2026|2026_06
wo_nanji_manyi_ye,artist,2026|2026_06
wo_shi_xiazhou,artist,2025|2026|2026_06
wochichichi87329,artist,2025
woeyamcha,artist,2025
wogen769,artist,2026|2026_06
wokaoriwo,artist,2025
wolf-boy,general,2026|2026_06
wolf-con-f,artist,2026
wolf_ammunition_(brand),general,2025|2026|2026_06
wolf_pendant,general,2025
wolf_tails,copyright,2025|2026|2026_06
wolfadeart,artist,2025
wolfe_(arknights),character,2026|2026_06
wolfgang_(gegege_no_kitarou),character,2025|2026
wolfgang_amadeus_mozart_(salon_de_marie)_(fate),character,2025
wolfie_(t_timote),character,2025|2026|2026_06
wolfmother,character,2025|2026
wolfour3,artist,2026|2026_06
wolfrun_(fairy),character,2025
wolfwalker,artist,2025|2026|2026_06
wolverine_(weapon_x)_(marvel_rivals),character,2026|2026_06
wolverine_tail,general,2025
women's_wallet,general,2025
wonda_iori,artist,2025
wonder_boy_in_monster_world,copyright,2025|2026|2026_06
wonder_tile,general,2025|2026
wonder_wand,character,2025
wonder_woman_(movie),copyright,2025|2026|2026_06
wonhee,character,2025|2026|2026_06
wonkake,artist,2025|2026
wonton_soup,general,2025
wony_(yzxy2737),artist,2025|2026|2026_06
wonyoung_(ive),character,2025|2026|2026_06
wonyoung_(ive)_(cosplay),general,2025|2026|2026_06
woo-saguchi-2013,artist,2026|2026_06
woo_ing's_character,character,2025
woochan0919,artist,2025
wood_horns,general,2025|2026|2026_06
wooden_boat,general,2026|2026_06
woodenbeluga,artist,2025
woodrow_(arknights),character,2025|2026|2026_06
woodworking,general,2025|2026|2026_06
woof_(benghuai_xueyuan),character,2025|2026|2026_06
woof_(kyh17000),artist,2025|2026|2026_06
wookyung,artist,2025
wooly_(rune_factory),character,2026|2026_06
woon_ir_vin,artist,2025
worimehl,artist,2025
wow_(artist),artist,2025|2026|2026_06
wow_these_people_are_so_weird_thank_god_i'm_the_normal_one_(meme),general,2025
woz,character,2025|2026|2026_06
wp_0263,artist,2025|2026|2026_06
wpdu2772,artist,2025
wraithdt,artist,2025
wrapped,general,2025|2026|2026_06
wrapping,general,2025|2026|2026_06
wrappings,general,2025|2026|2026_06
wrestler_(metal_max),character,2025
wrnmsb,artist,2025
wrong5166,artist,2025|2026|2026_06
wrong_uniform,general,2025
ws,artist,2025
wsk4725,artist,2025
wsst_chun,artist,2025
wtct8324,artist,2025
wtfsths1,artist,2025
wtru3852,artist,2025
wts,artist,2025
wtst,artist,2025
wtus2283,artist,2025
wu_di_xiao_ceng,artist,2025|2026|2026_06
wu_e_mianban_shan_xia_o_yang,artist,2025
wu_guotai,character,2025
wu_jingfei_(benghuai_xueyuan),character,2025|2026|2026_06
wu_zetian,character,2025|2026|2026_06
wuchang:fallen_feathers,copyright,2026|2026_06
wukong_(league_of_legends),character,2025|2026|2026_06
wulan_wulandari_(arumanis_9),character,2025
wuneigeshamingyoushadiaobingfanle,artist,2025|2026|2026_06
wuxian_(the_legend_of_luoxiaohei),character,2025|2026|2026_06
wuxian_(the_legend_of_luoxiaohei)_(cosplay),general,2025|2026
wuxu_you_de_zuobiao,artist,2025
wuyangceng,artist,2025
wuzhuo59468,artist,2025|2026|2026_06
www991102,artist,2025|2026|2026_06
wxjn4348,artist,2026|2026_06
wyatt_wu1020,artist,2025
wyeth_yuu,artist,2025|2026|2026_06
wyh2101680,artist,2025
wyrven_rhadamanthys,character,2025
wyv1,artist,2025
wyw_trail,general,2025
wzpx7373,artist,2025
x,general,2025
x-13-x,artist,2025
x-men_film_series,copyright,2025|2026|2026_06
x-plorez_(person),character,2025
x-shaped_bra,general,2025|2026|2026_06
x-shaped_panties,general,2025|2026|2026_06
x-shaped_pubic_hair,general,2026|2026_06
x-sobrero_frazier,character,2025|2026|2026_06
x-sobrero_next,character,2025|2026|2026_06
x.x,artist,2025|2026|2026_06
x/slur_(sakamoto_days),character,2026|2026_06
x49-night_raven,general,2025
x_(idonotexist),artist,2025|2026|2026_06
x_elisabetta,character,2025
x_tyf0h9,artist,2025|2026|2026_06
x_xww,artist,2026|2026_06
xai_(xai_xaii1996),artist,2025|2026|2026_06
xalice18,artist,2025|2026|2026_06
xalice22,artist,2025|2026|2026_06
xana,character,2025|2026|2026_06
xanaduo,artist,2025|2026|2026_06
xander_(gallant_king)_(fire_emblem),character,2025|2026|2026_06
xandros_xvii,general,2025|2026
xannybrush,artist,2025|2026|2026_06
xashtar,artist,2025|2026|2026_06
xayah,character,2025|2026|2026_06
xayah_(cosplay),general,2025|2026|2026_06
xc2pyramythra,artist,2025
xcs03563104,artist,2026|2026_06
xdarknex,artist,2025
xdliaoliao,artist,2025|2026|2026_06
xdyg4477,artist,2025
xed,artist,2025|2026|2026_06
xehanort,character,2025|2026|2026_06
xehanort_(cosplay),general,2025|2026|2026_06
xen,artist,2025
xenarai009,artist,2025
xendraw,artist,2025
xeno_(dr.stone),character,2025|2026|2026_06
xenophile,general,2025|2026|2026_06
xer0shiro,artist,2025|2026
xerachiel,artist,2025
xerath,character,2025|2026|2026_06
xeratonin,artist,2025
xerena_aey,artist,2025
xevious_(user_mrkh2888),artist,2025
xezat_surgate,character,2025|2026|2026_06
xfaerietale,artist,2025
xfreischutz,artist,2025
xfyf4457,artist,2025
xgarasux,artist,2025
xhanaxxus,artist,2025|2026|2026_06
xi_daisei,artist,2025
xi_tou_hen_fan(944492954),artist,2025|2026|2026_06
xi_xishao,artist,2025|2026|2026_06
xi_you_yisheng_jun_(shunruzhuanshii),artist,2025
xia_qing,artist,2025|2026|2026_06
xiahou_ba,character,2025
xiahouji,character,2025
xialing931,artist,2025|2026|2026_06
xiamu081,artist,2026|2026_06
xiamulin223311,artist,2025|2026|2026_06
xiang_xiang_cui_cui_zha_mo_gu,artist,2025
xiangli_yao,character,2025
xiangxiang_noon,artist,2025|2026|2026_06
xianqiqi874,artist,2025|2026|2026_06
xiao228,artist,2025|2026|2026_06
xiao_(suibian)_(genshin_impact),character,2025|2026|2026_06
xiao_ai_elegy,artist,2025|2026|2026_06
xiao_ba,artist,2025|2026|2026_06
xiao_gou_shenjing_(puppy_nerves),artist,2025|2026|2026_06
xiao_kaya,artist,2025|2026|2026_06
xiao_qiao,character,2025|2026|2026_06
xiao_qiao_(cosplay),general,2025|2026
xiao_qiao_(shin_sangoku_musou),character,2025|2026|2026_06
xiao_qiao_(shin_sangoku_musou)_(cosplay),general,2026
xiao_qiao_(shizhi_monv)_(wangzhe_rongyao),general,2026|2026_06
xiao_signo028,artist,2025
xiao_weiying_(fox),character,2026|2026_06
xiao_xiang_buzai,artist,2025
xiao_yao_du_ying,character,2025
xiao_zong,character,2026|2026_06
xiaofeixialady,artist,2025|2026|2026_06
xiaoguaiwujint2,artist,2025|2026|2026_06
xiaojiujiu030,artist,2025
xiaolerefa,artist,2025
xiaolvzijiang,artist,2025
xiaomei92835,artist,2025|2026|2026_06
xiaomeowy,artist,2026|2026_06
xiaoqian9,artist,2025
xiaoqiang,artist,2025|2026|2026_06
xiaoqiang_kuai_xingxing_buneng_zai_wan_le,artist,2025
xiaoshy_otp,artist,2025|2026|2026_06
xiaowen_mai_(delta_force),character,2025|2026|2026_06
xiaowujunyuegaohao,artist,2025
xiaoxingxing780,artist,2025|2026|2026_06
xiaoxingyuan549_(pink),artist,2025
xiaoye_dizi,artist,2025
xiaoyeei,artist,2025
xiaoyuweiliang,artist,2025|2026|2026_06
xiaozihaishixiaoma,artist,2025
xiatian_(beatmania_iidx),character,2025
xicheng_tang_yi,artist,2025
xie_bian,character,2025|2026|2026_06
xie_bian_(binary_star),character,2025|2026|2026_06
xie_bian_(blushing_scholars),character,2025|2026
xie_bian_(brilliant_polaris),character,2025|2026|2026_06
xie_bian_(broken_blossoms),character,2025|2026|2026_06
xie_bian_(cosplay),general,2025|2026|2026_06
xie_bian_(far_east_wind),character,2025|2026|2026_06
xie_bian_(flying_guillotine),character,2025|2026|2026_06
xie_bian_(master_yin_yang),character,2025|2026|2026_06
xie_bian_(qilin_merchant),character,2025|2026|2026_06
xie_bian_(requiem),character,2025|2026|2026_06
xiemon801,artist,2025|2026|2026_06
xiexie801,artist,2025|2026|2026_06
xifeng,general,2025
xigeris_(dream_game),character,2025
xiglin,artist,2025|2026|2026_06
xiiivokata,artist,2025
xikong783,artist,2026|2026_06
xiloi,artist,2025|2026|2026_06
ximxam,artist,2025
xin24613,artist,2025|2026|2026_06
xin_zhao,character,2025|2026|2026_06
xin_zhao_(cosplay),general,2025|2026|2026_06
xing_012,artist,2025
xing_cai_(shin_sangoku_musou),character,2025|2026|2026_06
xingguang115,artist,2025
xingqiba_eight,artist,2025|2026|2026_06
xingqiu_(sweets_paradise)_(genshin_impact),character,2025
xingying217,artist,2026|2026_06
xinjinjumi,artist,2025
xinjinjumin,artist,2025
xinjinjumin018259587231,artist,2025|2026|2026_06
xinjinjumin100275710227,artist,2025
xinjinjumin100316703645,artist,2025
xinjinjumin1064741,artist,2025
xinjinjumin129522430837,artist,2025
xinjinjumin151850560252,artist,2025
xinjinjumin1983948,artist,2026|2026_06
xinjinjumin2280867,artist,2026|2026_06
xinjinjumin235132096103,artist,2025|2026|2026_06
xinjinjumin249055877979,artist,2025
xinjinjumin296790605700,artist,2026|2026_06
xinjinjumin3013765,artist,2025|2026|2026_06
xinjinjumin3204809,artist,2025
xinjinjumin351459669438,artist,2026|2026_06
xinjinjumin356333577893,artist,2025
xinjinjumin3576991,artist,2025|2026|2026_06
xinjinjumin3802225,artist,2025|2026|2026_06
xinjinjumin416155831102,artist,2025
xinjinjumin447959113565,artist,2026|2026_06
xinjinjumin4780310,artist,2025
xinjinjumin5605530,artist,2026|2026_06
xinjinjumin686870151565,artist,2025|2026|2026_06
xinjinjumin7681487,artist,2025|2026|2026_06
xinjinjumin831056085033,artist,2025
xinjinjumin851877727331,artist,2025|2026|2026_06
xinjinjumin8736023,artist,2025
xinjinjumin9344604,artist,2025
xinjinjumin984652419828,artist,2026|2026_06
xinjinjumin_(cu_again),artist,2025
xinjinjumin_(triangle-029),artist,2025
xinjinjumin_(zhu_jin_fanselit),artist,2025
xinxiong_ceng,artist,2025
xinyuxiji,artist,2025
xinzoruo_(style),general,2025|2026|2026_06
xiowon,artist,2025
xiu_kukkii,artist,2025|2026|2026_06
xiumu_bianzhou,artist,2025|2026|2026_06
xiyaa_(haosao485),artist,2025|2026|2026_06
xiyangyang_yu_huitailang,copyright,2025|2026|2026_06
xizi_mu_zz,artist,2025
xlove,artist,2025|2026
xluverihu,artist,2025
xlvi4466,artist,2025|2026|2026_06
xm250,general,2025
xmfqiejm,artist,2025
xmimabs,artist,2025
xmjlwhy4i5ejkod,artist,2025|2026|2026_06
xmlpliciousx,artist,2025
xn_akisa,artist,2026|2026_06
xnalara,meta,2025
xnirox,artist,2025
xnoo_x,artist,2025|2026|2026_06
xo,general,2025|2026|2026_06
xogichan,artist,2025
xoo_(user_xzpt5477),artist,2025
xoue,artist,2025|2026|2026_06
xoxzxox,artist,2025|2026|2026_06
xrabbit_alps,artist,2025|2026|2026_06
xro22am,artist,2025
xsatanielx,artist,2025|2026
xu_chu_(shin_sangoku_musou),character,2026|2026_06
xu_fu_(swimsuit_avenger)_(fate),character,2025
xu_huang,character,2025|2026
xu_shu,character,2025
xu_wu,artist,2025|2026|2026_06
xu_zhu,character,2025
xuan_li_(the_legend_of_luoxiaohei),character,2025|2026|2026_06
xuan_ying,character,2025|2026|2026_06
xuanfeng_bowen,artist,2025
xuange,character,2025
xuanyuan_jian_can,copyright,2025
xuanzhen114,artist,2025
xuanzi_ye_xiang_chi_xijiu_fu,artist,2025
xuduanxingobishidiandengpao,artist,2026|2026_06
xue_ai_li,artist,2025|2026|2026_06
xue_lian_wa_noel,artist,2025|2026|2026_06
xuedingheimi_shengyenai,artist,2025
xueqingyueying,artist,2025
xueying_wawa_(anthropomorphism)_(roco_kingdom:world),character,2025|2026|2026_06
xueying_wawa_(roco_kingdom:world),character,2025|2026|2026_06
xuhuai_(the_legend_of_luoxiaohei),character,2025|2026|2026_06
xuhuai_(the_legend_of_luoxiaohei)_(cosplay),general,2025|2026|2026_06
xun_32,artist,2025
xuwq1h,artist,2025|2026|2026_06
xuya2333,artist,2025|2026|2026_06
xvev3778,artist,2025
xviii_reo,artist,2025|2026|2026_06
xvrh8558,artist,2026|2026_06
xvrs,artist,2025
xx_myon27_xx,artist,2025
xx_uau_xx,artist,2025|2026|2026_06
xxinainaxx,artist,2025
xxmemoriezxx,artist,2025
xxmewboy,artist,2025
xxpa_4,artist,2025|2026
xxrubbish,artist,2025
xxsacrosimxx,artist,2025
xxsxx,artist,2025
xxx_(b22n_97),artist,2025
xxx_(mechabunny),artist,2025|2026|2026_06
xxx_nnr,artist,2025
xxx_tachyon,artist,2025
xxxkuroraxxx,artist,2025|2026|2026_06
xxxworldhahaha,artist,2026|2026_06
xxxx_gugu,artist,2025
xxy11122,artist,2025|2026|2026_06
xy_pro,copyright,2025
xyanide,artist,2025
xyaorion,artist,2025
xyunx,artist,2025|2026|2026_06
xyvetalarts,artist,2025
xzxmio,artist,2025
y'='y,artist,2025
y111111n,artist,2026|2026_06
y4m4nin,artist,2025|2026|2026_06
y6882100011,artist,2025|2026|2026_06
y_(036_yng),artist,2025|2026|2026_06
y_(user_kjgm5733),artist,2025|2026|2026_06
y_kitsuno,artist,2025|2026|2026_06
y_mishima_(kimuraya),artist,2025|2026|2026_06
y_shaped_butt_crack,general,2025
ya_mari_6363,artist,2025
ya_you,artist,2025
yaa_(isekai_nonbiri_nouka),character,2025|2026|2026_06
yabai,character,2025|2026|2026_06
yabedaro,artist,2025|2026|2026_06
yadoc_(yayayadoc),artist,2025
yae_art0v0,artist,2025
yae_sakura_(a6819056),artist,2025
yaegraam,artist,2025
yaeji_(ya3ji_kim),artist,2025|2026|2026_06
yaeno_muteki_(attack_of_the_four_white_meteors)_(umamusume),character,2026|2026_06
yagami_yuuko,character,2025
yagantoegeun,artist,2025|2026|2026_06
yagi-san's_mom,character,2026|2026_06
yagi_764364,artist,2025|2026|2026_06
yagi_tori,general,2025|2026
yagisan4,artist,2025
yagutaki,artist,2025
yagyu_mitsuyoshi,character,2025|2026|2026_06
yagyuu_jubee,character,2025
yagyuu_juubei,character,2025
yagyuu_munenori,character,2025|2026|2026_06
yahagi_(jmsdf),general,2025|2026|2026_06
yahata_tomoe,character,2025|2026|2026_06
yajuuraku,artist,2025|2026|2026_06
yaki_manju,general,2025|2026|2026_06
yaki_mono014,artist,2025
yakigurigohan,artist,2025|2026|2026_06
yakijakeumee,artist,2026|2026_06
yakinantoga,artist,2025
yakiniku_pan,artist,2025
yakisavanva,artist,2025
yako_pk,artist,2025
yakota,artist,2025
yaksa444,artist,2025|2026|2026_06
yakui,character,2025|2026|2026_06
yakumo_(user_pfuc4735),artist,2025
yakumo_murai,character,2026|2026_06
yakushiji_yoshiharu,artist,2025
yalanaiki,artist,2025
yam_s2,artist,2025
yama_(czjfgto2eil3uzy),artist,2025
yama_sp3,artist,2026|2026_06
yamada_(dsjv4823),artist,2025
yamada_(guilty_gear),character,2025|2026|2026_06
yamada_(ultimate_exorcist_kiyoshi),character,2025
yamada_eiji,character,2025
yamada_kanako,artist,2025
yamagami_karuta_(4th_costume),character,2025|2026|2026_06
yamaguchi_ryouko,character,2025
yamaguchi_tamon,character,2025|2026|2026_06
yamagumo_(christmas_mode)_(kancolle),character,2025
yamaishisaki,artist,2025
yamakawa_ordinance,copyright,2025|2026
yamakaze_(miko_mode)_(kancolle),character,2025
yamakaze_(swimsuit_mode)_(kancolle),character,2025
yamakaze_kai_ni_(swimsuit_mode)_(kancolle),character,2025
yamakeitokokoro,artist,2025
yamakou_(pixiv16324),artist,2025|2026|2026_06
yamakuchi_mami,artist,2025
yamame_yasashiki,character,2025
yamamoto_hiro,artist,2025
yamamoto_hisashi,artist,2025
yamamoto_kansuke(midori_no_makibaoo),character,2025
yamamoto_marumi,artist,2025
yamamoto_runrun,artist,2025
yamamoto_takuhito,artist,2025
yamamoto_yoshino,character,2025|2026|2026_06
yamamoto_yumiko,artist,2025
yamanaka_yuichi,artist,2025|2026|2026_06
yamanba_(gyaru),general,2025
yamari,artist,2025
yamashina_(kooiboost),artist,2025|2026|2026_06
yamashino_takabu,artist,2025
yamashio_maru_(anniversary)_(kancolle),character,2025|2026|2026_06
yamashio_maru_(christmas_mode)_(kancolle),character,2025
yamashio_maru_(green_tea_mode)_(kancolle),character,2025
yamashio_maru_(swimsuit_mode)_(kancolle),character,2025
yamashiro_(swimsuit_mode)_(kancolle),character,2025
yamato's_dad,character,2025|2026|2026_06
yamato's_mom,character,2025|2026|2026_06
yamato_(kure)_(kancolle),character,2025
yamato_(spring_mode)_(kancolle),character,2025
yamato_(swimsuit_mode)_(kancolle),character,2025
yamato_(wweewwew),artist,2025|2026|2026_06
yamato_aoi,artist,2025
yamato_kai_ni_(swimsuit_mode)_(kancolle),character,2025
yamato_nadeshiko,artist,2025
yamato_nadeshiko_(style),general,2025
yamato_sumera_mikoto,character,2025|2026|2026_06
yamato_sumera_mikoto_(cosplay),general,2025|2026|2026_06
yamatyan-625,artist,2025
yamauchi_(conan-comy),artist,2025
yamaya_oouemon,artist,2025|2026|2026_06
yamero_tweet,artist,2025
yami47284742,artist,2025
yami_shin,artist,2025
yami_yuki,character,2025|2026|2026_06
yamiichif,artist,2026|2026_06
yamiko_saitama,character,2025
yamikumo_rindo,artist,2025|2026|2026_06
yaminoku,artist,2026|2026_06
yaminourakata,artist,2025
yamitsuki_(artist),artist,2025
yamo_(mahou_girls_precure!),character,2025|2026
yamu_(yamuyamu_ya),artist,2025|2026|2026_06
yamucooo,artist,2025
yan_(unicorn404),artist,2025
yan_jie,artist,2025|2026|2026_06
yan_qing_(fgo_x_pasela_resorts)_(fate),character,2026|2026_06
yanagi_rokuho,character,2025
yanagi_singetsu,character,2026|2026_06
yanagida_(gate),character,2025
yanagida_(ghoul_school),character,2025
yanamiya,artist,2025
yandere-kun,character,2025|2026
yanderesenpai,artist,2025
yandou141,artist,2025
yang,artist,2025
yang3,artist,2025|2026|2026_06
yang_(project_moon),character,2025|2026|2026_06
yang_guifei_(third_ascension)_(fate)_(cosplay),general,2025
yang_huimin,character,2025
yangming_li_wan_dianfen_chang,artist,2025
yangpiev,artist,2025
yangpuppy,artist,2025
yangyang,artist,2025
yanhe_v3,character,2026|2026_06
yankee_rose_(racehorse),character,2025
yano_str,artist,2025|2026|2026_06
yantou828,artist,2025|2026|2026_06
yanye0725,artist,2025
yanyudehonglingjin,artist,2025|2026|2026_06
yao_(ama8),artist,2025
yao_kkkrrr,artist,2026|2026_06
yao_zhui,artist,2025|2026|2026_06
yaoguai_mingdan,copyright,2025|2026|2026_06
yaoi39,artist,2025|2026|2026_06
yaoiphrnic,artist,2025|2026|2026_06
yaomiaomiao,artist,2025
yaonyu,artist,2025
yaopeijade_(gemstone),general,2025
yaoshanyeyu,artist,2025|2026|2026_06
yaotian_tenko,artist,2025|2026|2026_06
yappa_ningen_yamete_seikaida_wa,copyright,2025
yapper,artist,2025|2026|2026_06
yarennoka_98,artist,2025
yasafuda,artist,2026|2026_06
yasaho_azusa,character,2025|2026|2026_06
yasakalv1,artist,2025
yasaki_mia,character,2025
yasaoshi,artist,2025|2026|2026_06
yaseki,artist,2025
yashi-1109,artist,2025|2026|2026_06
yashiko_okuda,artist,2025
yashima_xx,artist,2025|2026|2026_06
yashirin,artist,2025
yasuda_akira,artist,2025|2026|2026_06
yasuda_akira_(style),general,2025|2026
yasuhiro_kanou,artist,2025
yasukun4,artist,2025
yasunaga_oyama,artist,2025
yasunari_toda,artist,2025
yasuo_(league_of_legends),character,2025|2026|2026_06
yasuo_(league_of_legends)_(cosplay),general,2025|2026|2026_06
yasushi_nagao,artist,2025
yasutomo_(smith-love),artist,2025
yat_(tsmn7245),artist,2025|2026|2026_06
yatamomo_(color_recipe),character,2025
yataneko,artist,2025
yatomomin,artist,2025
yatsucchie,artist,2025|2026|2026_06
yatsuka_(san),artist,2025
yatsuka_saku,artist,2025
yatzyel,artist,2025
yawafelt,artist,2025
yaya_(benghuai_xueyuan),character,2025|2026|2026_06
yaya_(boboiboy),character,2025
yayaka_(escalation_heroine),character,2025|2026
yayamombibibi,artist,2025|2026|2026_06
yayanehiro,artist,2025|2026|2026_06
yayoi_(eco),character,2025
yayoi_(pipi),artist,2025
yayoiharuki,artist,2025
yazaki_yuuko,artist,2025
yazawa_mana_jk,artist,2025
yb8548,artist,2025
ybinhao,artist,2025
ybmghj222,artist,2025
ycgirl,artist,2025|2026|2026_06
ych96530,artist,2026
ycl_060,artist,2025
ydc0955,artist,2025
ye_dian_pika_qiu,artist,2025
ye_yan_ukou,artist,2025|2026
year_of_the_loong,general,2025
yeast_(mnhp3353),artist,2025|2026|2026_06
yebai50644,artist,2025|2026|2026_06
yeh1117,artist,2025
yekun,artist,2025|2026|2026_06
yellow_(google_doodle),character,2025
yellow_(module),general,2025
yellow_baldric,general,2025|2026|2026_06
yellow_beret,general,2025|2026|2026_06
yellow_blindfold,general,2025
yellow_brooch,general,2025
yellow_card,general,2025|2026|2026_06
yellow_clouds,general,2025|2026|2026_06
yellow_curtain,general,2025
yellow_elephant_(artist),artist,2025
yellow_footwear,general,2025
yellow_gemstone,general,2025|2026|2026_06
yellow_headphones,general,2025
yellow_headwear,general,2025
yellow_innertube,general,2025|2026|2026_06
yellow_jangle_(idolmaster),general,2025
yellow_legwear,general,2025
yellow_lipstick_tube,general,2025|2026|2026_06
yellow_pant,general,2025
yellow_pasties,general,2025
yellow_peach_(benghuai_xueyuan),character,2025|2026|2026_06
yellow_petticoat,general,2025
yellow_pom_poms,general,2025
yellow_quokka,artist,2025|2026|2026_06
yellow_ranger,character,2025
yellow_ranger_(cosplay),general,2025
yellow_sleeve_cuffs,general,2025|2026|2026_06
yellow_soul_(undertale),character,2026|2026_06
yellow_star,general,2025|2026|2026_06
yellow_straps,general,2025
yellow_stripes,general,2025
yellow_suspenders,general,2025|2026|2026_06
yellow_swimsuit,general,2025
yellow_undershirt,general,2025
yellow_wetsuit,general,2025|2026|2026_06
yellow_wind_ranger_(cosplay),general,2025
yemaoxuan2,artist,2025|2026|2026_06
yemoo20,artist,2025
yeom,artist,2025
yeong_r6,artist,2025|2026|2026_06
yeonhwa_(kitsune_ga_boku_wo_matteiru),character,2025
yeouleou,artist,2025
yeowang_(awa_2),artist,2025
yerin_01160530,artist,2025|2026|2026_06
yes_(gesture),general,2025
yes_man_(film),copyright,2025
yeshao_yugou_binggan,artist,2025
yesheeng_de_ling_che_zi,artist,2025|2026|2026_06
yeshouqianbei099,artist,2025
yesi_chan,character,2025
yetania,character,2025|2026|2026_06
yeti_(dragon_quest),character,2025
yeti_caster_leader_(arknights),character,2025|2026|2026_06
yevgnen_jinneman,character,2025|2026|2026_06
yewsies,artist,2025|2026|2026_06
yexiong_da_bi_ou_nijiang,artist,2025|2026|2026_06
yeyiye_(2954504619),artist,2025
yggrassil2,artist,2025|2026
ygl,artist,2025
ygmtsk,artist,2025|2026|2026_06
yh114019_y,artist,2025
yhw,artist,2026
yi_(826805607),artist,2025|2026|2026_06
yi_(mascot)_(arknights),character,2026|2026_06
yi_fu_yu,artist,2025|2026|2026_06
yi_xuan,artist,2025
yi_xuan_(zenless_zone_zero),character,2025
yi_yi,artist,2025|2026|2026_06
yi_zhi_ai_xi,artist,2025
yi_zhi_renlei_de_hao_pengyou,artist,2025
yiban_yutou,artist,2025
yidhari_(zenless_zone_zero),character,2026|2026_06
yidhari_(zenless_zone_zero)_(cosplay),general,2026|2026_06
yidhra_(reversed_judgement)_(identity_v),character,2025|2026|2026_06
yielderero,artist,2025
yigi_17,artist,2025
yiguanli123,artist,2026|2026_06
yijiu1312,artist,2025|2026|2026_06
yikanjiushiji,artist,2025|2026|2026_06
yike_dacuitao,artist,2025
yimiliu752,artist,2025|2026|2026_06
yin_(yggdrasil_3),artist,2025
yin_(ying_qian),character,2025|2026|2026_06
yin_fei_xing,character,2025
yin_jiao,character,2025|2026|2026_06
yinero,artist,2025
yinertang,artist,2025
yinfanxiansheng,artist,2025|2026|2026_06
ying-wai,artist,2025
ying_lian_yue_shui,artist,2025
ying_long_(nezha_zhi_motong_jiangshi),character,2025
ying_zheng_(moeoh_ex),character,2025
yingjingnaizi,artist,2025|2026|2026_06
yingmusang-l1f,artist,2025
yingtong,artist,2026|2026_06
yingxizu99,artist,2026|2026_06
yinse_qiji,artist,2025
yinu's_mom_(no_straight_roads),character,2025|2026|2026_06
yinyoushirenmaotouying,artist,2025|2026|2026_06
yirubunni,artist,2025
yishengdou_huaji,artist,2025
yishi_0111,artist,2025
yishi_yels,artist,2025|2026|2026_06
yitaizhimeng,artist,2025
yitian9484,artist,2025|2026|2026_06
yituantuandemianhua,artist,2025|2026|2026_06
yiwanbulajinsiji320,artist,2025|2026|2026_06
yiwanriyuan,artist,2025
yixing_(wangzhe_rongyao),character,2025|2026|2026_06
yiyi_(escalation_heroine),character,2025
yiyihaohaoxuexikenengtuiwang,artist,2025
yizhiezi645,artist,2025
yizhixiaoshuiying,artist,2025|2026|2026_06
yizixiao39348,artist,2025|2026|2026_06
yjy,artist,2025
yknivel_art,artist,2025
yktskatch,artist,2025|2026|2026_06
yl_sink,artist,2025|2026|2026_06
ylang2chamomile,artist,2025
ylgcoffee,artist,2025
ylsimm9,artist,2025
ym_virtualwear,artist,2025|2026|2026_06
ynarkni,artist,2025
yng_su,artist,2025
yngon_(hwxf5232),artist,2025
ynielnan3s8mp5o,artist,2025
ynpo3,artist,2025|2026|2026_06
ynreport,artist,2025
yo-san_(buzhidaoqishanicheng60804),artist,2025
yo_ikaaaaa,artist,2026|2026_06
yo_komizo,artist,2025
yo_yo_ma_(stand),character,2025|2026|2026_06
yoako_(self-insert),character,2025
yocchi_(dq_xi),character,2025
yochu078759061,artist,2025|2026|2026_06
yococco,artist,2025|2026|2026_06
yodare_(225193),artist,2025|2026|2026_06
yodare_(3yami8),artist,2025
yodare_desu,artist,2025|2026|2026_06
yodarekake,artist,2025
yodistira404,artist,2025
yodokogon,artist,2025|2026|2026_06
yoel,artist,2025
yoels,artist,2025
yoelu_(yoelu28),artist,2025
yofukasi782,artist,2025
yog-sothoth_(benghuai_xueyuan),character,2025|2026|2026_06
yoga_instructor,general,2025|2026|2026_06
yogiri_(user_kppk3844),artist,2025|2026|2026_06
yogsothoths_yard,copyright,2025
yogurina_(crosscat),artist,2025
yoh_irie,artist,2025
yoh_kago_(medalist),character,2025
yohan_(eternal_return),character,2025
yoi_(207342),artist,2025
yoiyami81,artist,2025|2026|2026_06
yoiyami_dou,artist,2025
yoiyami_illust,artist,2025|2026|2026_06
yojimbo_(film),copyright,2025
yokan,artist,2025
yokawa_kazuki,artist,2025
yoki,artist,2025
yoko_(benghuai_xueyuan),character,2025|2026|2026_06
yoko_(ponymoe),character,2025
yokoshimahama,artist,2025|2026|2026_06
yokosimamanako2,artist,2025|2026|2026_06
yokoyama_(animus),artist,2025
yokoyama_nao's_brother,character,2025
yokozuna,character,2025
yoku1u,artist,2026|2026_06
yoltablaze,artist,2025|2026|2026_06
yomei_kirisaki,character,2025|2026|2026_06
yomotsuheguri_arms,character,2025
yomoya_oc10,artist,2025
yomusugara_(uzo-muzo),artist,2025
yona_(illusty0na),artist,2025|2026|2026_06
yonarita,artist,2025|2026|2026_06
yone3,artist,2025
yone_(league_of_legends),character,2025|2026|2026_06
yonesijima,artist,2025
yongen_yu,artist,2025|2026|2026_06
yonghu7510527839,artist,2025
yonghuyizhuxiao4444,artist,2025|2026|2026_06
yooooo53871,artist,2025|2026|2026_06
yoosung_(susanghan_messenger),character,2025
yorick_(league_of_legends),character,2025|2026|2026_06
yorigami,artist,2025
yoripi,artist,2026|2026_06
yoriteruru,artist,2025
yoriyasu_kira,character,2025
yorktown_class_aircraft_carrier,general,2025
yorosapuriba,artist,2025|2026|2026_06
yoru0409,artist,2025|2026|2026_06
yoru_(artist),artist,2025|2026|2026_06
yoru_(buru-tasuomaemoka),artist,2025
yoru_yakumo,artist,2025
yorugaladriel,artist,2025|2026
yorusagi,artist,2025|2026
yosano_akiko,character,2025
yosano_akiko_(real_life),character,2025
yosh_(yob0t),artist,2025
yoshi_(j_contrast),artist,2025
yoshi_(mii),character,2025|2026|2026_06
yoshi_(moco1),artist,2025
yoshi_(pirate_land),character,2026|2026_06
yoshi_ikuzo,character,2025|2026|2026_06
yoshida_nobuyoshi,artist,2025
yoshida_yuko,artist,2025
yoshida_yuuko_(machikado_mazoku),character,2025
yoshida_yuuko_(machikado_mazoku)_(cosplay),general,2025
yoshiharu_(subaru),artist,2025
yoshiichann,artist,2025|2026|2026_06
yoshiji_shuuman_(ymonkeyy),artist,2025
yoshikawa_kykio,general,2025
yoshikazu_samura,artist,2025
yoshiki_tanaka,character,2025
yoshiki_yaegashi,character,2025
yoshimoto_(pokemon),character,2025
yoshimura_(yoshimura4shi),artist,2025
yoshino_(kurage_no_candume),artist,2025
yoshino_himori,artist,2025
yoshino_privere_(umamusume),character,2025
yoshinon_(yoshinon_kotori),artist,2025
yoshinori_kanada,artist,2025
yoshinoya_(artist),artist,2025|2026|2026_06
yoshioi7,artist,2025
yoshioka_(user_zgdv8288),artist,2025|2026|2026_06
yosiyosii,artist,2025
yossyflame,artist,2025|2026|2026_06
yotsu_kado,artist,2025|2026|2026_06
yotsuba_aya,character,2025|2026|2026_06
yotsuba_b,general,2025|2026
yotubamasumi,artist,2025|2026
yotubaneko4649,artist,2025
you're_bald_(lobotomy_corporation),character,2025|2026|2026_06
you-6-11,artist,2025|2026|2026_06
you_and_i_(love_live!),general,2025|2026|2026_06
you_dieyong_de_chunzhen_mei,artist,2025
you_miao_(nuhanzi910),artist,2025|2026|2026_06
youeryanhuashi,artist,2025
yougou_doushirou,character,2025|2026|2026_06
youkai_kurabu,copyright,2026
youko_(zenra_de_nude_model_o_saserareta_tsuma),character,2025
youling_niao_(siye_233),artist,2025|2026|2026_06
youme_(xz),artist,2025
youmu-kun,artist,2025
youmu_(tomgoku2),artist,2025|2026|2026_06
younashinouka,artist,2025
young999999990,artist,2025|2026|2026_06
young_angels_(benghuai_xueyuan),character,2025|2026|2026_06
young_chun_(trickcal),character,2026|2026_06
yousan1162,artist,2025
youshi_kande,artist,2025
youshouhaoxianzhe,artist,2025|2026|2026_06
yousuke_(guruguru_medaman),artist,2025|2026|2026_06
youth_radio_(ensemble_stars!),general,2025
youwon0417,artist,2025
youyou_zhishi_ju,artist,2025
youzidmw,artist,2026|2026_06
youzilu222,artist,2025
yovinah,artist,2025
yow-utsugi,artist,2025
yowai,character,2025|2026|2026_06
yowayowaale,artist,2026|2026_06
yowl,artist,2025|2026|2026_06
yoyo_(miracle_nikki),character,2025|2026|2026_06
yoyoleif,artist,2025
yoyoro10,artist,2025
yoyoyohehehehe,artist,2025|2026
yoyoyosak,artist,2025
yozora,artist,2025|2026|2026_06
yozora1kawaii,artist,2025
yozora_mel_(5th_costume),character,2025
yqgkg,artist,2025
yracyrac,artist,2025|2026|2026_06
yram2523,artist,2025
yrge8743,artist,2025
yro_(user_hwfa3732),artist,2025|2026|2026_06
yrvv4378,artist,2025
ys-purgatory,artist,2025|2026|2026_06
ys_iii_wanderers_of_ys,copyright,2025
ys_ix_monstrum_nox,copyright,2025
ys_memories_of_celceta,copyright,2025
ys_tenyen,artist,2026|2026_06
ys_vi_ark_of_napishtim,copyright,2025
ys_viii_lacrimosa_of_dana,copyright,2025
ys_vs_sora_no_kiseki_alternative_saga,copyright,2025
ys_x_nordics,copyright,2025
ysaalv,artist,2026|2026_06
ysthl5,artist,2025
ystrann,artist,2025|2026|2026_06
yt-nagi,artist,2025
yu-chi_(ahamma),artist,2025
yu-ff-ie,artist,2025|2026|2026_06
yu-gi-oh!_gx_tag_force,copyright,2025
yu-h1,artist,2025
yu_(jhyu0418),artist,2025
yu_(luvme_tir4353),artist,2025
yu_clovers,artist,2025
yu_jin,character,2025
yu_mei-ren_(festival_outfit)_(fate)_(cosplay),general,2025
yu_ruyi,general,2025
yu_shou_yan,copyright,2025
yu_tang_(yuuuuuuuutang_),artist,2025|2026|2026_06
yu_xian_zi,artist,2025
yu_yu_(xhs_792599662),artist,2026|2026_06
yu_zuko729,artist,2025
yua85491,artist,2025|2026|2026_06
yua_(yua001_a),artist,2025
yua_(yuasobi871),artist,2025
yua_666666,artist,2025|2026|2026_06
yua_kokushikan,character,2026
yuacoca,artist,2025
yuan,artist,2025|2026|2026_06
yuan_roo,artist,2025|2026|2026_06
yuan_shao,character,2025|2026|2026_06
yuan_shen,artist,2025
yuan_shen_(weibo_6593199887),artist,2025
yuan_shen_(yuanshenoffice),artist,2026|2026_06
yuanil,character,2025
yuanjin_wenming,artist,2025
yuanlitianshiheaoye66364,artist,2025
yuanyuan430,artist,2025
yuanzhen,artist,2025|2026|2026_06
yuarima2,artist,2025|2026|2026_06
yuasa_satsuki_(cosplay),general,2025|2026|2026_06
yuashisu_(kyoso),artist,2025
yuba_11,artist,2025|2026|2026_06
yubikiri_konyaku_roriita,copyright,2025|2026|2026_06
yubinbasya,artist,2025
yubu,artist,2025
yuci_baobao,artist,2025
yue_da02ren,artist,2025|2026|2026_06
yue_jin,character,2025
yue_xi_tu,artist,2025
yue_xiao_e_nuli_bian_cheng_dacun_ba,artist,2025
yue_ying_(shin_sangoku_musou),character,2025|2026|2026_06
yueba_xiaoe,artist,2026|2026_06
yueniang,character,2025|2026|2026_06
yuetrys,artist,2025
yuezheng_ling_v3,character,2026|2026_06
yugen_ushitora,character,2026|2026_06
yugiri_tsuzuri_(gigo),character,2025
yugiri_tsuzuri_(walking_diary),character,2025
yugonm222,artist,2025|2026|2026_06
yuhi_fujimaru,character,2025
yuhwa_(kitsune_ga_boku_wo_matteiru),character,2025
yui1yui2xx,artist,2025|2026|2026_06
yui_(benghuai_xueyuan),character,2025|2026|2026_06
yui_(gemba),character,2026|2026_06
yui_(pixiv),artist,2025
yui_(sky-freedom),character,2025|2026|2026_06
yui_0p0_(voice_actor),artist,2025
yui_megaka,artist,2025
yuiao,artist,2025|2026|2026_06
yuichi_(megami_tensei),character,2025
yuieggroll,artist,2025
yuiga_satoru,artist,2025
yuinochiri04,artist,2025|2026|2026_06
yuiro,artist,2025
yuito,artist,2025
yuiyuiko_108,artist,2025
yujiko_(yjk1029),artist,2025|2026|2026_06
yujin_(ive),character,2025|2026|2026_06
yujingtong,artist,2025
yuk1_94,artist,2025
yuk49,artist,2025|2026|2026_06
yuk_(pakyaru),artist,2025|2026|2026_06
yuka_(ruri_dragon),character,2025
yukagen,artist,2025
yukari's_gap_bikini_(meme),general,2025
yukari_(yu),artist,2025
yukata_style_(module),general,2025|2026|2026_06
yuke_(pixiv30322783),artist,2025
yuke_(weibo),artist,2025
yukejima,artist,2025
yuki-san,character,2025|2026|2026_06
yuki.,artist,2025|2026|2026_06
yuki_(yukiw94),artist,2025
yuki_guni_(yukiworld_ww),artist,2025
yuki_kurage,artist,2025
yuki_kurita,artist,2025|2026|2026_06
yuki_miku_(2026)_(candidate_no.5),character,2025
yuki_murata,artist,2025|2026
yuki_n87,artist,2025|2026|2026_06
yuki_nko64,artist,2025
yuki_sato,artist,2025
yuki_toko,character,2025|2026|2026_06
yukihana_lamy_(loungewear),character,2025
yukihos,artist,2026|2026_06
yukii,artist,2025|2026|2026_06
yukikachan,artist,2025
yukikaze_(jmsdf),general,2025|2026|2026_06
yukikaze_(summer_mode)_(kancolle),character,2025
yukikaze_(swimsuit_mode)_(kancolle),character,2025
yukiko-onna,artist,2025
yukiko-san,character,2025|2026|2026_06
yukime_(kage_no_jitsuryokusha_ni_naritakute!),character,2025|2026|2026_06
yukimi_bon,artist,2025|2026|2026_06
yukimi_itami,character,2025|2026|2026_06
yukimura_(pokemon),character,2025|2026|2026_06
yukimura_(slayer_dramonz),character,2026|2026_06
yukine416,artist,2025
yukineon,artist,2025
yukino-ss,artist,2025
yukino_(zeroshiki_kouichi),character,2025
yukino_bijin_(illuminate_the_evening_with_a_votive_dance)_(umamusume),character,2025|2026|2026_06
yukinobu_tatsu,artist,2025
yukinobu_tatsu_(style),general,2025
yukinoshinf,artist,2025
yukinotomotaku,artist,2025
yukio1go,artist,2025
yukioekaki617,artist,2025
yukionetwo,artist,2025
yukiwhite_0418,artist,2025|2026|2026_06
yukiyama3776m,artist,2025|2026|2026_06
yukiyama_momo,artist,2025|2026|2026_06
yukleeeee,artist,2025
yuko_(kana21235),artist,2025|2026|2026_06
yukoku_roberu_(4th_costume),character,2025
yukomaussi,artist,2025|2026|2026_06
yukot,artist,2025
yukt,artist,2025
yuleth,artist,2025|2026|2026_06
yulia,artist,2025|2026|2026_06
yum4802888,artist,2025|2026|2026_06
yum_kaax_(benghuai_xueyuan),character,2025|2026|2026_06
yuma_(mron_322),artist,2025|2026|2026_06
yume_meisaku,artist,2025
yume_ngze3355,artist,2025|2026|2026_06
yumeb612,artist,2025|2026|2026_06
yumegi,artist,2025|2026|2026_06
yumemi_(uchi_no_hime-sama),character,2025
yumeminoideyu2,artist,2025|2026|2026_06
yumemiru_panda_(module),general,2025
yumemiru_renaissance,copyright,2025
yumemori_hina_(shirahane_yume),character,2025|2026|2026_06
yumeto_miruru,character,2025|2026|2026_06
yumi_saji,artist,2025
yumiewuri,artist,2025|2026|2026_06
yumiko_(34164048),artist,2025
yumikun,artist,2025
yumimimi,artist,2025
yumizuru_izuru,artist,2025
yummy-chan_(omaru_gyuunyuu),character,2025|2026|2026_06
yumoto,artist,2025
yumseaki_miu,character,2026|2026_06
yumyumyomi,artist,2025|2026|2026_06
yun_(kbdenz9),artist,2025
yun_(wiz0318),artist,2025
yun_kai_baihezi,artist,2025|2026|2026_06
yun_tianhe_(xianjian_qixian_zhuan_4),character,2025
yun_zhong_jun,character,2025|2026|2026_06
yuna_(nakahira_guy),character,2025|2026|2026_06
yuna_(pixiv),artist,2025
yuna_(starseed:_asnia_trigger),character,2025
yunagi_kaoru,artist,2025
yunaka_(fire_emblem)_(spirited_envoy),character,2025
yunameko_(yunameko_0408),artist,2026|2026_06
yunannart,artist,2025
yunara,artist,2025|2026|2026_06
yunara_(league_of_legends),character,2026|2026_06
yuneko_wkgm,artist,2025
yung-rage,artist,2025
yungjong,character,2025
yungu_(vipper),artist,2025
yuni_(chunithm),character,2026|2026_06
yuninillustra1,artist,2025
yunk8553,artist,2025
yunnaiyingzi671,artist,2025|2026|2026_06
yunoki_(i_o_u),artist,2025|2026|2026_06
yunomi_(22_00ynm),artist,2025
yunomi_niki,artist,2025|2026
yunosu,artist,2025
yunxingyushi,artist,2025
yupi_(ultraman_arc),character,2025
yuppenta,artist,2025
yuqiandsidao_de_tuzi,artist,2025
yura_(swimsuit_mode)_(kancolle),character,2025
yureru_bus_guide,copyright,2025|2026|2026_06
yurgen,character,2025|2026|2026_06
yuri_(call_of_duty),character,2025
yuri_shall_conquer_the_earth,general,2025|2026|2026_06
yuri_takahashi,artist,2025
yuri_usa,artist,2025
yuria_(fortress_girl),character,2025|2026|2026_06
yuricross00,artist,2025|2026|2026_06
yurie_(sky-freedom),character,2025|2026|2026_06
yurifina_sol_ereanord,character,2025|2026|2026_06
yurifina_sol_ereanoruto,character,2025|2026|2026_06
yurika_tomosaki,character,2025
yuriko1985,artist,2025|2026|2026_06
yurikure4,artist,2026|2026_06
yurisaki_(maimai),character,2025
yuru_yuri,copyright,2025
yuru_yuri's_starting,general,2025
yuru_yuri_nachuyachumi!,copyright,2025
yurufuwa_koode_(module),general,2025
yurustars,general,2025|2026|2026_06
yurutw,artist,2025
yusa_azusa,artist,2025|2026|2026_06
yusa_t,artist,2025|2026
yusaneko7067,artist,2025|2026|2026_06
yushan98,artist,2025|2026|2026_06
yusorane,artist,2025
yusuhara_hotaru,character,2025
yusuke_nakahara,artist,2025
yusuodoufu,artist,2025|2026|2026_06
yuta_(artist),artist,2025
yuta_kbut,artist,2025|2026|2026_06
yutakanohanasi,artist,2025|2026|2026_06
yutane_johiel,character,2025|2026|2026_06
yutane_johiel_(cosplay),general,2025|2026|2026_06
yutayara,artist,2025|2026|2026_06
yuteka_(yute_nut),artist,2025
yutenowa,artist,2025
yutsuki_kurage,artist,2025
yuu1713,artist,2025|2026|2026_06
yuu_(nicovideo),artist,2025
yuu_(pixiv),artist,2025
yuu_sachii,character,2025|2026|2026_06
yuubari_kai_ni_(swimsuit_mode)_(kancolle),character,2025
yuubi_yuutsu,artist,2025
yuudachi_(halloween_mode)_(kancolle),character,2025
yuudachi_(round_one)_(kancolle),character,2025|2026|2026_06
yuudokou_shounen,artist,2025
yuue,artist,2025
yuugen_jikkou,artist,2025
yuugumo_(christmas_mode)_(kancolle),character,2025
yuugumo_kai_ni_(christmas_mode)_(kancolle),character,2025
yuuhi_(at-speakeasy),artist,2025
yuuji_midori,artist,2025|2026|2026_06
yuujirou_kai,character,2025
yuuki_(hikaru_ga_shinda_natsu),character,2025
yuuki_(moon_child),artist,2025
yuuki_chihiro_(12th_costume),character,2025|2026|2026_06
yuuki_fumi_(organic_flavor),artist,2025|2026|2026_06
yuuki_nae,character,2025|2026|2026_06
yuuki_ssr,artist,2025|2026|2026_06
yuuki_tsumugi_(fujimi),artist,2025
yuukke_(pixiv),artist,2025
yuuko_(soul_catche(s)),character,2025|2026|2026_06
yuuko_tadeno,character,2025|2026|2026_06
yuumi_(league_of_legends),character,2025|2026|2026_06
yuumi_(league_of_legends)_(cosplay),general,2025|2026|2026_06
yuuna,artist,2025
yuunaria_arumandain,character,2025|2026|2026_06
yuupenman,artist,2025|2026|2026_06
yuupome_(you_at_pome),artist,2025
yuuri_(danzai_no_judith),character,2025|2026|2026_06
yuuri_(majipuri),character,2025|2026|2026_06
yuusha,artist,2025|2026|2026_06
yuutera_miko,artist,2025
yuuzuki_sakura,artist,2025
yuwaku_scramble,copyright,2025
yuwayuwano0909,artist,2025
yuxiao,artist,2025
yuya_nagai,artist,2025
yuyamifall,artist,2025
yuyin_(uzrv7533),artist,2025
yuyu_(yuuyudayo1211),artist,2025
yuyu_tika,artist,2025
yuyu_uu27,artist,2025
yuyuyu_maru000,artist,2025|2026|2026_06
yuz_(beatmania_iidx),character,2025
yuzi_0116,artist,2025
yuzu-soft,copyright,2025
yuzu_(crunchobar),character,2025
yuzu_(pilot_suit)_(blue_archive),character,2026|2026_06
yuzu_koshou,artist,2025
yuzu_ousawa,character,2025|2026|2026_06
yuzu_ponzu_(vgah7445),artist,2025|2026|2026_06
yuzuchi85,artist,2025
yuzuki_choco_(8th_costume),character,2025
yuzuki_righteous_demon,character,2025|2026|2026_06
yuzukimeo,artist,2025|2026|2026_06
yuzumitu_satou,artist,2026|2026_06
yuzupon_(applemilk),artist,2025
yuzuriha_35,artist,2026|2026_06
yuzuru_kise,character,2025
yuzyuz_x,artist,2025|2026|2026_06
yvonne_abuda,artist,2025
yvrjcgmyev81,artist,2026|2026_06
yxf68586108,artist,2025|2026|2026_06
yxqi32574,artist,2025|2026|2026_06
yxxz3874,artist,2025|2026|2026_06
yy06370,artist,2025
yylp_(pingnpingn),artist,2025
yyy_a_mmy,artist,2025|2026|2026_06
yyy_uuu_1239,artist,2026|2026_06
yyyrrr666,artist,2025|2026|2026_06
z-duke,artist,2025
z-epto_(chat-noir86),artist,2025|2026|2026_06
z12341231556,artist,2025|2026|2026_06
z15781,artist,2025|2026|2026_06
z1_leberecht_maass_(oktoberfest_mode)_(kancolle),character,2025
z1_leberecht_maass_(swimsuit_mode)_(kancolle),character,2025
z29555379,artist,2025
z3_max_schultz_(swimsuit_mode)_(kancolle),character,2025
z3u9rvzqwhxmb8g,artist,2025
z4tta,artist,2025
z531525600,artist,2025|2026|2026_06
z6i3dtjkrlasbgo,artist,2025
za.pepuchido,artist,2025
zabanyan00,artist,2025
zac_(league_of_legends),character,2025|2026|2026_06
zachary_taylor_(remake),character,2025
zacharybla,artist,2025|2026|2026_06
zacharymadere,artist,2025
zack_(krg),character,2025|2026|2026_06
zafiinui,artist,2025
zafiiron,artist,2025
zahra_(cuplaz),character,2025|2026|2026_06
zai_yuanben_jiuhencai_de_huaji_shang_xue_shang_jia_shuang,artist,2025|2026|2026_06
zaia_slashdriver,general,2025
zaikudo,artist,2025
zailin,artist,2025
zairejihouwomenzaihui,artist,2026|2026_06
zajii,artist,2025
zaki_(2872849),artist,2025
zakka_(user_id=1488765483927367680),artist,2025
zakkaaiaakzakz1,artist,2025
zako_(meme),general,2025
zaku,character,2025|2026|2026_06
zaku_day,general,2025
zakumi,character,2025|2026|2026_06
zakura_ryo,artist,2025|2026|2026_06
zakuro_minaraihei,artist,2025
zakuro_ry,artist,2025|2026|2026_06
zaloran_(artist),artist,2025
zaloyr,artist,2025|2026|2026_06
zame-00,artist,2025
zandoku_beni,artist,2025|2026|2026_06
zane_(fnyx7843),artist,2025
zang88,artist,2025
zang_li,artist,2025|2026|2026_06
zangzang_shi_yi_zhi_jianlian_zanghu,artist,2025|2026|2026_06
zanka_nijik_(gachiakuta),character,2025
zanne_nakami,artist,2025|2026|2026_06
zao_fox_village,general,2025
zaojing,artist,2026|2026_06
zapklink,artist,2025|2026|2026_06
zar6vnffxk22155,artist,2025
zarame310ak,artist,2025
zarame_0023,artist,2025|2026|2026_06
zaresutii,artist,2025|2026|2026_06
zasasaba,artist,2025
zastin_deviluke,character,2025
zataku_isu,artist,2025
zathanbag,artist,2025
zatma0041,artist,2025|2026|2026_06
zatmenieart,artist,2025|2026
zatsudan_pashiko,artist,2025|2026|2026_06
zatsutabi_-that's_journey-,copyright,2025
zattasyanko,artist,2025|2026|2026_06
zayto_(power_rangers),character,2025
zaza_(zazam_s),artist,2025
zazatt_(tanpopo77chi),artist,2025|2026|2026_06
zbouya,artist,2025
zbroyar_z-15,general,2025
zbuta_turatan,artist,2025
zcgt4538,artist,2025
zdvs8844,artist,2025
zealot_of_lust,character,2025
zed_(league_of_legends),character,2025|2026|2026_06
zee_(zee_sub),artist,2025
zeec,artist,2025
zefar_22,artist,2026|2026_06
zegion_(tensei_shitara_slime_datta_ken),character,2025
zeiram0034,artist,2025
zekken~ya,artist,2025
zekkyuu_ice,artist,2025
zelak,artist,2025
zelef,artist,2025
zelink,artist,2025
zellee11,artist,2025|2026|2026_06
zen'ou_(dragon_ball),character,2025
zen_(artist),artist,2025
zen_oekaki_aka,artist,2025
zenishi_neiwan,character,2025|2026|2026_06
zenkouzadrifter,artist,2026
zenless_zone_zero_sticker_redraw_(meme),general,2025|2026|2026_06
zenno_rob_roy_(magically_gifted_hero)_(umamusume),character,2025|2026|2026_06
zeno,artist,2025
zeno_bell,character,2025
zenox_(dusk-sunrise),artist,2025
zenra_de_nude_model_o_saserareta_tsuma,copyright,2025
zenra_toukou_shuukan,copyright,2025
zentreya_(cowboy_bikini),character,2025|2026|2026_06
zentreya_(cyborg)_(4th_costume),character,2025
zentreya_(mmo_zen),character,2025|2026|2026_06
zenzai_(power_pro),character,2025|2026
zenzai_(user_pevv2824),artist,2025|2026|2026_06
zeon132,artist,2025
zerachin8,artist,2025
zeri_(league_of_legends),character,2025|2026|2026_06
zerida_(sword_of_light_and_shadow),general,2025|2026|2026_06
zero-three_driver,general,2025
zero-two0202,artist,2025|2026|2026_06
zero130,artist,2025
zero_(koudelka),artist,2025
zero_escape:_toki_no_jirenma,copyright,2025
zero_failure_child-k,artist,2026|2026_06
zero_kara_hajimaru_kono_subarashii_dungeon_ni_deai_o_motomeru_senki,copyright,2025|2026|2026_06
zero_one_rider_watch,general,2025
zero_skill_no_ryoriban,copyright,2025
zero_two_driver,general,2025
zerocaser,artist,2025|2026|2026_06
zeroko,artist,2025|2026|2026_06
zerono_maika,character,2025|2026|2026_06
zerosugar7979,artist,2026|2026_06
zerudez,artist,2025
zeta_(kage_no_jitsuryokusha_ni_naritakute!),character,2025|2026|2026_06
zeta_(vtuber)_(1st_costume),character,2025|2026|2026_06
zeta_(vtuber)_(abyss_dragon),character,2025|2026|2026_06
zeta_(vtuber)_(darkwater),character,2025|2026|2026_06
zeta_(vtuber)_(magical_golem),character,2025|2026|2026_06
zeta_(vtuber)_(sea_dragon),character,2025|2026|2026_06
zeta_(vtuber)_(sea_dragon_knight),character,2025|2026|2026_06
zetavisualworks,artist,2025|2026
zettai_mugai,artist,2025|2026|2026_06
zettai_reido_(rpg),copyright,2025|2026|2026_06
zeus_(crosscore),character,2026|2026_06
zeyal,artist,2025|2026|2026_06
zeyeqianli03,artist,2026|2026_06
zf,artist,2025
zghwbyl,artist,2025
zhajing_yanjiusuo,artist,2025
zhang_he,character,2025
zhang_hong,character,2025
zhang_jiao,character,2025
zhang_jue_(shin_sangoku_musou),character,2026|2026_06
zhang_liang,character,2025|2026|2026_06
zhang_liao_(sangoku_musou),character,2025
zhangte50783499,artist,2025
zhao_jiu,artist,2026|2026_06
zhaoentw,artist,2026|2026_06
zhaofeng_yinyue,artist,2025
zhaonansinger,artist,2025|2026|2026_06
zhe,artist,2025
zhe_shi_ni_wen_wo_mei_yong_ni_de_wen_ta,artist,2025
zhen_ji,character,2025|2026|2026_06
zhen_ji_(shin_sangoku_musou),character,2025|2026|2026_06
zheng,artist,2025
zheng_kai_xin,artist,2025
zheng_zheng,artist,2025
zhengti007,artist,2025
zhentou_zzzer,artist,2025
zhi_(arknights),character,2025
zhi_jiu,artist,2025
zhi_yi_danshi_yaofan_(genius680),artist,2025|2026|2026_06
zhishijuanmaoyang,artist,2025
zhitian_liang,artist,2025|2026|2026_06
zhiyu_yoyo,artist,2025
zhizhu_malu,artist,2025
zhkpiton,artist,2025
zhong_hui,character,2025
zhong_li_(shining_nikki),character,2026|2026_06
zhong_lizi,character,2026
zhou,character,2025
zhou_(rpo),character,2025
zhou_tai,character,2025
zhou_yu_(cosplay),general,2025
zhou_zhou_de_qimiao_maoxian,artist,2025
zhouchenxi88791,artist,2025|2026|2026_06
zhoujo51,artist,2025
zhoushige,artist,2025|2026|2026_06
zhthktk,artist,2025|2026|2026_06
zhu_gong_(syumiya24),artist,2025
zhu_mo_fan_yi,artist,2025
zhu_ran,character,2025|2026|2026_06
zhu_rong,character,2025|2026|2026_06
zhu_rong_(shin_sangoku_musou),character,2026|2026_06
zhu_xiang,artist,2025
zhu_yingtai,character,2025
zhu_yuxian,character,2025|2026
zhu_zhi,character,2025
zhuansheng_chengwei_xiaoniao,artist,2026|2026_06
zhufun,artist,2025
zhuge_dan,character,2025
zhuge_liang_(king_of_glory),character,2025|2026|2026_06
zhujiantuihuadepaijiujiujiu,artist,2025
zhun_dou_ikaruga,artist,2025
zhuxingz,artist,2025|2026|2026_06
zhuyi66485,artist,2025
zhuzai_anshe_dechun,artist,2025
zhykyon,artist,2025
zi-o_rider_watch,general,2025
zi_zai_jiu_hu_2_0,artist,2025
zi_zi_chuan_chuan,artist,2025
zia_shang,artist,2025|2026|2026_06
zibal,artist,2025|2026|2026_06
zidu_(9478296),artist,2025|2026|2026_06
ziggs,character,2025|2026|2026_06
ziggs_(cosplay),general,2025|2026
ziggy,character,2025|2026|2026_06
ziin,character,2025
ziklonb,artist,2025
ziku_driver,general,2025
zilean,character,2025|2026|2026_06
zilofthonia_gorgon,character,2026|2026_06
zima_chen_1341,artist,2025
zima_g000fy,artist,2025
zin_arima,artist,2025
zinnikitty,artist,2025|2026
zinut,artist,2025
zippo,artist,2025
ziraikaitosann,artist,2025
zircon_(personification),character,2025
zixo,artist,2025
zixuan_(hoyolab),artist,2025|2026|2026_06
ziyizhengjun,artist,2025
ziyuechen,artist,2025
zizi_qi_0v0,artist,2025
zjl_baiqishi,artist,2025
zjxqx3k,artist,2025
zkapuscinska,artist,2025|2026
zki2525,artist,2025
zkwnxh,artist,2025|2026|2026_06
zlao,artist,2025|2026|2026_06
zmil09,artist,2025
zmy-ssh,artist,2025
zn242878163,artist,2025|2026|2026_06
zo-3,general,2025
zobad12,artist,2025
zocchihedron,general,2025
zoe_(league_of_legends),character,2025|2026|2026_06
zoe_(ms_pigtails),character,2025|2026|2026_06
zoernart,artist,2025
zofia_(benghuai_xueyuan),character,2025|2026|2026_06
zoi_hara,artist,2025
zol_taisa,character,2025
zolapunch,artist,2025|2026|2026_06
zollyinky,character,2026|2026_06
zombie_(plants_vs_zombies),character,2025
zombie_action_gamer_level_x-0,general,2025|2026|2026_06
zone_of_the_enders,copyright,2025|2026|2026_06
zone_of_the_enders_2,copyright,2025|2026|2026_06
zonfgs,artist,2025
zoom_chat,general,2025
zoophobia_(copyrights),copyright,2025
zotac,general,2025
zou_(onegai_my_melody),character,2025|2026|2026_06
zoueru,artist,2025
zox_goldtsuiker,character,2025
zpu-2,general,2025|2026|2026_06
zranin,artist,2025
zs,artist,2025|2026|2026_06
zshoustar,artist,2025|2026|2026_06
zu-mebio-da,character,2025
zuihou_(halloween_mode)_(kancolle),character,2025
zuihou_(haregi_mode)_(kancolle),character,2025
zuihou_kai_ni_(haregi_mode)_(kancolle),character,2025
zuikaku_(christmas_mode)_(kancolle),character,2025
zuikaku_(haregi_mode)_(kancolle),character,2025
zuizhong_kongju,artist,2025|2026|2026_06
zukyuun_bazooka,general,2026|2026_06
zuncha_(mun_suru),artist,2025
zuo_ci,character,2025
zutto_(dfvn7377),artist,2025
zuttomzen,artist,2025
zuzu_919,artist,2026|2026_06
zuzu_vtuber,artist,2025|2026
zv33,artist,2025
zvyozdochka_(marfusha),character,2025
zw02,artist,2025
zwei_association_(identity)_(project_moon),general,2025
zwei_association_west_(identity)_(project_moon),general,2025
zxanzai,artist,2025
zxcs011,artist,2026|2026_06
zxcwnkxendsbsw,artist,2025|2026|2026_06
zyalingguang,artist,2025
zynn8321,artist,2025
zynthia,artist,2025|2026|2026_06
zyra,character,2025|2026|2026_06
zyra_(cosplay),general,2025|2026|2026_06
zyralynn,artist,2025
zyrex,artist,2025
zzz_typeii,artist,2025
zzzbanban,artist,2025
zzztn_03,artist,2025
zzzz,artist,2025
zzzzzzzzzzz10,artist,2025|2026|2026_06
